patient_id,vital_status
24001,Alive
24002,Dead
24003,Alive
24004,Dead
24005,Alive
24006,Dead
24007,Alive
24008,Dead
24009,Alive
24010,Dead
24011,Alive
24012,Dead
24013,Alive
24014,Dead
24015,Alive
24016,Dead
24017,Alive
24018,Dead
24019,Alive
24020,Dead
24021,Alive
24022,Dead
24023,Alive
24024,Dead
24025,Alive
24026,Dead
24027,Alive
24028,Dead
24029,Alive
24030,Dead
24031,Alive
24032,Dead
24033,Alive
24034,Dead
24035,Alive
24036,Dead
24037,Alive
24038,Dead
24039,Alive
24040,Dead
24041,Alive
24042,Dead
24043,Alive
24044,Dead
24045,Alive
24046,Dead
24047,Alive
24048,Dead
24049,Alive
24050,Dead
24051,Alive
24052,Dead
24053,Alive
24054,Dead
24055,Alive
24056,Dead
24057,Alive
24058,Dead
24059,Alive
24060,Dead
24061,Alive
24062,Dead
24063,Alive
24064,Dead
24065,Alive
24066,Dead
24067,Alive
24068,Dead
24069,Alive
24070,Dead
24071,Alive
24072,Dead
24073,Alive
24074,Dead
24075,Alive
24076,Dead
24077,Alive
24078,Dead
24079,Alive
24080,Dead
24081,Alive
24082,Dead
24083,Alive
24084,Dead
24085,Alive
24086,Dead
24087,Alive
24088,Dead
24089,Alive
24090,Dead
24091,Alive
24092,Dead
24093,Alive
24094,Dead
24095,Alive
24096,Dead
24097,Alive
24098,Dead
24099,Alive
24100,Dead
24101,Alive
24102,Dead
24103,Alive
24104,Dead
24105,Alive
24106,Dead
24107,Alive
24108,Dead
24109,Alive
24110,Dead
24111,Alive
24112,Dead
24113,Alive
24114,Dead
24115,Alive
24116,Dead
24117,Alive
24118,Dead
24119,Alive
24120,Dead
24121,Alive
24122,Dead
24123,Alive
24124,Dead
24125,Alive
24126,Dead
24127,Alive
24128,Dead
24129,Alive
24130,Dead
24131,Alive
24132,Dead
24133,Alive
24134,Dead
24135,Alive
24136,Dead
24137,Alive
24138,Dead
24139,Alive
24140,Dead
24141,Alive
24142,Dead
24143,Alive
24144,Dead
24145,Alive
24146,Dead
24147,Alive
24148,Dead
24149,Alive
24150,Dead
24151,Alive
24152,Dead
24153,Alive
24154,Dead
24155,Alive
24156,Dead
24157,Alive
24158,Dead
24159,Alive
24160,Dead
24161,Alive
24162,Dead
24163,Alive
24164,Dead
24165,Alive
24166,Dead
24167,Alive
24168,Dead
24169,Alive
24170,Dead
24171,Alive
24172,Dead
24173,Alive
24174,Dead
24175,Alive
24176,Dead
24177,Alive
24178,Dead
24179,Alive
24180,Dead
24181,Alive
24182,Dead
24183,Alive
24184,Dead
24185,Alive
24186,Dead
24187,Alive
24188,Dead
24189,Alive
24190,Dead
24191,Alive
24192,Dead
24193,Alive
24194,Dead
24195,Alive
24196,Dead
24197,Alive
24198,Dead
24199,Alive
24200,Dead
24201,Alive
24202,Dead
24203,Alive
24204,Dead
24205,Alive
24206,Dead
24207,Alive
24208,Dead
24209,Alive
24210,Dead
24211,Alive
24212,Dead
24213,Alive
24214,Dead
24215,Alive
24216,Dead
24217,Alive
24218,Dead
24219,Alive
24220,Dead
24221,Alive
24222,Dead
24223,Alive
24224,Dead
24225,Alive
24226,Dead
24227,Alive
24228,Dead
24229,Alive
24230,Dead
24231,Alive
24232,Dead
24233,Alive
24234,Dead
24235,Alive
24236,Dead
24237,Alive
24238,Dead
24239,Alive
24240,Dead
24241,Alive
24242,Dead
24243,Alive
24244,Dead
24245,Alive
24246,Dead
24247,Alive
24248,Dead
24249,Alive
24250,Dead
24251,Alive
24252,Dead
24253,Alive
24254,Dead
24255,Alive
24256,Dead
24257,Alive
24258,Dead
24259,Alive
24260,Dead
24261,Alive
24262,Dead
24263,Alive
24264,Dead
24265,Alive
24266,Dead
24267,Alive
24268,Dead
24269,Alive
24270,Dead
24271,Alive
24272,Dead
24273,Alive
24274,Dead
24275,Alive
24276,Dead
24277,Alive
24278,Dead
24279,Alive
24280,Dead
24281,Alive
24282,Dead
24283,Alive
24284,Dead
24285,Alive
24286,Dead
24287,Alive
24288,Dead
24289,Alive
24290,Dead
24291,Alive
24292,Dead
24293,Alive
24294,Dead
24295,Alive
24296,Dead
24297,Alive
24298,Dead
24299,Alive
24300,Dead
24301,Alive
24302,Dead
24303,Alive
24304,Dead
24305,Alive
24306,Dead
24307,Alive
24308,Dead
24309,Alive
24310,Dead
24311,Alive
24312,Dead
24313,Alive
24314,Dead
24315,Alive
24316,Dead
24317,Alive
24318,Dead
24319,Alive
24320,Dead
24321,Alive
24322,Dead
24323,Alive
24324,Dead
24325,Alive
24326,Dead
24327,Alive
24328,Dead
24329,Alive
24330,Dead
24331,Alive
24332,Dead
24333,Alive
24334,Dead
24335,Alive
24336,Dead
24337,Alive
24338,Dead
24339,Alive
24340,Dead
24341,Alive
24342,Dead
24343,Alive
24344,Dead
24345,Alive
24346,Dead
24347,Alive
24348,Dead
24349,Alive
24350,Dead
24351,Alive
24352,Dead
24353,Alive
24354,Dead
24355,Alive
24356,Dead
24357,Alive
24358,Dead
24359,Alive
24360,Dead
24361,Alive
24362,Dead
24363,Alive
24364,Dead
24365,Alive
24366,Dead
24367,Alive
24368,Dead
24369,Alive
24370,Dead
24371,Alive
24372,Dead
24373,Alive
24374,Dead
24375,Alive
24376,Dead
24377,Alive
24378,Dead
24379,Alive
24380,Dead
24381,Alive
24382,Dead
24383,Alive
24384,Dead
24385,Alive
24386,Dead
24387,Alive
24388,Dead
24389,Alive
24390,Dead
24391,Alive
24392,Dead
24393,Alive
24394,Dead
24395,Alive
24396,Dead
24397,Alive
24398,Dead
24399,Alive
24400,Dead
24401,Alive
24402,Dead
24403,Alive
24404,Dead
24405,Alive
24406,Dead
24407,Alive
24408,Dead
24409,Alive
24410,Dead
24411,Alive
24412,Dead
24413,Alive
24414,Dead
24415,Alive
24416,Dead
24417,Alive
24418,Dead
24419,Alive
24420,Dead
24421,Alive
24422,Dead
24423,Alive
24424,Dead
24425,Alive
24426,Dead
24427,Alive
24428,Dead
24429,Alive
24430,Dead
24431,Alive
24432,Dead
24433,Alive
24434,Dead
24435,Alive
24436,Dead
24437,Alive
24438,Dead
24439,Alive
24440,Dead
24441,Alive
24442,Dead
24443,Alive
24444,Dead
24445,Alive
24446,Dead
24447,Alive
24448,Dead
24449,Alive
24450,Dead
24451,Alive
24452,Dead
24453,Alive
24454,Dead
24455,Alive
24456,Dead
24457,Alive
24458,Dead
24459,Alive
24460,Dead
24461,Alive
24462,Dead
24463,Alive
24464,Dead
24465,Alive
24466,Dead
24467,Alive
24468,Dead
24469,Alive
24470,Dead
24471,Alive
24472,Dead
24473,Alive
24474,Dead
24475,Alive
24476,Dead
24477,Alive
24478,Dead
24479,Alive
24480,Dead
24481,Alive
24482,Dead
24483,Alive
24484,Dead
24485,Alive
24486,Dead
24487,Alive
24488,Dead
24489,Alive
24490,Dead
24491,Alive
24492,Dead
24493,Alive
24494,Dead
24495,Alive
24496,Dead
24497,Alive
24498,Dead
24499,Alive
24500,Dead
24501,Alive
24502,Dead
24503,Alive
24504,Dead
24505,Alive
24506,Dead
24507,Alive
24508,Dead
24509,Alive
24510,Dead
24511,Alive
24512,Dead
24513,Alive
24514,Dead
24515,Alive
24516,Dead
24517,Alive
24518,Dead
24519,Alive
24520,Dead
24521,Alive
24522,Dead
24523,Alive
24524,Dead
24525,Alive
24526,Dead
24527,Alive
24528,Dead
24529,Alive
24530,Dead
24531,Alive
24532,Dead
24533,Alive
24534,Dead
24535,Alive
24536,Dead
24537,Alive
24538,Dead
24539,Alive
24540,Dead
24541,Alive
24542,Dead
24543,Alive
24544,Dead
24545,Alive
24546,Dead
24547,Alive
24548,Dead
24549,Alive
24550,Dead
24551,Alive
24552,Dead
24553,Alive
24554,Dead
24555,Alive
24556,Dead
24557,Alive
24558,Dead
24559,Alive
24560,Dead
24561,Alive
24562,Dead
24563,Alive
24564,Dead
24565,Alive
24566,Dead
24567,Alive
24568,Dead
24569,Alive
24570,Dead
24571,Alive
24572,Dead
24573,Alive
24574,Dead
24575,Alive
24576,Dead
24577,Alive
24578,Dead
24579,Alive
24580,Dead
24581,Alive
24582,Dead
24583,Alive
24584,Dead
24585,Alive
24586,Dead
24587,Alive
24588,Dead
24589,Alive
24590,Dead
24591,Alive
24592,Dead
24593,Alive
24594,Dead
24595,Alive
24596,Dead
24597,Alive
24598,Dead
24599,Alive
24600,Dead
24601,Alive
24602,Dead
24603,Alive
24604,Dead
24605,Alive
24606,Dead
24607,Alive
24608,Dead
24609,Alive
24610,Dead
24611,Alive
24612,Dead
24613,Alive
24614,Dead
24615,Alive
24616,Dead
24617,Alive
24618,Dead
24619,Alive
24620,Dead
24621,Alive
24622,Dead
24623,Alive
24624,Dead
24625,Alive
24626,Dead
24627,Alive
24628,Dead
24629,Alive
24630,Dead
24631,Alive
24632,Dead
24633,Alive
24634,Dead
24635,Alive
24636,Dead
24637,Alive
24638,Dead
24639,Alive
24640,Dead
24641,Alive
24642,Dead
24643,Alive
24644,Dead
24645,Alive
24646,Dead
24647,Alive
24648,Dead
24649,Alive
24650,Dead
24651,Alive
24652,Dead
24653,Alive
24654,Dead
24655,Alive
24656,Dead
24657,Alive
24658,Dead
24659,Alive
24660,Dead
24661,Alive
24662,Dead
24663,Alive
24664,Dead
24665,Alive
24666,Dead
24667,Alive
24668,Dead
24669,Alive
24670,Dead
24671,Alive
24672,Dead
24673,Alive
24674,Dead
24675,Alive
24676,Dead
24677,Alive
24678,Dead
24679,Alive
24680,Dead
24681,Alive
24682,Dead
24683,Alive
24684,Dead
24685,Alive
24686,Dead
24687,Alive
24688,Dead
24689,Alive
24690,Dead
24691,Alive
24692,Dead
24693,Alive
24694,Dead
24695,Alive
24696,Dead
24697,Alive
24698,Dead
24699,Alive
24700,Dead
24701,Alive
24702,Dead
24703,Alive
24704,Dead
24705,Alive
24706,Dead
24707,Alive
24708,Dead
24709,Alive
24710,Dead
24711,Alive
24712,Dead
24713,Alive
24714,Dead
24715,Alive
24716,Dead
24717,Alive
24718,Dead
24719,Alive
24720,Dead
24721,Alive
24722,Dead
24723,Alive
24724,Dead
24725,Alive
24726,Dead
24727,Alive
24728,Dead
24729,Alive
24730,Dead
24731,Alive
24732,Dead
24733,Alive
24734,Dead
24735,Alive
24736,Dead
24737,Alive
24738,Dead
24739,Alive
24740,Dead
24741,Alive
24742,Dead
24743,Alive
24744,Dead
24745,Alive
24746,Dead
24747,Alive
24748,Dead
24749,Alive
24750,Dead
24751,Alive
24752,Dead
24753,Alive
24754,Dead
24755,Alive
24756,Dead
24757,Alive
24758,Dead
24759,Alive
24760,Dead
24761,Alive
24762,Dead
24763,Alive
24764,Dead
24765,Alive
24766,Dead
24767,Alive
24768,Dead
24769,Alive
24770,Dead
24771,Alive
24772,Dead
24773,Alive
24774,Dead
24775,Alive
24776,Dead
24777,Alive
24778,Dead
24779,Alive
24780,Dead
24781,Alive
24782,Dead
24783,Alive
24784,Dead
24785,Alive
24786,Dead
24787,Alive
24788,Dead
24789,Alive
24790,Dead
24791,Alive
24792,Dead
24793,Alive
24794,Dead
24795,Alive
24796,Dead
24797,Alive
24798,Dead
24799,Alive
24800,Dead
24801,Alive
24802,Dead
24803,Alive
24804,Dead
24805,Alive
24806,Dead
24807,Alive
24808,Dead
24809,Alive
24810,Dead
24811,Alive
24812,Dead
24813,Alive
24814,Dead
24815,Alive
24816,Dead
24817,Alive
24818,Dead
24819,Alive
24820,Dead
24821,Alive
24822,Dead
24823,Alive
24824,Dead
24825,Alive
24826,Dead
24827,Alive
24828,Dead
24829,Alive
24830,Dead
24831,Alive
24832,Dead
24833,Alive
24834,Dead
24835,Alive
24836,Dead
24837,Alive
24838,Dead
24839,Alive
24840,Dead
24841,Alive
24842,Dead
24843,Alive
24844,Dead
24845,Alive
24846,Dead
24847,Alive
24848,Dead
24849,Alive
24850,Dead
24851,Alive
24852,Dead
24853,Alive
24854,Dead
24855,Alive
24856,Dead
24857,Alive
24858,Dead
24859,Alive
24860,Dead
24861,Alive
24862,Dead
24863,Alive
24864,Dead
24865,Alive
24866,Dead
24867,Alive
24868,Dead
24869,Alive
24870,Dead
24871,Alive
24872,Dead
24873,Alive
24874,Dead
24875,Alive
24876,Dead
24877,Alive
24878,Dead
24879,Alive
24880,Dead
24881,Alive
24882,Dead
24883,Alive
24884,Dead
24885,Alive
24886,Dead
24887,Alive
24888,Dead
24889,Alive
24890,Dead
24891,Alive
24892,Dead
24893,Alive
24894,Dead
24895,Alive
24896,Dead
24897,Alive
24898,Dead
24899,Alive
24900,Dead
24901,Alive
24902,Dead
24903,Alive
24904,Dead
24905,Alive
24906,Dead
24907,Alive
24908,Dead
24909,Alive
24910,Dead
24911,Alive
24912,Dead
24913,Alive
24914,Dead
24915,Alive
24916,Dead
24917,Alive
24918,Dead
24919,Alive
24920,Dead
24921,Alive
24922,Dead
24923,Alive
24924,Dead
24925,Alive
24926,Dead
24927,Alive
24928,Dead
24929,Alive
24930,Dead
24931,Alive
24932,Dead
24933,Alive
24934,Dead
24935,Alive
24936,Dead
24937,Alive
24938,Dead
24939,Alive
24940,Dead
24941,Alive
24942,Dead
24943,Alive
24944,Dead
24945,Alive
24946,Dead
24947,Alive
24948,Dead
24949,Alive
24950,Dead
24951,Alive
24952,Dead
24953,Alive
24954,Dead
24955,Alive
24956,Dead
24957,Alive
24958,Dead
24959,Alive
24960,Dead
24961,Alive
24962,Dead
24963,Alive
24964,Dead
24965,Alive
24966,Dead
24967,Alive
24968,Dead
24969,Alive
24970,Dead
24971,Alive
24972,Dead
24973,Alive
24974,Dead
24975,Alive
24976,Dead
24977,Alive
24978,Dead
24979,Alive
24980,Dead
24981,Alive
24982,Dead
24983,Alive
24984,Dead
24985,Alive
24986,Dead
24987,Alive
24988,Dead
24989,Alive
24990,Dead
24991,Alive
24992,Dead
24993,Alive
24994,Dead
24995,Alive
24996,Dead
24997,Alive
24998,Dead
24999,Alive
25000,Dead
25001,Alive
25002,Dead
25003,Alive
25004,Dead
25005,Alive
25006,Dead
25007,Alive
25008,Dead
25009,Alive
25010,Dead
25011,Alive
25012,Dead
25013,Alive
25014,Dead
25015,Alive
25016,Dead
25017,Alive
25018,Dead
25019,Alive
25020,Dead
25021,Alive
25022,Dead
25023,Alive
25024,Dead
25025,Alive
25026,Dead
25027,Alive
25028,Dead
25029,Alive
25030,Dead
25031,Alive
25032,Dead
25033,Alive
25034,Dead
25035,Alive
25036,Dead
25037,Alive
25038,Dead
25039,Alive
25040,Dead
25041,Alive
25042,Dead
25043,Alive
25044,Dead
25045,Alive
25046,Dead
25047,Alive
25048,Dead
25049,Alive
25050,Dead
25051,Alive
25052,Dead
25053,Alive
25054,Dead
25055,Alive
25056,Dead
25057,Alive
25058,Dead
25059,Alive
25060,Dead
25061,Alive
25062,Dead
25063,Alive
25064,Dead
25065,Alive
25066,Dead
25067,Alive
25068,Dead
25069,Alive
25070,Dead
25071,Alive
25072,Dead
25073,Alive
25074,Dead
25075,Alive
25076,Dead
25077,Alive
25078,Dead
25079,Alive
25080,Dead
25081,Alive
25082,Dead
25083,Alive
25084,Dead
25085,Alive
25086,Dead
25087,Alive
25088,Dead
25089,Alive
25090,Dead
25091,Alive
25092,Dead
25093,Alive
25094,Dead
25095,Alive
25096,Dead
25097,Alive
25098,Dead
25099,Alive
25100,Dead
25101,Alive
25102,Dead
25103,Alive
25104,Dead
25105,Alive
25106,Dead
25107,Alive
25108,Dead
25109,Alive
25110,Dead
25111,Alive
25112,Dead
25113,Alive
25114,Dead
25115,Alive
25116,Dead
25117,Alive
25118,Dead
25119,Alive
25120,Dead
25121,Alive
25122,Dead
25123,Alive
25124,Dead
25125,Alive
25126,Dead
25127,Alive
25128,Dead
25129,Alive
25130,Dead
25131,Alive
25132,Dead
25133,Alive
25134,Dead
25135,Alive
25136,Dead
25137,Alive
25138,Dead
25139,Alive
25140,Dead
25141,Alive
25142,Dead
25143,Alive
25144,Dead
25145,Alive
25146,Dead
25147,Alive
25148,Dead
25149,Alive
25150,Dead
25151,Alive
25152,Dead
25153,Alive
25154,Dead
25155,Alive
25156,Dead
25157,Alive
25158,Dead
25159,Alive
25160,Dead
25161,Alive
25162,Dead
25163,Alive
25164,Dead
25165,Alive
25166,Dead
25167,Alive
25168,Dead
25169,Alive
25170,Dead
25171,Alive
25172,Dead
25173,Alive
25174,Dead
25175,Alive
25176,Dead
25177,Alive
25178,Dead
25179,Alive
25180,Dead
25181,Alive
25182,Dead
25183,Alive
25184,Dead
25185,Alive
25186,Dead
25187,Alive
25188,Dead
25189,Alive
25190,Dead
25191,Alive
25192,Dead
25193,Alive
25194,Dead
25195,Alive
25196,Dead
25197,Alive
25198,Dead
25199,Alive
25200,Dead
25201,Alive
25202,Dead
25203,Alive
25204,Dead
25205,Alive
25206,Dead
25207,Alive
25208,Dead
25209,Alive
25210,Dead
25211,Alive
25212,Dead
25213,Alive
25214,Dead
25215,Alive
25216,Dead
25217,Alive
25218,Dead
25219,Alive
25220,Dead
25221,Alive
25222,Dead
25223,Alive
25224,Dead
25225,Alive
25226,Dead
25227,Alive
25228,Dead
25229,Alive
25230,Dead
25231,Alive
25232,Dead
25233,Alive
25234,Dead
25235,Alive
25236,Dead
25237,Alive
25238,Dead
25239,Alive
25240,Dead
25241,Alive
25242,Dead
25243,Alive
25244,Dead
25245,Alive
25246,Dead
25247,Alive
25248,Dead
25249,Alive
25250,Dead
25251,Alive
25252,Dead
25253,Alive
25254,Dead
25255,Alive
25256,Dead
25257,Alive
25258,Dead
25259,Alive
25260,Dead
25261,Alive
25262,Dead
25263,Alive
25264,Dead
25265,Alive
25266,Dead
25267,Alive
25268,Dead
25269,Alive
25270,Dead
25271,Alive
25272,Dead
25273,Alive
25274,Dead
25275,Alive
25276,Dead
25277,Alive
25278,Dead
25279,Alive
25280,Dead
25281,Alive
25282,Dead
25283,Alive
25284,Dead
25285,Alive
25286,Dead
25287,Alive
25288,Dead
25289,Alive
25290,Dead
25291,Alive
25292,Dead
25293,Alive
25294,Dead
25295,Alive
25296,Dead
25297,Alive
25298,Dead
25299,Alive
25300,Dead
25301,Alive
25302,Dead
25303,Alive
25304,Dead
25305,Alive
25306,Dead
25307,Alive
25308,Dead
25309,Alive
25310,Dead
25311,Alive
25312,Dead
25313,Alive
25314,Dead
25315,Alive
25316,Dead
25317,Alive
25318,Dead
25319,Alive
25320,Dead
25321,Alive
25322,Dead
25323,Alive
25324,Dead
25325,Alive
25326,Dead
25327,Alive
25328,Dead
25329,Alive
25330,Dead
25331,Alive
25332,Dead
25333,Alive
25334,Dead
25335,Alive
25336,Dead
25337,Alive
25338,Dead
25339,Alive
25340,Dead
25341,Alive
25342,Dead
25343,Alive
25344,Dead
25345,Alive
25346,Dead
25347,Alive
25348,Dead
25349,Alive
25350,Dead
25351,Alive
25352,Dead
25353,Alive
25354,Dead
25355,Alive
25356,Dead
25357,Alive
25358,Dead
25359,Alive
25360,Dead
25361,Alive
25362,Dead
25363,Alive
25364,Dead
25365,Alive
25366,Dead
25367,Alive
25368,Dead
25369,Alive
25370,Dead
25371,Alive
25372,Dead
25373,Alive
25374,Dead
25375,Alive
25376,Dead
25377,Alive
25378,Dead
25379,Alive
25380,Dead
25381,Alive
25382,Dead
25383,Alive
25384,Dead
25385,Alive
25386,Dead
25387,Alive
25388,Dead
25389,Alive
25390,Dead
25391,Alive
25392,Dead
25393,Alive
25394,Dead
25395,Alive
25396,Dead
25397,Alive
25398,Dead
25399,Alive
25400,Dead
25401,Alive
25402,Dead
25403,Alive
25404,Dead
25405,Alive
25406,Dead
25407,Alive
25408,Dead
25409,Alive
25410,Dead
25411,Alive
25412,Dead
25413,Alive
25414,Dead
25415,Alive
25416,Dead
25417,Alive
25418,Dead
25419,Alive
25420,Dead
25421,Alive
25422,Dead
25423,Alive
25424,Dead
25425,Alive
25426,Dead
25427,Alive
25428,Dead
25429,Alive
25430,Dead
25431,Alive
25432,Dead
25433,Alive
25434,Dead
25435,Alive
25436,Dead
25437,Alive
25438,Dead
25439,Alive
25440,Dead
25441,Alive
25442,Dead
25443,Alive
25444,Dead
25445,Alive
25446,Dead
25447,Alive
25448,Dead
25449,Alive
25450,Dead
25451,Alive
25452,Dead
25453,Alive
25454,Dead
25455,Alive
25456,Dead
25457,Alive
25458,Dead
25459,Alive
25460,Dead
25461,Alive
25462,Dead
25463,Alive
25464,Dead
25465,Alive
25466,Dead
25467,Alive
25468,Dead
25469,Alive
25470,Dead
25471,Alive
25472,Dead
25473,Alive
25474,Dead
25475,Alive
25476,Dead
25477,Alive
25478,Dead
25479,Alive
25480,Dead
25481,Alive
25482,Dead
25483,Alive
25484,Dead
25485,Alive
25486,Dead
25487,Alive
25488,Dead
25489,Alive
25490,Dead
25491,Alive
25492,Dead
25493,Alive
25494,Dead
25495,Alive
25496,Dead
25497,Alive
25498,Dead
25499,Alive
25500,Dead
25501,Alive
25502,Dead
25503,Alive
25504,Dead
25505,Alive
25506,Dead
25507,Alive
25508,Dead
25509,Alive
25510,Dead
25511,Alive
25512,Dead
25513,Alive
25514,Dead
25515,Alive
25516,Dead
25517,Alive
25518,Dead
25519,Alive
25520,Dead
25521,Alive
25522,Dead
25523,Alive
25524,Dead
25525,Alive
25526,Dead
25527,Alive
25528,Dead
25529,Alive
25530,Dead
25531,Alive
25532,Dead
25533,Alive
25534,Dead
25535,Alive
25536,Dead
25537,Alive
25538,Dead
25539,Alive
25540,Dead
25541,Alive
25542,Dead
25543,Alive
25544,Dead
25545,Alive
25546,Dead
25547,Alive
25548,Dead
25549,Alive
25550,Dead
25551,Alive
25552,Dead
25553,Alive
25554,Dead
25555,Alive
25556,Dead
25557,Alive
25558,Dead
25559,Alive
25560,Dead
25561,Alive
25562,Dead
25563,Alive
25564,Dead
25565,Alive
25566,Dead
25567,Alive
25568,Dead
25569,Alive
25570,Dead
25571,Alive
25572,Dead
25573,Alive
25574,Dead
25575,Alive
25576,Dead
25577,Alive
25578,Dead
25579,Alive
25580,Dead
25581,Alive
25582,Dead
25583,Alive
25584,Dead
25585,Alive
25586,Dead
25587,Alive
25588,Dead
25589,Alive
25590,Dead
25591,Alive
25592,Dead
25593,Alive
25594,Dead
25595,Alive
25596,Dead
25597,Alive
25598,Dead
25599,Alive
25600,Dead
25601,Alive
25602,Dead
25603,Alive
25604,Dead
25605,Alive
25606,Dead
25607,Alive
25608,Dead
25609,Alive
25610,Dead
25611,Alive
25612,Dead
25613,Alive
25614,Dead
25615,Alive
25616,Dead
25617,Alive
25618,Dead
25619,Alive
25620,Dead
25621,Alive
25622,Dead
25623,Alive
25624,Dead
25625,Alive
25626,Dead
25627,Alive
25628,Dead
25629,Alive
25630,Dead
25631,Alive
25632,Dead
25633,Alive
25634,Dead
25635,Alive
25636,Dead
25637,Alive
25638,Dead
25639,Alive
25640,Dead
25641,Alive
25642,Dead
25643,Alive
25644,Dead
25645,Alive
25646,Dead
25647,Alive
25648,Dead
25649,Alive
25650,Dead
25651,Alive
25652,Dead
25653,Alive
25654,Dead
25655,Alive
25656,Dead
25657,Alive
25658,Dead
25659,Alive
25660,Dead
25661,Alive
25662,Dead
25663,Alive
25664,Dead
25665,Alive
25666,Dead
25667,Alive
25668,Dead
25669,Alive
25670,Dead
25671,Alive
25672,Dead
25673,Alive
25674,Dead
25675,Alive
25676,Dead
25677,Alive
25678,Dead
25679,Alive
25680,Dead
25681,Alive
25682,Dead
25683,Alive
25684,Dead
25685,Alive
25686,Dead
25687,Alive
25688,Dead
25689,Alive
25690,Dead
25691,Alive
25692,Dead
25693,Alive
25694,Dead
25695,Alive
25696,Dead
25697,Alive
25698,Dead
25699,Alive
25700,Dead
25701,Alive
25702,Dead
25703,Alive
25704,Dead
25705,Alive
25706,Dead
25707,Alive
25708,Dead
25709,Alive
25710,Dead
25711,Alive
25712,Dead
25713,Alive
25714,Dead
25715,Alive
25716,Dead
25717,Alive
25718,Dead
25719,Alive
25720,Dead
25721,Alive
25722,Dead
25723,Alive
25724,Dead
25725,Alive
25726,Dead
25727,Alive
25728,Dead
25729,Alive
25730,Dead
25731,Alive
25732,Dead
25733,Alive
25734,Dead
25735,Alive
25736,Dead
25737,Alive
25738,Dead
25739,Alive
25740,Dead
25741,Alive
25742,Dead
25743,Alive
25744,Dead
25745,Alive
25746,Dead
25747,Alive
25748,Dead
25749,Alive
25750,Dead
25751,Alive
25752,Dead
25753,Alive
25754,Dead
25755,Alive
25756,Dead
25757,Alive
25758,Dead
25759,Alive
25760,Dead
25761,Alive
25762,Dead
25763,Alive
25764,Dead
25765,Alive
25766,Dead
25767,Alive
25768,Dead
25769,Alive
25770,Dead
25771,Alive
25772,Dead
25773,Alive
25774,Dead
25775,Alive
25776,Dead
25777,Alive
25778,Dead
25779,Alive
25780,Dead
25781,Alive
25782,Dead
25783,Alive
25784,Dead
25785,Alive
25786,Dead
25787,Alive
25788,Dead
25789,Alive
25790,Dead
25791,Alive
25792,Dead
25793,Alive
25794,Dead
25795,Alive
25796,Dead
25797,Alive
25798,Dead
25799,Alive
25800,Dead
25801,Alive
25802,Dead
25803,Alive
25804,Dead
25805,Alive
25806,Dead
25807,Alive
25808,Dead
25809,Alive
25810,Dead
25811,Alive
25812,Dead
25813,Alive
25814,Dead
25815,Alive
25816,Dead
25817,Alive
25818,Dead
25819,Alive
25820,Dead
25821,Alive
25822,Dead
25823,Alive
25824,Dead
25825,Alive
25826,Dead
25827,Alive
25828,Dead
25829,Alive
25830,Dead
25831,Alive
25832,Dead
25833,Alive
25834,Dead
25835,Alive
25836,Dead
25837,Alive
25838,Dead
25839,Alive
25840,Dead
25841,Alive
25842,Dead
25843,Alive
25844,Dead
25845,Alive
25846,Dead
25847,Alive
25848,Dead
25849,Alive
25850,Dead
25851,Alive
25852,Dead
25853,Alive
25854,Dead
25855,Alive
25856,Dead
25857,Alive
25858,Dead
25859,Alive
25860,Dead
25861,Alive
25862,Dead
25863,Alive
25864,Dead
25865,Alive
25866,Dead
25867,Alive
25868,Dead
25869,Alive
25870,Dead
25871,Alive
25872,Dead
25873,Alive
25874,Dead
25875,Alive
25876,Dead
25877,Alive
25878,Dead
25879,Alive
25880,Dead
25881,Alive
25882,Dead
25883,Alive
25884,Dead
25885,Alive
25886,Dead
25887,Alive
25888,Dead
25889,Alive
25890,Dead
25891,Alive
25892,Dead
25893,Alive
25894,Dead
25895,Alive
25896,Dead
25897,Alive
25898,Dead
25899,Alive
25900,Dead
25901,Alive
25902,Dead
25903,Alive
25904,Dead
25905,Alive
25906,Dead
25907,Alive
25908,Dead
25909,Alive
25910,Dead
25911,Alive
25912,Dead
25913,Alive
25914,Dead
25915,Alive
25916,Dead
25917,Alive
25918,Dead
25919,Alive
25920,Dead
25921,Alive
25922,Dead
25923,Alive
25924,Dead
25925,Alive
25926,Dead
25927,Alive
25928,Dead
25929,Alive
25930,Dead
25931,Alive
25932,Dead
25933,Alive
25934,Dead
25935,Alive
25936,Dead
25937,Alive
25938,Dead
25939,Alive
25940,Dead
25941,Alive
25942,Dead
25943,Alive
25944,Dead
25945,Alive
25946,Dead
25947,Alive
25948,Dead
25949,Alive
25950,Dead
25951,Alive
25952,Dead
25953,Alive
25954,Dead
25955,Alive
25956,Dead
25957,Alive
25958,Dead
25959,Alive
25960,Dead
25961,Alive
25962,Dead
25963,Alive
25964,Dead
25965,Alive
25966,Dead
25967,Alive
25968,Dead
25969,Alive
25970,Dead
25971,Alive
25972,Dead
25973,Alive
25974,Dead
25975,Alive
25976,Dead
25977,Alive
25978,Dead
25979,Alive
25980,Dead
25981,Alive
25982,Dead
25983,Alive
25984,Dead
25985,Alive
25986,Dead
25987,Alive
25988,Dead
25989,Alive
25990,Dead
25991,Alive
25992,Dead
25993,Alive
25994,Dead
25995,Alive
25996,Dead
25997,Alive
25998,Dead
25999,Alive
26000,Dead
26001,Alive
26002,Dead
26003,Alive
26004,Dead
26005,Alive
26006,Dead
26007,Alive
26008,Dead
26009,Alive
26010,Dead
26011,Alive
26012,Dead
26013,Alive
26014,Dead
26015,Alive
26016,Dead
26017,Alive
26018,Dead
26019,Alive
26020,Dead
26021,Alive
26022,Dead
26023,Alive
26024,Dead
26025,Alive
26026,Dead
26027,Alive
26028,Dead
26029,Alive
26030,Dead
26031,Alive
26032,Dead
26033,Alive
26034,Dead
26035,Alive
26036,Dead
26037,Alive
26038,Dead
26039,Alive
26040,Dead
26041,Alive
26042,Dead
26043,Alive
26044,Dead
26045,Alive
26046,Dead
26047,Alive
26048,Dead
26049,Alive
26050,Dead
26051,Alive
26052,Dead
26053,Alive
26054,Dead
26055,Alive
26056,Dead
26057,Alive
26058,Dead
26059,Alive
26060,Dead
26061,Alive
26062,Dead
26063,Alive
26064,Dead
26065,Alive
26066,Dead
26067,Alive
26068,Dead
26069,Alive
26070,Dead
26071,Alive
26072,Dead
26073,Alive
26074,Dead
26075,Alive
26076,Dead
26077,Alive
26078,Dead
26079,Alive
26080,Dead
26081,Alive
26082,Dead
26083,Alive
26084,Dead
26085,Alive
26086,Dead
26087,Alive
26088,Dead
26089,Alive
26090,Dead
26091,Alive
26092,Dead
26093,Alive
26094,Dead
26095,Alive
26096,Dead
26097,Alive
26098,Dead
26099,Alive
26100,Dead
26101,Alive
26102,Dead
26103,Alive
26104,Dead
26105,Alive
26106,Dead
26107,Alive
26108,Dead
26109,Alive
26110,Dead
26111,Alive
26112,Dead
26113,Alive
26114,Dead
26115,Alive
26116,Dead
26117,Alive
26118,Dead
26119,Alive
26120,Dead
26121,Alive
26122,Dead
26123,Alive
26124,Dead
26125,Alive
26126,Dead
26127,Alive
26128,Dead
26129,Alive
26130,Dead
26131,Alive
26132,Dead
26133,Alive
26134,Dead
26135,Alive
26136,Dead
26137,Alive
26138,Dead
26139,Alive
26140,Dead
26141,Alive
26142,Dead
26143,Alive
26144,Dead
26145,Alive
26146,Dead
26147,Alive
26148,Dead
26149,Alive
26150,Dead
26151,Alive
26152,Dead
26153,Alive
26154,Dead
26155,Alive
26156,Dead
26157,Alive
26158,Dead
26159,Alive
26160,Dead
26161,Alive
26162,Dead
26163,Alive
26164,Dead
26165,Alive
26166,Dead
26167,Alive
26168,Dead
26169,Alive
26170,Dead
26171,Alive
26172,Dead
26173,Alive
26174,Dead
26175,Alive
26176,Dead
26177,Alive
26178,Dead
26179,Alive
26180,Dead
26181,Alive
26182,Dead
26183,Alive
26184,Dead
26185,Alive
26186,Dead
26187,Alive
26188,Dead
26189,Alive
26190,Dead
26191,Alive
26192,Dead
26193,Alive
26194,Dead
26195,Alive
26196,Dead
26197,Alive
26198,Dead
26199,Alive
26200,Dead
26201,Alive
26202,Dead
26203,Alive
26204,Dead
26205,Alive
26206,Dead
26207,Alive
26208,Dead
26209,Alive
26210,Dead
26211,Alive
26212,Dead
26213,Alive
26214,Dead
26215,Alive
26216,Dead
26217,Alive
26218,Dead
26219,Alive
26220,Dead
26221,Alive
26222,Dead
26223,Alive
26224,Dead
26225,Alive
26226,Dead
26227,Alive
26228,Dead
26229,Alive
26230,Dead
26231,Alive
26232,Dead
26233,Alive
26234,Dead
26235,Alive
26236,Dead
26237,Alive
26238,Dead
26239,Alive
26240,Dead
26241,Alive
26242,Dead
26243,Alive
26244,Dead
26245,Alive
26246,Dead
26247,Alive
26248,Dead
26249,Alive
26250,Dead
26251,Alive
26252,Dead
26253,Alive
26254,Dead
26255,Alive
26256,Dead
26257,Alive
26258,Dead
26259,Alive
26260,Dead
26261,Alive
26262,Dead
26263,Alive
26264,Dead
26265,Alive
26266,Dead
26267,Alive
26268,Dead
26269,Alive
26270,Dead
26271,Alive
26272,Dead
26273,Alive
26274,Dead
26275,Alive
26276,Dead
26277,Alive
26278,Dead
26279,Alive
26280,Dead
26281,Alive
26282,Dead
26283,Alive
26284,Dead
26285,Alive
26286,Dead
26287,Alive
26288,Dead
26289,Alive
26290,Dead
26291,Alive
26292,Dead
26293,Alive
26294,Dead
26295,Alive
26296,Dead
26297,Alive
26298,Dead
26299,Alive
26300,Dead
26301,Alive
26302,Dead
26303,Alive
26304,Dead
26305,Alive
26306,Dead
26307,Alive
26308,Dead
26309,Alive
26310,Dead
26311,Alive
26312,Dead
26313,Alive
26314,Dead
26315,Alive
26316,Dead
26317,Alive
26318,Dead
26319,Alive
26320,Dead
26321,Alive
26322,Dead
26323,Alive
26324,Dead
26325,Alive
26326,Dead
26327,Alive
26328,Dead
26329,Alive
26330,Dead
26331,Alive
26332,Dead
26333,Alive
26334,Dead
26335,Alive
26336,Dead
26337,Alive
26338,Dead
26339,Alive
26340,Dead
26341,Alive
26342,Dead
26343,Alive
26344,Dead
26345,Alive
26346,Dead
26347,Alive
26348,Dead
26349,Alive
26350,Dead
26351,Alive
26352,Dead
26353,Alive
26354,Dead
26355,Alive
26356,Dead
26357,Alive
26358,Dead
26359,Alive
26360,Dead
26361,Alive
26362,Dead
26363,Alive
26364,Dead
26365,Alive
26366,Dead
26367,Alive
26368,Dead
26369,Alive
26370,Dead
26371,Alive
26372,Dead
26373,Alive
26374,Dead
26375,Alive
26376,Dead
26377,Alive
26378,Dead
26379,Alive
26380,Dead
26381,Alive
26382,Dead
26383,Alive
26384,Dead
26385,Alive
26386,Dead
26387,Alive
26388,Dead
26389,Alive
26390,Dead
26391,Alive
26392,Dead
26393,Alive
26394,Dead
26395,Alive
26396,Dead
26397,Alive
26398,Dead
26399,Alive
26400,Dead
26401,Alive
26402,Dead
26403,Alive
26404,Dead
26405,Alive
26406,Dead
26407,Alive
26408,Dead
26409,Alive
26410,Dead
26411,Alive
26412,Dead
26413,Alive
26414,Dead
26415,Alive
26416,Dead
26417,Alive
26418,Dead
26419,Alive
26420,Dead
26421,Alive
26422,Dead
26423,Alive
26424,Dead
26425,Alive
26426,Dead
26427,Alive
26428,Dead
26429,Alive
26430,Dead
26431,Alive
26432,Dead
26433,Alive
26434,Dead
26435,Alive
26436,Dead
26437,Alive
26438,Dead
26439,Alive
26440,Dead
26441,Alive
26442,Dead
26443,Alive
26444,Dead
26445,Alive
26446,Dead
26447,Alive
26448,Dead
26449,Alive
26450,Dead
26451,Alive
26452,Dead
26453,Alive
26454,Dead
26455,Alive
26456,Dead
26457,Alive
26458,Dead
26459,Alive
26460,Dead
26461,Alive
26462,Dead
26463,Alive
26464,Dead
26465,Alive
26466,Dead
26467,Alive
26468,Dead
26469,Alive
26470,Dead
26471,Alive
26472,Dead
26473,Alive
26474,Dead
26475,Alive
26476,Dead
26477,Alive
26478,Dead
26479,Alive
26480,Dead
26481,Alive
26482,Dead
26483,Alive
26484,Dead
26485,Alive
26486,Dead
26487,Alive
26488,Dead
26489,Alive
26490,Dead
26491,Alive
26492,Dead
26493,Alive
26494,Dead
26495,Alive
26496,Dead
26497,Alive
26498,Dead
26499,Alive
26500,Dead
26501,Alive
26502,Dead
26503,Alive
26504,Dead
26505,Alive
26506,Dead
26507,Alive
26508,Dead
26509,Alive
26510,Dead
26511,Alive
26512,Dead
26513,Alive
26514,Dead
26515,Alive
26516,Dead
26517,Alive
26518,Dead
26519,Alive
26520,Dead
26521,Alive
26522,Dead
26523,Alive
26524,Dead
26525,Alive
26526,Dead
26527,Alive
26528,Dead
26529,Alive
26530,Dead
26531,Alive
26532,Dead
26533,Alive
26534,Dead
26535,Alive
26536,Dead
26537,Alive
26538,Dead
26539,Alive
26540,Dead
26541,Alive
26542,Dead
26543,Alive
26544,Dead
26545,Alive
26546,Dead
26547,Alive
26548,Dead
26549,Alive
26550,Dead
26551,Alive
26552,Dead
26553,Alive
26554,Dead
26555,Alive
26556,Dead
26557,Alive
26558,Dead
26559,Alive
26560,Dead
26561,Alive
26562,Dead
26563,Alive
26564,Dead
26565,Alive
26566,Dead
26567,Alive
26568,Dead
26569,Alive
26570,Dead
26571,Alive
26572,Dead
26573,Alive
26574,Dead
26575,Alive
26576,Dead
26577,Alive
26578,Dead
26579,Alive
26580,Dead
26581,Alive
26582,Dead
26583,Alive
26584,Dead
26585,Alive
26586,Dead
26587,Alive
26588,Dead
26589,Alive
26590,Dead
26591,Alive
26592,Dead
26593,Alive
26594,Dead
26595,Alive
26596,Dead
26597,Alive
26598,Dead
26599,Alive
26600,Dead
26601,Alive
26602,Dead
26603,Alive
26604,Dead
26605,Alive
26606,Dead
26607,Alive
26608,Dead
26609,Alive
26610,Dead
26611,Alive
26612,Dead
26613,Alive
26614,Dead
26615,Alive
26616,Dead
26617,Alive
26618,Dead
26619,Alive
26620,Dead
26621,Alive
26622,Dead
26623,Alive
26624,Dead
26625,Alive
26626,Dead
26627,Alive
26628,Dead
26629,Alive
26630,Dead
26631,Alive
26632,Dead
26633,Alive
26634,Dead
26635,Alive
26636,Dead
26637,Alive
26638,Dead
26639,Alive
26640,Dead
26641,Alive
26642,Dead
26643,Alive
26644,Dead
26645,Alive
26646,Dead
26647,Alive
26648,Dead
26649,Alive
26650,Dead
26651,Alive
26652,Dead
26653,Alive
26654,Dead
26655,Alive
26656,Dead
26657,Alive
26658,Dead
26659,Alive
26660,Dead
26661,Alive
26662,Dead
26663,Alive
26664,Dead
26665,Alive
26666,Dead
26667,Alive
26668,Dead
26669,Alive
26670,Dead
26671,Alive
26672,Dead
26673,Alive
26674,Dead
26675,Alive
26676,Dead
26677,Alive
26678,Dead
26679,Alive
26680,Dead
26681,Alive
26682,Dead
26683,Alive
26684,Dead
26685,Alive
26686,Dead
26687,Alive
26688,Dead
26689,Alive
26690,Dead
26691,Alive
26692,Dead
26693,Alive
26694,Dead
26695,Alive
26696,Dead
26697,Alive
26698,Dead
26699,Alive
26700,Dead
26701,Alive
26702,Dead
26703,Alive
26704,Dead
26705,Alive
26706,Dead
26707,Alive
26708,Dead
26709,Alive
26710,Dead
26711,Alive
26712,Dead
26713,Alive
26714,Dead
26715,Alive
26716,Dead
26717,Alive
26718,Dead
26719,Alive
26720,Dead
26721,Alive
26722,Dead
26723,Alive
26724,Dead
26725,Alive
26726,Dead
26727,Alive
26728,Dead
26729,Alive
26730,Dead
26731,Alive
26732,Dead
26733,Alive
26734,Dead
26735,Alive
26736,Dead
26737,Alive
26738,Dead
26739,Alive
26740,Dead
26741,Alive
26742,Dead
26743,Alive
26744,Dead
26745,Alive
26746,Dead
26747,Alive
26748,Dead
26749,Alive
26750,Dead
26751,Alive
26752,Dead
26753,Alive
26754,Dead
26755,Alive
26756,Dead
26757,Alive
26758,Dead
26759,Alive
26760,Dead
26761,Alive
26762,Dead
26763,Alive
26764,Dead
26765,Alive
26766,Dead
26767,Alive
26768,Dead
26769,Alive
26770,Dead
26771,Alive
26772,Dead
26773,Alive
26774,Dead
26775,Alive
26776,Dead
26777,Alive
26778,Dead
26779,Alive
26780,Dead
26781,Alive
26782,Dead
26783,Alive
26784,Dead
26785,Alive
26786,Dead
26787,Alive
26788,Dead
26789,Alive
26790,Dead
26791,Alive
26792,Dead
26793,Alive
26794,Dead
26795,Alive
26796,Dead
26797,Alive
26798,Dead
26799,Alive
26800,Dead
26801,Alive
26802,Dead
26803,Alive
26804,Dead
26805,Alive
26806,Dead
26807,Alive
26808,Dead
26809,Alive
26810,Dead
26811,Alive
26812,Dead
26813,Alive
26814,Dead
26815,Alive
26816,Dead
26817,Alive
26818,Dead
26819,Alive
26820,Dead
26821,Alive
26822,Dead
26823,Alive
26824,Dead
26825,Alive
26826,Dead
26827,Alive
26828,Dead
26829,Alive
26830,Dead
26831,Alive
26832,Dead
26833,Alive
26834,Dead
26835,Alive
26836,Dead
26837,Alive
26838,Dead
26839,Alive
26840,Dead
26841,Alive
26842,Dead
26843,Alive
26844,Dead
26845,Alive
26846,Dead
26847,Alive
26848,Dead
26849,Alive
26850,Dead
26851,Alive
26852,Dead
26853,Alive
26854,Dead
26855,Alive
26856,Dead
26857,Alive
26858,Dead
26859,Alive
26860,Dead
26861,Alive
26862,Dead
26863,Alive
26864,Dead
26865,Alive
26866,Dead
26867,Alive
26868,Dead
26869,Alive
26870,Dead
26871,Alive
26872,Dead
26873,Alive
26874,Dead
26875,Alive
26876,Dead
26877,Alive
26878,Dead
26879,Alive
26880,Dead
26881,Alive
26882,Dead
26883,Alive
26884,Dead
26885,Alive
26886,Dead
26887,Alive
26888,Dead
26889,Alive
26890,Dead
26891,Alive
26892,Dead
26893,Alive
26894,Dead
26895,Alive
26896,Dead
26897,Alive
26898,Dead
26899,Alive
26900,Dead
26901,Alive
26902,Dead
26903,Alive
26904,Dead
26905,Alive
26906,Dead
26907,Alive
26908,Dead
26909,Alive
26910,Dead
26911,Alive
26912,Dead
26913,Alive
26914,Dead
26915,Alive
26916,Dead
26917,Alive
26918,Dead
26919,Alive
26920,Dead
26921,Alive
26922,Dead
26923,Alive
26924,Dead
26925,Alive
26926,Dead
26927,Alive
26928,Dead
26929,Alive
26930,Dead
26931,Alive
26932,Dead
26933,Alive
26934,Dead
26935,Alive
26936,Dead
26937,Alive
26938,Dead
26939,Alive
26940,Dead
26941,Alive
26942,Dead
26943,Alive
26944,Dead
26945,Alive
26946,Dead
26947,Alive
26948,Dead
26949,Alive
26950,Dead
26951,Alive
26952,Dead
26953,Alive
26954,Dead
26955,Alive
26956,Dead
26957,Alive
26958,Dead
26959,Alive
26960,Dead
26961,Alive
26962,Dead
26963,Alive
26964,Dead
26965,Alive
26966,Dead
26967,Alive
26968,Dead
26969,Alive
26970,Dead
26971,Alive
26972,Dead
26973,Alive
26974,Dead
26975,Alive
26976,Dead
26977,Alive
26978,Dead
26979,Alive
26980,Dead
26981,Alive
26982,Dead
26983,Alive
26984,Dead
26985,Alive
26986,Dead
26987,Alive
26988,Dead
26989,Alive
26990,Dead
26991,Alive
26992,Dead
26993,Alive
26994,Dead
26995,Alive
26996,Dead
26997,Alive
26998,Dead
26999,Alive
27000,Dead
27001,Alive
27002,Dead
27003,Alive
27004,Dead
27005,Alive
27006,Dead
27007,Alive
27008,Dead
27009,Alive
27010,Dead
27011,Alive
27012,Dead
27013,Alive
27014,Dead
27015,Alive
27016,Dead
27017,Alive
27018,Dead
27019,Alive
27020,Dead
27021,Alive
27022,Dead
27023,Alive
27024,Dead
27025,Alive
27026,Dead
27027,Alive
27028,Dead
27029,Alive
27030,Dead
27031,Alive
27032,Dead
27033,Alive
27034,Dead
27035,Alive
27036,Dead
27037,Alive
27038,Dead
27039,Alive
27040,Dead
27041,Alive
27042,Dead
27043,Alive
27044,Dead
27045,Alive
27046,Dead
27047,Alive
27048,Dead
27049,Alive
27050,Dead
27051,Alive
27052,Dead
27053,Alive
27054,Dead
27055,Alive
27056,Dead
27057,Alive
27058,Dead
27059,Alive
27060,Dead
27061,Alive
27062,Dead
27063,Alive
27064,Dead
27065,Alive
27066,Dead
27067,Alive
27068,Dead
27069,Alive
27070,Dead
27071,Alive
27072,Dead
27073,Alive
27074,Dead
27075,Alive
27076,Dead
27077,Alive
27078,Dead
27079,Alive
27080,Dead
27081,Alive
27082,Dead
27083,Alive
27084,Dead
27085,Alive
27086,Dead
27087,Alive
27088,Dead
27089,Alive
27090,Dead
27091,Alive
27092,Dead
27093,Alive
27094,Dead
27095,Alive
27096,Dead
27097,Alive
27098,Dead
27099,Alive
27100,Dead
27101,Alive
27102,Dead
27103,Alive
27104,Dead
27105,Alive
27106,Dead
27107,Alive
27108,Dead
27109,Alive
27110,Dead
27111,Alive
27112,Dead
27113,Alive
27114,Dead
27115,Alive
27116,Dead
27117,Alive
27118,Dead
27119,Alive
27120,Dead
27121,Alive
27122,Dead
27123,Alive
27124,Dead
27125,Alive
27126,Dead
27127,Alive
27128,Dead
27129,Alive
27130,Dead
27131,Alive
27132,Dead
27133,Alive
27134,Dead
27135,Alive
27136,Dead
27137,Alive
27138,Dead
27139,Alive
27140,Dead
27141,Alive
27142,Dead
27143,Alive
27144,Dead
27145,Alive
27146,Dead
27147,Alive
27148,Dead
27149,Alive
27150,Dead
27151,Alive
27152,Dead
27153,Alive
27154,Dead
27155,Alive
27156,Dead
27157,Alive
27158,Dead
27159,Alive
27160,Dead
27161,Alive
27162,Dead
27163,Alive
27164,Dead
27165,Alive
27166,Dead
27167,Alive
27168,Dead
27169,Alive
27170,Dead
27171,Alive
27172,Dead
27173,Alive
27174,Dead
27175,Alive
27176,Dead
27177,Alive
27178,Dead
27179,Alive
27180,Dead
27181,Alive
27182,Dead
27183,Alive
27184,Dead
27185,Alive
27186,Dead
27187,Alive
27188,Dead
27189,Alive
27190,Dead
27191,Alive
27192,Dead
27193,Alive
27194,Dead
27195,Alive
27196,Dead
27197,Alive
27198,Dead
27199,Alive
27200,Dead
27201,Alive
27202,Dead
27203,Alive
27204,Dead
27205,Alive
27206,Dead
27207,Alive
27208,Dead
27209,Alive
27210,Dead
27211,Alive
27212,Dead
27213,Alive
27214,Dead
27215,Alive
27216,Dead
27217,Alive
27218,Dead
27219,Alive
27220,Dead
27221,Alive
27222,Dead
27223,Alive
27224,Dead
27225,Alive
27226,Dead
27227,Alive
27228,Dead
27229,Alive
27230,Dead
27231,Alive
27232,Dead
27233,Alive
27234,Dead
27235,Alive
27236,Dead
27237,Alive
27238,Dead
27239,Alive
27240,Dead
27241,Alive
27242,Dead
27243,Alive
27244,Dead
27245,Alive
27246,Dead
27247,Alive
27248,Dead
27249,Alive
27250,Dead
27251,Alive
27252,Dead
27253,Alive
27254,Dead
27255,Alive
27256,Dead
27257,Alive
27258,Dead
27259,Alive
27260,Dead
27261,Alive
27262,Dead
27263,Alive
27264,Dead
27265,Alive
27266,Dead
27267,Alive
27268,Dead
27269,Alive
27270,Dead
27271,Alive
27272,Dead
27273,Alive
27274,Dead
27275,Alive
27276,Dead
27277,Alive
27278,Dead
27279,Alive
27280,Dead
27281,Alive
27282,Dead
27283,Alive
27284,Dead
27285,Alive
27286,Dead
27287,Alive
27288,Dead
27289,Alive
27290,Dead
27291,Alive
27292,Dead
27293,Alive
27294,Dead
27295,Alive
27296,Dead
27297,Alive
27298,Dead
27299,Alive
27300,Dead
27301,Alive
27302,Dead
27303,Alive
27304,Dead
27305,Alive
27306,Dead
27307,Alive
27308,Dead
27309,Alive
27310,Dead
27311,Alive
27312,Dead
27313,Alive
27314,Dead
27315,Alive
27316,Dead
27317,Alive
27318,Dead
27319,Alive
27320,Dead
27321,Alive
27322,Dead
27323,Alive
27324,Dead
27325,Alive
27326,Dead
27327,Alive
27328,Dead
27329,Alive
27330,Dead
27331,Alive
27332,Dead
27333,Alive
27334,Dead
27335,Alive
27336,Dead
27337,Alive
27338,Dead
27339,Alive
27340,Dead
27341,Alive
27342,Dead
27343,Alive
27344,Dead
27345,Alive
27346,Dead
27347,Alive
27348,Dead
27349,Alive
27350,Dead
27351,Alive
27352,Dead
27353,Alive
27354,Dead
27355,Alive
27356,Dead
27357,Alive
27358,Dead
27359,Alive
27360,Dead
27361,Alive
27362,Dead
27363,Alive
27364,Dead
27365,Alive
27366,Dead
27367,Alive
27368,Dead
27369,Alive
27370,Dead
27371,Alive
27372,Dead
27373,Alive
27374,Dead
27375,Alive
27376,Dead
27377,Alive
27378,Dead
27379,Alive
27380,Dead
27381,Alive
27382,Dead
27383,Alive
27384,Dead
27385,Alive
27386,Dead
27387,Alive
27388,Dead
27389,Alive
27390,Dead
27391,Alive
27392,Dead
27393,Alive
27394,Dead
27395,Alive
27396,Dead
27397,Alive
27398,Dead
27399,Alive
27400,Dead
27401,Alive
27402,Dead
27403,Alive
27404,Dead
27405,Alive
27406,Dead
27407,Alive
27408,Dead
27409,Alive
27410,Dead
27411,Alive
27412,Dead
27413,Alive
27414,Dead
27415,Alive
27416,Dead
27417,Alive
27418,Dead
27419,Alive
27420,Dead
27421,Alive
27422,Dead
27423,Alive
27424,Dead
27425,Alive
27426,Dead
27427,Alive
27428,Dead
27429,Alive
27430,Dead
27431,Alive
27432,Dead
27433,Alive
27434,Dead
27435,Alive
27436,Dead
27437,Alive
27438,Dead
27439,Alive
27440,Dead
27441,Alive
27442,Dead
27443,Alive
27444,Dead
27445,Alive
27446,Dead
27447,Alive
27448,Dead
27449,Alive
27450,Dead
27451,Alive
27452,Dead
27453,Alive
27454,Dead
27455,Alive
27456,Dead
27457,Alive
27458,Dead
27459,Alive
27460,Dead
27461,Alive
27462,Dead
27463,Alive
27464,Dead
27465,Alive
27466,Dead
27467,Alive
27468,Dead
27469,Alive
27470,Dead
27471,Alive
27472,Dead
27473,Alive
27474,Dead
27475,Alive
27476,Dead
27477,Alive
27478,Dead
27479,Alive
27480,Dead
27481,Alive
27482,Dead
27483,Alive
27484,Dead
27485,Alive
27486,Dead
27487,Alive
27488,Dead
27489,Alive
27490,Dead
27491,Alive
27492,Dead
27493,Alive
27494,Dead
27495,Alive
27496,Dead
27497,Alive
27498,Dead
27499,Alive
27500,Dead
27501,Alive
27502,Dead
27503,Alive
27504,Dead
27505,Alive
27506,Dead
27507,Alive
27508,Dead
27509,Alive
27510,Dead
27511,Alive
27512,Dead
27513,Alive
27514,Dead
27515,Alive
27516,Dead
27517,Alive
27518,Dead
27519,Alive
27520,Dead
27521,Alive
27522,Dead
27523,Alive
27524,Dead
27525,Alive
27526,Dead
27527,Alive
27528,Dead
27529,Alive
27530,Dead
27531,Alive
27532,Dead
27533,Alive
27534,Dead
27535,Alive
27536,Dead
27537,Alive
27538,Dead
27539,Alive
27540,Dead
27541,Alive
27542,Dead
27543,Alive
27544,Dead
27545,Alive
27546,Dead
27547,Alive
27548,Dead
27549,Alive
27550,Dead
27551,Alive
27552,Dead
27553,Alive
27554,Dead
27555,Alive
27556,Dead
27557,Alive
27558,Dead
27559,Alive
27560,Dead
27561,Alive
27562,Dead
27563,Alive
27564,Dead
27565,Alive
27566,Dead
27567,Alive
27568,Dead
27569,Alive
27570,Dead
27571,Alive
27572,Dead
27573,Alive
27574,Dead
27575,Alive
27576,Dead
27577,Alive
27578,Dead
27579,Alive
27580,Dead
27581,Alive
27582,Dead
27583,Alive
27584,Dead
27585,Alive
27586,Dead
27587,Alive
27588,Dead
27589,Alive
27590,Dead
27591,Alive
27592,Dead
27593,Alive
27594,Dead
27595,Alive
27596,Dead
27597,Alive
27598,Dead
27599,Alive
27600,Dead
27601,Alive
27602,Dead
27603,Alive
27604,Dead
27605,Alive
27606,Dead
27607,Alive
27608,Dead
27609,Alive
27610,Dead
27611,Alive
27612,Dead
27613,Alive
27614,Dead
27615,Alive
27616,Dead
27617,Alive
27618,Dead
27619,Alive
27620,Dead
27621,Alive
27622,Dead
27623,Alive
27624,Dead
27625,Alive
27626,Dead
27627,Alive
27628,Dead
27629,Alive
27630,Dead
27631,Alive
27632,Dead
27633,Alive
27634,Dead
27635,Alive
27636,Dead
27637,Alive
27638,Dead
27639,Alive
27640,Dead
27641,Alive
27642,Dead
27643,Alive
27644,Dead
27645,Alive
27646,Dead
27647,Alive
27648,Dead
27649,Alive
27650,Dead
27651,Alive
27652,Dead
27653,Alive
27654,Dead
27655,Alive
27656,Dead
27657,Alive
27658,Dead
27659,Alive
27660,Dead
27661,Alive
27662,Dead
27663,Alive
27664,Dead
27665,Alive
27666,Dead
27667,Alive
27668,Dead
27669,Alive
27670,Dead
27671,Alive
27672,Dead
27673,Alive
27674,Dead
27675,Alive
27676,Dead
27677,Alive
27678,Dead
27679,Alive
27680,Dead
27681,Alive
27682,Dead
27683,Alive
27684,Dead
27685,Alive
27686,Dead
27687,Alive
27688,Dead
27689,Alive
27690,Dead
27691,Alive
27692,Dead
27693,Alive
27694,Dead
27695,Alive
27696,Dead
27697,Alive
27698,Dead
27699,Alive
27700,Dead
27701,Alive
27702,Dead
27703,Alive
27704,Dead
27705,Alive
27706,Dead
27707,Alive
27708,Dead
27709,Alive
27710,Dead
27711,Alive
27712,Dead
27713,Alive
27714,Dead
27715,Alive
27716,Dead
27717,Alive
27718,Dead
27719,Alive
27720,Dead
27721,Alive
27722,Dead
27723,Alive
27724,Dead
27725,Alive
27726,Dead
27727,Alive
27728,Dead
27729,Alive
27730,Dead
27731,Alive
27732,Dead
27733,Alive
27734,Dead
27735,Alive
27736,Dead
27737,Alive
27738,Dead
27739,Alive
27740,Dead
27741,Alive
27742,Dead
27743,Alive
27744,Dead
27745,Alive
27746,Dead
27747,Alive
27748,Dead
27749,Alive
27750,Dead
27751,Alive
27752,Dead
27753,Alive
27754,Dead
27755,Alive
27756,Dead
27757,Alive
27758,Dead
27759,Alive
27760,Dead
27761,Alive
27762,Dead
27763,Alive
27764,Dead
27765,Alive
27766,Dead
27767,Alive
27768,Dead
27769,Alive
27770,Dead
27771,Alive
27772,Dead
27773,Alive
27774,Dead
27775,Alive
27776,Dead
27777,Alive
27778,Dead
27779,Alive
27780,Dead
27781,Alive
27782,Dead
27783,Alive
27784,Dead
27785,Alive
27786,Dead
27787,Alive
27788,Dead
27789,Alive
27790,Dead
27791,Alive
27792,Dead
27793,Alive
27794,Dead
27795,Alive
27796,Dead
27797,Alive
27798,Dead
27799,Alive
27800,Dead
27801,Alive
27802,Dead
27803,Alive
27804,Dead
27805,Alive
27806,Dead
27807,Alive
27808,Dead
27809,Alive
27810,Dead
27811,Alive
27812,Dead
27813,Alive
27814,Dead
27815,Alive
27816,Dead
27817,Alive
27818,Dead
27819,Alive
27820,Dead
27821,Alive
27822,Dead
27823,Alive
27824,Dead
27825,Alive
27826,Dead
27827,Alive
27828,Dead
27829,Alive
27830,Dead
27831,Alive
27832,Dead
27833,Alive
27834,Dead
27835,Alive
27836,Dead
27837,Alive
27838,Dead
27839,Alive
27840,Dead
27841,Alive
27842,Dead
27843,Alive
27844,Dead
27845,Alive
27846,Dead
27847,Alive
27848,Dead
27849,Alive
27850,Dead
27851,Alive
27852,Dead
27853,Alive
27854,Dead
27855,Alive
27856,Dead
27857,Alive
27858,Dead
27859,Alive
27860,Dead
27861,Alive
27862,Dead
27863,Alive
27864,Dead
27865,Alive
27866,Dead
27867,Alive
27868,Dead
27869,Alive
27870,Dead
27871,Alive
27872,Dead
27873,Alive
27874,Dead
27875,Alive
27876,Dead
27877,Alive
27878,Dead
27879,Alive
27880,Dead
27881,Alive
27882,Dead
27883,Alive
27884,Dead
27885,Alive
27886,Dead
27887,Alive
27888,Dead
27889,Alive
27890,Dead
27891,Alive
27892,Dead
27893,Alive
27894,Dead
27895,Alive
27896,Dead
27897,Alive
27898,Dead
27899,Alive
27900,Dead
27901,Alive
27902,Dead
27903,Alive
27904,Dead
27905,Alive
27906,Dead
27907,Alive
27908,Dead
27909,Alive
27910,Dead
27911,Alive
27912,Dead
27913,Alive
27914,Dead
27915,Alive
27916,Dead
27917,Alive
27918,Dead
27919,Alive
27920,Dead
27921,Alive
27922,Dead
27923,Alive
27924,Dead
27925,Alive
27926,Dead
27927,Alive
27928,Dead
27929,Alive
27930,Dead
27931,Alive
27932,Dead
27933,Alive
27934,Dead
27935,Alive
27936,Dead
27937,Alive
27938,Dead
27939,Alive
27940,Dead
27941,Alive
27942,Dead
27943,Alive
27944,Dead
27945,Alive
27946,Dead
27947,Alive
27948,Dead
27949,Alive
27950,Dead
27951,Alive
27952,Dead
27953,Alive
27954,Dead
27955,Alive
27956,Dead
27957,Alive
27958,Dead
27959,Alive
27960,Dead
27961,Alive
27962,Dead
27963,Alive
27964,Dead
27965,Alive
27966,Dead
27967,Alive
27968,Dead
27969,Alive
27970,Dead
27971,Alive
27972,Dead
27973,Alive
27974,Dead
27975,Alive
27976,Dead
27977,Alive
27978,Dead
27979,Alive
27980,Dead
27981,Alive
27982,Dead
27983,Alive
27984,Dead
27985,Alive
27986,Dead
27987,Alive
27988,Dead
27989,Alive
27990,Dead
27991,Alive
27992,Dead
27993,Alive
27994,Dead
27995,Alive
27996,Dead
27997,Alive
27998,Dead
27999,Alive
28000,Dead
28001,Alive
28002,Dead
28003,Alive
28004,Dead
28005,Alive
28006,Dead
28007,Alive
28008,Dead
28009,Alive
28010,Dead
28011,Alive
28012,Dead
28013,Alive
28014,Dead
28015,Alive
28016,Dead
28017,Alive
28018,Dead
28019,Alive
28020,Dead
28021,Alive
28022,Dead
28023,Alive
28024,Dead
28025,Alive
28026,Dead
28027,Alive
28028,Dead
28029,Alive
28030,Dead
28031,Alive
28032,Dead
28033,Alive
28034,Dead
28035,Alive
28036,Dead
28037,Alive
28038,Dead
28039,Alive
28040,Dead
28041,Alive
28042,Dead
28043,Alive
28044,Dead
28045,Alive
28046,Dead
28047,Alive
28048,Dead
28049,Alive
28050,Dead
28051,Alive
28052,Dead
28053,Alive
28054,Dead
28055,Alive
28056,Dead
28057,Alive
28058,Dead
28059,Alive
28060,Dead
28061,Alive
28062,Dead
28063,Alive
28064,Dead
28065,Alive
28066,Dead
28067,Alive
28068,Dead
28069,Alive
28070,Dead
28071,Alive
28072,Dead
28073,Alive
28074,Dead
28075,Alive
28076,Dead
28077,Alive
28078,Dead
28079,Alive
28080,Dead
28081,Alive
28082,Dead
28083,Alive
28084,Dead
28085,Alive
28086,Dead
28087,Alive
28088,Dead
28089,Alive
28090,Dead
28091,Alive
28092,Dead
28093,Alive
28094,Dead
28095,Alive
28096,Dead
28097,Alive
28098,Dead
28099,Alive
28100,Dead
28101,Alive
28102,Dead
28103,Alive
28104,Dead
28105,Alive
28106,Dead
28107,Alive
28108,Dead
28109,Alive
28110,Dead
28111,Alive
28112,Dead
28113,Alive
28114,Dead
28115,Alive
28116,Dead
28117,Alive
28118,Dead
28119,Alive
28120,Dead
28121,Alive
28122,Dead
28123,Alive
28124,Dead
28125,Alive
28126,Dead
28127,Alive
28128,Dead
28129,Alive
28130,Dead
28131,Alive
28132,Dead
28133,Alive
28134,Dead
28135,Alive
28136,Dead
28137,Alive
28138,Dead
28139,Alive
28140,Dead
28141,Alive
28142,Dead
28143,Alive
28144,Dead
28145,Alive
28146,Dead
28147,Alive
28148,Dead
28149,Alive
28150,Dead
28151,Alive
28152,Dead
28153,Alive
28154,Dead
28155,Alive
28156,Dead
28157,Alive
28158,Dead
28159,Alive
28160,Dead
28161,Alive
28162,Dead
28163,Alive
28164,Dead
28165,Alive
28166,Dead
28167,Alive
28168,Dead
28169,Alive
28170,Dead
28171,Alive
28172,Dead
28173,Alive
28174,Dead
28175,Alive
28176,Dead
28177,Alive
28178,Dead
28179,Alive
28180,Dead
28181,Alive
28182,Dead
28183,Alive
28184,Dead
28185,Alive
28186,Dead
28187,Alive
28188,Dead
28189,Alive
28190,Dead
28191,Alive
28192,Dead
28193,Alive
28194,Dead
28195,Alive
28196,Dead
28197,Alive
28198,Dead
28199,Alive
28200,Dead
28201,Alive
28202,Dead
28203,Alive
28204,Dead
28205,Alive
28206,Dead
28207,Alive
28208,Dead
28209,Alive
28210,Dead
28211,Alive
28212,Dead
28213,Alive
28214,Dead
28215,Alive
28216,Dead
28217,Alive
28218,Dead
28219,Alive
28220,Dead
28221,Alive
28222,Dead
28223,Alive
28224,Dead
28225,Alive
28226,Dead
28227,Alive
28228,Dead
28229,Alive
28230,Dead
28231,Alive
28232,Dead
28233,Alive
28234,Dead
28235,Alive
28236,Dead
28237,Alive
28238,Dead
28239,Alive
28240,Dead
28241,Alive
28242,Dead
28243,Alive
28244,Dead
28245,Alive
28246,Dead
28247,Alive
28248,Dead
28249,Alive
28250,Dead
28251,Alive
28252,Dead
28253,Alive
28254,Dead
28255,Alive
28256,Dead
28257,Alive
28258,Dead
28259,Alive
28260,Dead
28261,Alive
28262,Dead
28263,Alive
28264,Dead
28265,Alive
28266,Dead
28267,Alive
28268,Dead
28269,Alive
28270,Dead
28271,Alive
28272,Dead
28273,Alive
28274,Dead
28275,Alive
28276,Dead
28277,Alive
28278,Dead
28279,Alive
28280,Dead
28281,Alive
28282,Dead
28283,Alive
28284,Dead
28285,Alive
28286,Dead
28287,Alive
28288,Dead
28289,Alive
28290,Dead
28291,Alive
28292,Dead
28293,Alive
28294,Dead
28295,Alive
28296,Dead
28297,Alive
28298,Dead
28299,Alive
28300,Dead
28301,Alive
28302,Dead
28303,Alive
28304,Dead
28305,Alive
28306,Dead
28307,Alive
28308,Dead
28309,Alive
28310,Dead
28311,Alive
28312,Dead
28313,Alive
28314,Dead
28315,Alive
28316,Dead
28317,Alive
28318,Dead
28319,Alive
28320,Dead
28321,Alive
28322,Dead
28323,Alive
28324,Dead
28325,Alive
28326,Dead
28327,Alive
28328,Dead
28329,Alive
28330,Dead
28331,Alive
28332,Dead
28333,Alive
28334,Dead
28335,Alive
28336,Dead
28337,Alive
28338,Dead
28339,Alive
28340,Dead
28341,Alive
28342,Dead
28343,Alive
28344,Dead
28345,Alive
28346,Dead
28347,Alive
28348,Dead
28349,Alive
28350,Dead
28351,Alive
28352,Dead
28353,Alive
28354,Dead
28355,Alive
28356,Dead
28357,Alive
28358,Dead
28359,Alive
28360,Dead
28361,Alive
28362,Dead
28363,Alive
28364,Dead
28365,Alive
28366,Dead
28367,Alive
28368,Dead
28369,Alive
28370,Dead
28371,Alive
28372,Dead
28373,Alive
28374,Dead
28375,Alive
28376,Dead
28377,Alive
28378,Dead
28379,Alive
28380,Dead
28381,Alive
28382,Dead
28383,Alive
28384,Dead
28385,Alive
28386,Dead
28387,Alive
28388,Dead
28389,Alive
28390,Dead
28391,Alive
28392,Dead
28393,Alive
28394,Dead
28395,Alive
28396,Dead
28397,Alive
28398,Dead
28399,Alive
28400,Dead
28401,Alive
28402,Dead
28403,Alive
28404,Dead
28405,Alive
28406,Dead
28407,Alive
28408,Dead
28409,Alive
28410,Dead
28411,Alive
28412,Dead
28413,Alive
28414,Dead
28415,Alive
28416,Dead
28417,Alive
28418,Dead
28419,Alive
28420,Dead
28421,Alive
28422,Dead
28423,Alive
28424,Dead
28425,Alive
28426,Dead
28427,Alive
28428,Dead
28429,Alive
28430,Dead
28431,Alive
28432,Dead
28433,Alive
28434,Dead
28435,Alive
28436,Dead
28437,Alive
28438,Dead
28439,Alive
28440,Dead
28441,Alive
28442,Dead
28443,Alive
28444,Dead
28445,Alive
28446,Dead
28447,Alive
28448,Dead
28449,Alive
28450,Dead
28451,Alive
28452,Dead
28453,Alive
28454,Dead
28455,Alive
28456,Dead
28457,Alive
28458,Dead
28459,Alive
28460,Dead
28461,Alive
28462,Dead
28463,Alive
28464,Dead
28465,Alive
28466,Dead
28467,Alive
28468,Dead
28469,Alive
28470,Dead
28471,Alive
28472,Dead
28473,Alive
28474,Dead
28475,Alive
28476,Dead
28477,Alive
28478,Dead
28479,Alive
28480,Dead
28481,Alive
28482,Dead
28483,Alive
28484,Dead
28485,Alive
28486,Dead
28487,Alive
28488,Dead
28489,Alive
28490,Dead
28491,Alive
28492,Dead
28493,Alive
28494,Dead
28495,Alive
28496,Dead
28497,Alive
28498,Dead
28499,Alive
28500,Dead
28501,Alive
28502,Dead
28503,Alive
28504,Dead
28505,Alive
28506,Dead
28507,Alive
28508,Dead
28509,Alive
28510,Dead
28511,Alive
28512,Dead
28513,Alive
28514,Dead
28515,Alive
28516,Dead
28517,Alive
28518,Dead
28519,Alive
28520,Dead
28521,Alive
28522,Dead
28523,Alive
28524,Dead
28525,Alive
28526,Dead
28527,Alive
28528,Dead
28529,Alive
28530,Dead
28531,Alive
28532,Dead
28533,Alive
28534,Dead
28535,Alive
28536,Dead
28537,Alive
28538,Dead
28539,Alive
28540,Dead
28541,Alive
28542,Dead
28543,Alive
28544,Dead
28545,Alive
28546,Dead
28547,Alive
28548,Dead
28549,Alive
28550,Dead
28551,Alive
28552,Dead
28553,Alive
28554,Dead
28555,Alive
28556,Dead
28557,Alive
28558,Dead
28559,Alive
28560,Dead
28561,Alive
28562,Dead
28563,Alive
28564,Dead
28565,Alive
28566,Dead
28567,Alive
28568,Dead
28569,Alive
28570,Dead
28571,Alive
28572,Dead
28573,Alive
28574,Dead
28575,Alive
28576,Dead
28577,Alive
28578,Dead
28579,Alive
28580,Dead
28581,Alive
28582,Dead
28583,Alive
28584,Dead
28585,Alive
28586,Dead
28587,Alive
28588,Dead
28589,Alive
28590,Dead
28591,Alive
28592,Dead
28593,Alive
28594,Dead
28595,Alive
28596,Dead
28597,Alive
28598,Dead
28599,Alive
28600,Dead
28601,Alive
28602,Dead
28603,Alive
28604,Dead
28605,Alive
28606,Dead
28607,Alive
28608,Dead
28609,Alive
28610,Dead
28611,Alive
28612,Dead
28613,Alive
28614,Dead
28615,Alive
28616,Dead
28617,Alive
28618,Dead
28619,Alive
28620,Dead
28621,Alive
28622,Dead
28623,Alive
28624,Dead
28625,Alive
28626,Dead
28627,Alive
28628,Dead
28629,Alive
28630,Dead
28631,Alive
28632,Dead
28633,Alive
28634,Dead
28635,Alive
28636,Dead
28637,Alive
28638,Dead
28639,Alive
28640,Dead
28641,Alive
28642,Dead
28643,Alive
28644,Dead
28645,Alive
28646,Dead
28647,Alive
28648,Dead
28649,Alive
28650,Dead
28651,Alive
28652,Dead
28653,Alive
28654,Dead
28655,Alive
28656,Dead
28657,Alive
28658,Dead
28659,Alive
28660,Dead
28661,Alive
28662,Dead
28663,Alive
28664,Dead
28665,Alive
28666,Dead
28667,Alive
28668,Dead
28669,Alive
28670,Dead
28671,Alive
28672,Dead
28673,Alive
28674,Dead
28675,Alive
28676,Dead
28677,Alive
28678,Dead
28679,Alive
28680,Dead
28681,Alive
28682,Dead
28683,Alive
28684,Dead
28685,Alive
28686,Dead
28687,Alive
28688,Dead
28689,Alive
28690,Dead
28691,Alive
28692,Dead
28693,Alive
28694,Dead
28695,Alive
28696,Dead
28697,Alive
28698,Dead
28699,Alive
28700,Dead
28701,Alive
28702,Dead
28703,Alive
28704,Dead
28705,Alive
28706,Dead
28707,Alive
28708,Dead
28709,Alive
28710,Dead
28711,Alive
28712,Dead
28713,Alive
28714,Dead
28715,Alive
28716,Dead
28717,Alive
28718,Dead
28719,Alive
28720,Dead
28721,Alive
28722,Dead
28723,Alive
28724,Dead
28725,Alive
28726,Dead
28727,Alive
28728,Dead
28729,Alive
28730,Dead
28731,Alive
28732,Dead
28733,Alive
28734,Dead
28735,Alive
28736,Dead
28737,Alive
28738,Dead
28739,Alive
28740,Dead
28741,Alive
28742,Dead
28743,Alive
28744,Dead
28745,Alive
28746,Dead
28747,Alive
28748,Dead
28749,Alive
28750,Dead
28751,Alive
28752,Dead
28753,Alive
28754,Dead
28755,Alive
28756,Dead
28757,Alive
28758,Dead
28759,Alive
28760,Dead
28761,Alive
28762,Dead
28763,Alive
28764,Dead
28765,Alive
28766,Dead
28767,Alive
28768,Dead
28769,Alive
28770,Dead
28771,Alive
28772,Dead
28773,Alive
28774,Dead
28775,Alive
28776,Dead
28777,Alive
28778,Dead
28779,Alive
28780,Dead
28781,Alive
28782,Dead
28783,Alive
28784,Dead
28785,Alive
28786,Dead
28787,Alive
28788,Dead
28789,Alive
28790,Dead
28791,Alive
28792,Dead
28793,Alive
28794,Dead
28795,Alive
28796,Dead
28797,Alive
28798,Dead
28799,Alive
28800,Dead
28801,Alive
28802,Dead
28803,Alive
28804,Dead
28805,Alive
28806,Dead
28807,Alive
28808,Dead
28809,Alive
28810,Dead
28811,Alive
28812,Dead
28813,Alive
28814,Dead
28815,Alive
28816,Dead
28817,Alive
28818,Dead
28819,Alive
28820,Dead
28821,Alive
28822,Dead
28823,Alive
28824,Dead
28825,Alive
28826,Dead
28827,Alive
28828,Dead
28829,Alive
28830,Dead
28831,Alive
28832,Dead
28833,Alive
28834,Dead
28835,Alive
28836,Dead
28837,Alive
28838,Dead
28839,Alive
28840,Dead
28841,Alive
28842,Dead
28843,Alive
28844,Dead
28845,Alive
28846,Dead
28847,Alive
28848,Dead
28849,Alive
28850,Dead
28851,Alive
28852,Dead
28853,Alive
28854,Dead
28855,Alive
28856,Dead
28857,Alive
28858,Dead
28859,Alive
28860,Dead
28861,Alive
28862,Dead
28863,Alive
28864,Dead
28865,Alive
28866,Dead
28867,Alive
28868,Dead
28869,Alive
28870,Dead
28871,Alive
28872,Dead
28873,Alive
28874,Dead
28875,Alive
28876,Dead
28877,Alive
28878,Dead
28879,Alive
28880,Dead
28881,Alive
28882,Dead
28883,Alive
28884,Dead
28885,Alive
28886,Dead
28887,Alive
28888,Dead
28889,Alive
28890,Dead
28891,Alive
28892,Dead
28893,Alive
28894,Dead
28895,Alive
28896,Dead
28897,Alive
28898,Dead
28899,Alive
28900,Dead
28901,Alive
28902,Dead
28903,Alive
28904,Dead
28905,Alive
28906,Dead
28907,Alive
28908,Dead
28909,Alive
28910,Dead
28911,Alive
28912,Dead
28913,Alive
28914,Dead
28915,Alive
28916,Dead
28917,Alive
28918,Dead
28919,Alive
28920,Dead
28921,Alive
28922,Dead
28923,Alive
28924,Dead
28925,Alive
28926,Dead
28927,Alive
28928,Dead
28929,Alive
28930,Dead
28931,Alive
28932,Dead
28933,Alive
28934,Dead
28935,Alive
28936,Dead
28937,Alive
28938,Dead
28939,Alive
28940,Dead
28941,Alive
28942,Dead
28943,Alive
28944,Dead
28945,Alive
28946,Dead
28947,Alive
28948,Dead
28949,Alive
28950,Dead
28951,Alive
28952,Dead
28953,Alive
28954,Dead
28955,Alive
28956,Dead
28957,Alive
28958,Dead
28959,Alive
28960,Dead
28961,Alive
28962,Dead
28963,Alive
28964,Dead
28965,Alive
28966,Dead
28967,Alive
28968,Dead
28969,Alive
28970,Dead
28971,Alive
28972,Dead
28973,Alive
28974,Dead
28975,Alive
28976,Dead
28977,Alive
28978,Dead
28979,Alive
28980,Dead
28981,Alive
28982,Dead
28983,Alive
28984,Dead
28985,Alive
28986,Dead
28987,Alive
28988,Dead
28989,Alive
28990,Dead
28991,Alive
28992,Dead
28993,Alive
28994,Dead
28995,Alive
28996,Dead
28997,Alive
28998,Dead
28999,Alive
29000,Dead
29001,Alive
29002,Dead
29003,Alive
29004,Dead
29005,Alive
29006,Dead
29007,Alive
29008,Dead
29009,Alive
29010,Dead
29011,Alive
29012,Dead
29013,Alive
29014,Dead
29015,Alive
29016,Dead
29017,Alive
29018,Dead
29019,Alive
29020,Dead
29021,Alive
29022,Dead
29023,Alive
29024,Dead
29025,Alive
29026,Dead
29027,Alive
29028,Dead
29029,Alive
29030,Dead
29031,Alive
29032,Dead
29033,Alive
29034,Dead
29035,Alive
29036,Dead
29037,Alive
29038,Dead
29039,Alive
29040,Dead
29041,Alive
29042,Dead
29043,Alive
29044,Dead
29045,Alive
29046,Dead
29047,Alive
29048,Dead
29049,Alive
29050,Dead
29051,Alive
29052,Dead
29053,Alive
29054,Dead
29055,Alive
29056,Dead
29057,Alive
29058,Dead
29059,Alive
29060,Dead
29061,Alive
29062,Dead
29063,Alive
29064,Dead
29065,Alive
29066,Dead
29067,Alive
29068,Dead
29069,Alive
29070,Dead
29071,Alive
29072,Dead
29073,Alive
29074,Dead
29075,Alive
29076,Dead
29077,Alive
29078,Dead
29079,Alive
29080,Dead
29081,Alive
29082,Dead
29083,Alive
29084,Dead
29085,Alive
29086,Dead
29087,Alive
29088,Dead
29089,Alive
29090,Dead
29091,Alive
29092,Dead
29093,Alive
29094,Dead
29095,Alive
29096,Dead
29097,Alive
29098,Dead
29099,Alive
29100,Dead
29101,Alive
29102,Dead
29103,Alive
29104,Dead
29105,Alive
29106,Dead
29107,Alive
29108,Dead
29109,Alive
29110,Dead
29111,Alive
29112,Dead
29113,Alive
29114,Dead
29115,Alive
29116,Dead
29117,Alive
29118,Dead
29119,Alive
29120,Dead
29121,Alive
29122,Dead
29123,Alive
29124,Dead
29125,Alive
29126,Dead
29127,Alive
29128,Dead
29129,Alive
29130,Dead
29131,Alive
29132,Dead
29133,Alive
29134,Dead
29135,Alive
29136,Dead
29137,Alive
29138,Dead
29139,Alive
29140,Dead
29141,Alive
29142,Dead
29143,Alive
29144,Dead
29145,Alive
29146,Dead
29147,Alive
29148,Dead
29149,Alive
29150,Dead
29151,Alive
29152,Dead
29153,Alive
29154,Dead
29155,Alive
29156,Dead
29157,Alive
29158,Dead
29159,Alive
29160,Dead
29161,Alive
29162,Dead
29163,Alive
29164,Dead
29165,Alive
29166,Dead
29167,Alive
29168,Dead
29169,Alive
29170,Dead
29171,Alive
29172,Dead
29173,Alive
29174,Dead
29175,Alive
29176,Dead
29177,Alive
29178,Dead
29179,Alive
29180,Dead
29181,Alive
29182,Dead
29183,Alive
29184,Dead
29185,Alive
29186,Dead
29187,Alive
29188,Dead
29189,Alive
29190,Dead
29191,Alive
29192,Dead
29193,Alive
29194,Dead
29195,Alive
29196,Dead
29197,Alive
29198,Dead
29199,Alive
29200,Dead
29201,Alive
29202,Dead
29203,Alive
29204,Dead
29205,Alive
29206,Dead
29207,Alive
29208,Dead
29209,Alive
29210,Dead
29211,Alive
29212,Dead
29213,Alive
29214,Dead
29215,Alive
29216,Dead
29217,Alive
29218,Dead
29219,Alive
29220,Dead
29221,Alive
29222,Dead
29223,Alive
29224,Dead
29225,Alive
29226,Dead
29227,Alive
29228,Dead
29229,Alive
29230,Dead
29231,Alive
29232,Dead
29233,Alive
29234,Dead
29235,Alive
29236,Dead
29237,Alive
29238,Dead
29239,Alive
29240,Dead
29241,Alive
29242,Dead
29243,Alive
29244,Dead
29245,Alive
29246,Dead
29247,Alive
29248,Dead
29249,Alive
29250,Dead
29251,Alive
29252,Dead
29253,Alive
29254,Dead
29255,Alive
29256,Dead
29257,Alive
29258,Dead
29259,Alive
29260,Dead
29261,Alive
29262,Dead
29263,Alive
29264,Dead
29265,Alive
29266,Dead
29267,Alive
29268,Dead
29269,Alive
29270,Dead
29271,Alive
29272,Dead
29273,Alive
29274,Dead
29275,Alive
29276,Dead
29277,Alive
29278,Dead
29279,Alive
29280,Dead
29281,Alive
29282,Dead
29283,Alive
29284,Dead
29285,Alive
29286,Dead
29287,Alive
29288,Dead
29289,Alive
29290,Dead
29291,Alive
29292,Dead
29293,Alive
29294,Dead
29295,Alive
29296,Dead
29297,Alive
29298,Dead
29299,Alive
29300,Dead
29301,Alive
29302,Dead
29303,Alive
29304,Dead
29305,Alive
29306,Dead
29307,Alive
29308,Dead
29309,Alive
29310,Dead
29311,Alive
29312,Dead
29313,Alive
29314,Dead
29315,Alive
29316,Dead
29317,Alive
29318,Dead
29319,Alive
29320,Dead
29321,Alive
29322,Dead
29323,Alive
29324,Dead
29325,Alive
29326,Dead
29327,Alive
29328,Dead
29329,Alive
29330,Dead
29331,Alive
29332,Dead
29333,Alive
29334,Dead
29335,Alive
29336,Dead
29337,Alive
29338,Dead
29339,Alive
29340,Dead
29341,Alive
29342,Dead
29343,Alive
29344,Dead
29345,Alive
29346,Dead
29347,Alive
29348,Dead
29349,Alive
29350,Dead
29351,Alive
29352,Dead
29353,Alive
29354,Dead
29355,Alive
29356,Dead
29357,Alive
29358,Dead
29359,Alive
29360,Dead
29361,Alive
29362,Dead
29363,Alive
29364,Dead
29365,Alive
29366,Dead
29367,Alive
29368,Dead
29369,Alive
29370,Dead
29371,Alive
29372,Dead
29373,Alive
29374,Dead
29375,Alive
29376,Dead
29377,Alive
29378,Dead
29379,Alive
29380,Dead
29381,Alive
29382,Dead
29383,Alive
29384,Dead
29385,Alive
29386,Dead
29387,Alive
29388,Dead
29389,Alive
29390,Dead
29391,Alive
29392,Dead
29393,Alive
29394,Dead
29395,Alive
29396,Dead
29397,Alive
29398,Dead
29399,Alive
29400,Dead
29401,Alive
29402,Dead
29403,Alive
29404,Dead
29405,Alive
29406,Dead
29407,Alive
29408,Dead
29409,Alive
29410,Dead
29411,Alive
29412,Dead
29413,Alive
29414,Dead
29415,Alive
29416,Dead
29417,Alive
29418,Dead
29419,Alive
29420,Dead
29421,Alive
29422,Dead
29423,Alive
29424,Dead
29425,Alive
29426,Dead
29427,Alive
29428,Dead
29429,Alive
29430,Dead
29431,Alive
29432,Dead
29433,Alive
29434,Dead
29435,Alive
29436,Dead
29437,Alive
29438,Dead
29439,Alive
29440,Dead
29441,Alive
29442,Dead
29443,Alive
29444,Dead
29445,Alive
29446,Dead
29447,Alive
29448,Dead
29449,Alive
29450,Dead
29451,Alive
29452,Dead
29453,Alive
29454,Dead
29455,Alive
29456,Dead
29457,Alive
29458,Dead
29459,Alive
29460,Dead
29461,Alive
29462,Dead
29463,Alive
29464,Dead
29465,Alive
29466,Dead
29467,Alive
29468,Dead
29469,Alive
29470,Dead
29471,Alive
29472,Dead
29473,Alive
29474,Dead
29475,Alive
29476,Dead
29477,Alive
29478,Dead
29479,Alive
29480,Dead
29481,Alive
29482,Dead
29483,Alive
29484,Dead
29485,Alive
29486,Dead
29487,Alive
29488,Dead
29489,Alive
29490,Dead
29491,Alive
29492,Dead
29493,Alive
29494,Dead
29495,Alive
29496,Dead
29497,Alive
29498,Dead
29499,Alive
29500,Dead
29501,Alive
29502,Dead
29503,Alive
29504,Dead
29505,Alive
29506,Dead
29507,Alive
29508,Dead
29509,Alive
29510,Dead
29511,Alive
29512,Dead
29513,Alive
29514,Dead
29515,Alive
29516,Dead
29517,Alive
29518,Dead
29519,Alive
29520,Dead
29521,Alive
29522,Dead
29523,Alive
29524,Dead
29525,Alive
29526,Dead
29527,Alive
29528,Dead
29529,Alive
29530,Dead
29531,Alive
29532,Dead
29533,Alive
29534,Dead
29535,Alive
29536,Dead
29537,Alive
29538,Dead
29539,Alive
29540,Dead
29541,Alive
29542,Dead
29543,Alive
29544,Dead
29545,Alive
29546,Dead
29547,Alive
29548,Dead
29549,Alive
29550,Dead
29551,Alive
29552,Dead
29553,Alive
29554,Dead
29555,Alive
29556,Dead
29557,Alive
29558,Dead
29559,Alive
29560,Dead
29561,Alive
29562,Dead
29563,Alive
29564,Dead
29565,Alive
29566,Dead
29567,Alive
29568,Dead
29569,Alive
29570,Dead
29571,Alive
29572,Dead
29573,Alive
29574,Dead
29575,Alive
29576,Dead
29577,Alive
29578,Dead
29579,Alive
29580,Dead
29581,Alive
29582,Dead
29583,Alive
29584,Dead
29585,Alive
29586,Dead
29587,Alive
29588,Dead
29589,Alive
29590,Dead
29591,Alive
29592,Dead
29593,Alive
29594,Dead
29595,Alive
29596,Dead
29597,Alive
29598,Dead
29599,Alive
29600,Dead
29601,Alive
29602,Dead
29603,Alive
29604,Dead
29605,Alive
29606,Dead
29607,Alive
29608,Dead
29609,Alive
29610,Dead
29611,Alive
29612,Dead
29613,Alive
29614,Dead
29615,Alive
29616,Dead
29617,Alive
29618,Dead
29619,Alive
29620,Dead
29621,Alive
29622,Dead
29623,Alive
29624,Dead
29625,Alive
29626,Dead
29627,Alive
29628,Dead
29629,Alive
29630,Dead
29631,Alive
29632,Dead
29633,Alive
29634,Dead
29635,Alive
29636,Dead
29637,Alive
29638,Dead
29639,Alive
29640,Dead
29641,Alive
29642,Dead
29643,Alive
29644,Dead
29645,Alive
29646,Dead
29647,Alive
29648,Dead
29649,Alive
29650,Dead
29651,Alive
29652,Dead
29653,Alive
29654,Dead
29655,Alive
29656,Dead
29657,Alive
29658,Dead
29659,Alive
29660,Dead
29661,Alive
29662,Dead
29663,Alive
29664,Dead
29665,Alive
29666,Dead
29667,Alive
29668,Dead
29669,Alive
29670,Dead
29671,Alive
29672,Dead
29673,Alive
29674,Dead
29675,Alive
29676,Dead
29677,Alive
29678,Dead
29679,Alive
29680,Dead
29681,Alive
29682,Dead
29683,Alive
29684,Dead
29685,Alive
29686,Dead
29687,Alive
29688,Dead
29689,Alive
29690,Dead
29691,Alive
29692,Dead
29693,Alive
29694,Dead
29695,Alive
29696,Dead
29697,Alive
29698,Dead
29699,Alive
29700,Dead
29701,Alive
29702,Dead
29703,Alive
29704,Dead
29705,Alive
29706,Dead
29707,Alive
29708,Dead
29709,Alive
29710,Dead
29711,Alive
29712,Dead
29713,Alive
29714,Dead
29715,Alive
29716,Dead
29717,Alive
29718,Dead
29719,Alive
29720,Dead
29721,Alive
29722,Dead
29723,Alive
29724,Dead
29725,Alive
29726,Dead
29727,Alive
29728,Dead
29729,Alive
29730,Dead
29731,Alive
29732,Dead
29733,Alive
29734,Dead
29735,Alive
29736,Dead
29737,Alive
29738,Dead
29739,Alive
29740,Dead
29741,Alive
29742,Dead
29743,Alive
29744,Dead
29745,Alive
29746,Dead
29747,Alive
29748,Dead
29749,Alive
29750,Dead
29751,Alive
29752,Dead
29753,Alive
29754,Dead
29755,Alive
29756,Dead
29757,Alive
29758,Dead
29759,Alive
29760,Dead
29761,Alive
29762,Dead
29763,Alive
29764,Dead
29765,Alive
29766,Dead
29767,Alive
29768,Dead
29769,Alive
29770,Dead
29771,Alive
29772,Dead
29773,Alive
29774,Dead
29775,Alive
29776,Dead
29777,Alive
29778,Dead
29779,Alive
29780,Dead
29781,Alive
29782,Dead
29783,Alive
29784,Dead
29785,Alive
29786,Dead
29787,Alive
29788,Dead
29789,Alive
29790,Dead
29791,Alive
29792,Dead
29793,Alive
29794,Dead
29795,Alive
29796,Dead
29797,Alive
29798,Dead
29799,Alive
29800,Dead
29801,Alive
29802,Dead
29803,Alive
29804,Dead
29805,Alive
29806,Dead
29807,Alive
29808,Dead
29809,Alive
29810,Dead
29811,Alive
29812,Dead
29813,Alive
29814,Dead
29815,Alive
29816,Dead
29817,Alive
29818,Dead
29819,Alive
29820,Dead
29821,Alive
29822,Dead
29823,Alive
29824,Dead
29825,Alive
29826,Dead
29827,Alive
29828,Dead
29829,Alive
29830,Dead
29831,Alive
29832,Dead
29833,Alive
29834,Dead
29835,Alive
29836,Dead
29837,Alive
29838,Dead
29839,Alive
29840,Dead
29841,Alive
29842,Dead
29843,Alive
29844,Dead
29845,Alive
29846,Dead
29847,Alive
29848,Dead
29849,Alive
29850,Dead
29851,Alive
29852,Dead
29853,Alive
29854,Dead
29855,Alive
29856,Dead
29857,Alive
29858,Dead
29859,Alive
29860,Dead
29861,Alive
29862,Dead
29863,Alive
29864,Dead
29865,Alive
29866,Dead
29867,Alive
29868,Dead
29869,Alive
29870,Dead
29871,Alive
29872,Dead
29873,Alive
29874,Dead
29875,Alive
29876,Dead
29877,Alive
29878,Dead
29879,Alive
29880,Dead
29881,Alive
29882,Dead
29883,Alive
29884,Dead
29885,Alive
29886,Dead
29887,Alive
29888,Dead
29889,Alive
29890,Dead
29891,Alive
29892,Dead
29893,Alive
29894,Dead
29895,Alive
29896,Dead
29897,Alive
29898,Dead
29899,Alive
29900,Dead
29901,Alive
29902,Dead
29903,Alive
29904,Dead
29905,Alive
29906,Dead
29907,Alive
29908,Dead
29909,Alive
29910,Dead
29911,Alive
29912,Dead
29913,Alive
29914,Dead
29915,Alive
29916,Dead
29917,Alive
29918,Dead
29919,Alive
29920,Dead
29921,Alive
29922,Dead
29923,Alive
29924,Dead
29925,Alive
29926,Dead
29927,Alive
29928,Dead
29929,Alive
29930,Dead
29931,Alive
29932,Dead
29933,Alive
29934,Dead
29935,Alive
29936,Dead
29937,Alive
29938,Dead
29939,Alive
29940,Dead
29941,Alive
29942,Dead
29943,Alive
29944,Dead
29945,Alive
29946,Dead
29947,Alive
29948,Dead
29949,Alive
29950,Dead
29951,Alive
29952,Dead
29953,Alive
29954,Dead
29955,Alive
29956,Dead
29957,Alive
29958,Dead
29959,Alive
29960,Dead
29961,Alive
29962,Dead
29963,Alive
29964,Dead
29965,Alive
29966,Dead
29967,Alive
29968,Dead
29969,Alive
29970,Dead
29971,Alive
29972,Dead
29973,Alive
29974,Dead
29975,Alive
29976,Dead
29977,Alive
29978,Dead
29979,Alive
29980,Dead
29981,Alive
29982,Dead
29983,Alive
29984,Dead
29985,Alive
29986,Dead
29987,Alive
29988,Dead
29989,Alive
29990,Dead
29991,Alive
29992,Dead
29993,Alive
29994,Dead
29995,Alive
29996,Dead
29997,Alive
29998,Dead
29999,Alive
30000,Dead
30001,Alive
30002,Dead
30003,Alive
30004,Dead
30005,Alive
30006,Dead
30007,Alive
30008,Dead
30009,Alive
30010,Dead
30011,Alive
30012,Dead
30013,Alive
30014,Dead
30015,Alive
30016,Dead
30017,Alive
30018,Dead
30019,Alive
30020,Dead
30021,Alive
30022,Dead
30023,Alive
30024,Dead
30025,Alive
30026,Dead
30027,Alive
30028,Dead
30029,Alive
30030,Dead
30031,Alive
30032,Dead
30033,Alive
30034,Dead
30035,Alive
30036,Dead
30037,Alive
30038,Dead
30039,Alive
30040,Dead
30041,Alive
30042,Dead
30043,Alive
30044,Dead
30045,Alive
30046,Dead
30047,Alive
30048,Dead
30049,Alive
30050,Dead
30051,Alive
30052,Dead
30053,Alive
30054,Dead
30055,Alive
30056,Dead
30057,Alive
30058,Dead
30059,Alive
30060,Dead
30061,Alive
30062,Dead
30063,Alive
30064,Dead
30065,Alive
30066,Dead
30067,Alive
30068,Dead
30069,Alive
30070,Dead
30071,Alive
30072,Dead
30073,Alive
30074,Dead
30075,Alive
30076,Dead
30077,Alive
30078,Dead
30079,Alive
30080,Dead
30081,Alive
30082,Dead
30083,Alive
30084,Dead
30085,Alive
30086,Dead
30087,Alive
30088,Dead
30089,Alive
30090,Dead
30091,Alive
30092,Dead
30093,Alive
30094,Dead
30095,Alive
30096,Dead
30097,Alive
30098,Dead
30099,Alive
30100,Dead
30101,Alive
30102,Dead
30103,Alive
30104,Dead
30105,Alive
30106,Dead
30107,Alive
30108,Dead
30109,Alive
30110,Dead
30111,Alive
30112,Dead
30113,Alive
30114,Dead
30115,Alive
30116,Dead
30117,Alive
30118,Dead
30119,Alive
30120,Dead
30121,Alive
30122,Dead
30123,Alive
30124,Dead
30125,Alive
30126,Dead
30127,Alive
30128,Dead
30129,Alive
30130,Dead
30131,Alive
30132,Dead
30133,Alive
30134,Dead
30135,Alive
30136,Dead
30137,Alive
30138,Dead
30139,Alive
30140,Dead
30141,Alive
30142,Dead
30143,Alive
30144,Dead
30145,Alive
30146,Dead
30147,Alive
30148,Dead
30149,Alive
30150,Dead
30151,Alive
30152,Dead
30153,Alive
30154,Dead
30155,Alive
30156,Dead
30157,Alive
30158,Dead
30159,Alive
30160,Dead
30161,Alive
30162,Dead
30163,Alive
30164,Dead
30165,Alive
30166,Dead
30167,Alive
30168,Dead
30169,Alive
30170,Dead
30171,Alive
30172,Dead
30173,Alive
30174,Dead
30175,Alive
30176,Dead
30177,Alive
30178,Dead
30179,Alive
30180,Dead
30181,Alive
30182,Dead
30183,Alive
30184,Dead
30185,Alive
30186,Dead
30187,Alive
30188,Dead
30189,Alive
30190,Dead
30191,Alive
30192,Dead
30193,Alive
30194,Dead
30195,Alive
30196,Dead
30197,Alive
30198,Dead
30199,Alive
30200,Dead
30201,Alive
30202,Dead
30203,Alive
30204,Dead
30205,Alive
30206,Dead
30207,Alive
30208,Dead
30209,Alive
30210,Dead
30211,Alive
30212,Dead
30213,Alive
30214,Dead
30215,Alive
30216,Dead
30217,Alive
30218,Dead
30219,Alive
30220,Dead
30221,Alive
30222,Dead
30223,Alive
30224,Dead
30225,Alive
30226,Dead
30227,Alive
30228,Dead
30229,Alive
30230,Dead
30231,Alive
30232,Dead
30233,Alive
30234,Dead
30235,Alive
30236,Dead
30237,Alive
30238,Dead
30239,Alive
30240,Dead
30241,Alive
30242,Dead
30243,Alive
30244,Dead
30245,Alive
30246,Dead
30247,Alive
30248,Dead
30249,Alive
30250,Dead
30251,Alive
30252,Dead
30253,Alive
30254,Dead
30255,Alive
30256,Dead
30257,Alive
30258,Dead
30259,Alive
30260,Dead
30261,Alive
30262,Dead
30263,Alive
30264,Dead
30265,Alive
30266,Dead
30267,Alive
30268,Dead
30269,Alive
30270,Dead
30271,Alive
30272,Dead
30273,Alive
30274,Dead
30275,Alive
30276,Dead
30277,Alive
30278,Dead
30279,Alive
30280,Dead
30281,Alive
30282,Dead
30283,Alive
30284,Dead
30285,Alive
30286,Dead
30287,Alive
30288,Dead
30289,Alive
30290,Dead
30291,Alive
30292,Dead
30293,Alive
30294,Dead
30295,Alive
30296,Dead
30297,Alive
30298,Dead
30299,Alive
30300,Dead
30301,Alive
30302,Dead
30303,Alive
30304,Dead
30305,Alive
30306,Dead
30307,Alive
30308,Dead
30309,Alive
30310,Dead
30311,Alive
30312,Dead
30313,Alive
30314,Dead
30315,Alive
30316,Dead
30317,Alive
30318,Dead
30319,Alive
30320,Dead
30321,Alive
30322,Dead
30323,Alive
30324,Dead
30325,Alive
30326,Dead
30327,Alive
30328,Dead
30329,Alive
30330,Dead
30331,Alive
30332,Dead
30333,Alive
30334,Dead
30335,Alive
30336,Dead
30337,Alive
30338,Dead
30339,Alive
30340,Dead
30341,Alive
30342,Dead
30343,Alive
30344,Dead
30345,Alive
30346,Dead
30347,Alive
30348,Dead
30349,Alive
30350,Dead
30351,Alive
30352,Dead
30353,Alive
30354,Dead
30355,Alive
30356,Dead
30357,Alive
30358,Dead
30359,Alive
30360,Dead
30361,Alive
30362,Dead
30363,Alive
30364,Dead
30365,Alive
30366,Dead
30367,Alive
30368,Dead
30369,Alive
30370,Dead
30371,Alive
30372,Dead
30373,Alive
30374,Dead
30375,Alive
30376,Dead
30377,Alive
30378,Dead
30379,Alive
30380,Dead
30381,Alive
30382,Dead
30383,Alive
30384,Dead
30385,Alive
30386,Dead
30387,Alive
30388,Dead
30389,Alive
30390,Dead
30391,Alive
30392,Dead
30393,Alive
30394,Dead
30395,Alive
30396,Dead
30397,Alive
30398,Dead
30399,Alive
30400,Dead
30401,Alive
30402,Dead
30403,Alive
30404,Dead
30405,Alive
30406,Dead
30407,Alive
30408,Dead
30409,Alive
30410,Dead
30411,Alive
30412,Dead
30413,Alive
30414,Dead
30415,Alive
30416,Dead
30417,Alive
30418,Dead
30419,Alive
30420,Dead
30421,Alive
30422,Dead
30423,Alive
30424,Dead
30425,Alive
30426,Dead
30427,Alive
30428,Dead
30429,Alive
30430,Dead
30431,Alive
30432,Dead
30433,Alive
30434,Dead
30435,Alive
30436,Dead
30437,Alive
30438,Dead
30439,Alive
30440,Dead
30441,Alive
30442,Dead
30443,Alive
30444,Dead
30445,Alive
30446,Dead
30447,Alive
30448,Dead
30449,Alive
30450,Dead
30451,Alive
30452,Dead
30453,Alive
30454,Dead
30455,Alive
30456,Dead
30457,Alive
30458,Dead
30459,Alive
30460,Dead
30461,Alive
30462,Dead
30463,Alive
30464,Dead
30465,Alive
30466,Dead
30467,Alive
30468,Dead
30469,Alive
30470,Dead
30471,Alive
30472,Dead
30473,Alive
30474,Dead
30475,Alive
30476,Dead
30477,Alive
30478,Dead
30479,Alive
30480,Dead
30481,Alive
30482,Dead
30483,Alive
30484,Dead
30485,Alive
30486,Dead
30487,Alive
30488,Dead
30489,Alive
30490,Dead
30491,Alive
30492,Dead
30493,Alive
30494,Dead
30495,Alive
30496,Dead
30497,Alive
30498,Dead
30499,Alive
30500,Dead
30501,Alive
30502,Dead
30503,Alive
30504,Dead
30505,Alive
30506,Dead
30507,Alive
30508,Dead
30509,Alive
30510,Dead
30511,Alive
30512,Dead
30513,Alive
30514,Dead
30515,Alive
30516,Dead
30517,Alive
30518,Dead
30519,Alive
30520,Dead
30521,Alive
30522,Dead
30523,Alive
30524,Dead
30525,Alive
30526,Dead
30527,Alive
30528,Dead
30529,Alive
30530,Dead
30531,Alive
30532,Dead
30533,Alive
30534,Dead
30535,Alive
30536,Dead
30537,Alive
30538,Dead
30539,Alive
30540,Dead
30541,Alive
30542,Dead
30543,Alive
30544,Dead
30545,Alive
30546,Dead
30547,Alive
30548,Dead
30549,Alive
30550,Dead
30551,Alive
30552,Dead
30553,Alive
30554,Dead
30555,Alive
30556,Dead
30557,Alive
30558,Dead
30559,Alive
30560,Dead
30561,Alive
30562,Dead
30563,Alive
30564,Dead
30565,Alive
30566,Dead
30567,Alive
30568,Dead
30569,Alive
30570,Dead
30571,Alive
30572,Dead
30573,Alive
30574,Dead
30575,Alive
30576,Dead
30577,Alive
30578,Dead
30579,Alive
30580,Dead
30581,Alive
30582,Dead
30583,Alive
30584,Dead
30585,Alive
30586,Dead
30587,Alive
30588,Dead
30589,Alive
30590,Dead
30591,Alive
30592,Dead
30593,Alive
30594,Dead
30595,Alive
30596,Dead
30597,Alive
30598,Dead
30599,Alive
30600,Dead
30601,Alive
30602,Dead
30603,Alive
30604,Dead
30605,Alive
30606,Dead
30607,Alive
30608,Dead
30609,Alive
30610,Dead
30611,Alive
30612,Dead
30613,Alive
30614,Dead
30615,Alive
30616,Dead
30617,Alive
30618,Dead
30619,Alive
30620,Dead
30621,Alive
30622,Dead
30623,Alive
30624,Dead
30625,Alive
30626,Dead
30627,Alive
30628,Dead
30629,Alive
30630,Dead
30631,Alive
30632,Dead
30633,Alive
30634,Dead
30635,Alive
30636,Dead
30637,Alive
30638,Dead
30639,Alive
30640,Dead
30641,Alive
30642,Dead
30643,Alive
30644,Dead
30645,Alive
30646,Dead
30647,Alive
30648,Dead
30649,Alive
30650,Dead
30651,Alive
30652,Dead
30653,Alive
30654,Dead
30655,Alive
30656,Dead
30657,Alive
30658,Dead
30659,Alive
30660,Dead
30661,Alive
30662,Dead
30663,Alive
30664,Dead
30665,Alive
30666,Dead
30667,Alive
30668,Dead
30669,Alive
30670,Dead
30671,Alive
30672,Dead
30673,Alive
30674,Dead
30675,Alive
30676,Dead
30677,Alive
30678,Dead
30679,Alive
30680,Dead
30681,Alive
30682,Dead
30683,Alive
30684,Dead
30685,Alive
30686,Dead
30687,Alive
30688,Dead
30689,Alive
30690,Dead
30691,Alive
30692,Dead
30693,Alive
30694,Dead
30695,Alive
30696,Dead
30697,Alive
30698,Dead
30699,Alive
30700,Dead
30701,Alive
30702,Dead
30703,Alive
30704,Dead
30705,Alive
30706,Dead
30707,Alive
30708,Dead
30709,Alive
30710,Dead
30711,Alive
30712,Dead
30713,Alive
30714,Dead
30715,Alive
30716,Dead
30717,Alive
30718,Dead
30719,Alive
30720,Dead
30721,Alive
30722,Dead
30723,Alive
30724,Dead
30725,Alive
30726,Dead
30727,Alive
30728,Dead
30729,Alive
30730,Dead
30731,Alive
30732,Dead
30733,Alive
30734,Dead
30735,Alive
30736,Dead
30737,Alive
30738,Dead
30739,Alive
30740,Dead
30741,Alive
30742,Dead
30743,Alive
30744,Dead
30745,Alive
30746,Dead
30747,Alive
30748,Dead
30749,Alive
30750,Dead
30751,Alive
30752,Dead
30753,Alive
30754,Dead
30755,Alive
30756,Dead
30757,Alive
30758,Dead
30759,Alive
30760,Dead
30761,Alive
30762,Dead
30763,Alive
30764,Dead
30765,Alive
30766,Dead
30767,Alive
30768,Dead
30769,Alive
30770,Dead
30771,Alive
30772,Dead
30773,Alive
30774,Dead
30775,Alive
30776,Dead
30777,Alive
30778,Dead
30779,Alive
30780,Dead
30781,Alive
30782,Dead
30783,Alive
30784,Dead
30785,Alive
30786,Dead
30787,Alive
30788,Dead
30789,Alive
30790,Dead
30791,Alive
30792,Dead
30793,Alive
30794,Dead
30795,Alive
30796,Dead
30797,Alive
30798,Dead
30799,Alive
30800,Dead
30801,Alive
30802,Dead
30803,Alive
30804,Dead
30805,Alive
30806,Dead
30807,Alive
30808,Dead
30809,Alive
30810,Dead
30811,Alive
30812,Dead
30813,Alive
30814,Dead
30815,Alive
30816,Dead
30817,Alive
30818,Dead
30819,Alive
30820,Dead
30821,Alive
30822,Dead
30823,Alive
30824,Dead
30825,Alive
30826,Dead
30827,Alive
30828,Dead
30829,Alive
30830,Dead
30831,Alive
30832,Dead
30833,Alive
30834,Dead
30835,Alive
30836,Dead
30837,Alive
30838,Dead
30839,Alive
30840,Dead
30841,Alive
30842,Dead
30843,Alive
30844,Dead
30845,Alive
30846,Dead
30847,Alive
30848,Dead
30849,Alive
30850,Dead
30851,Alive
30852,Dead
30853,Alive
30854,Dead
30855,Alive
30856,Dead
30857,Alive
30858,Dead
30859,Alive
30860,Dead
30861,Alive
30862,Dead
30863,Alive
30864,Dead
30865,Alive
30866,Dead
30867,Alive
30868,Dead
30869,Alive
30870,Dead
30871,Alive
30872,Dead
30873,Alive
30874,Dead
30875,Alive
30876,Dead
30877,Alive
30878,Dead
30879,Alive
30880,Dead
30881,Alive
30882,Dead
30883,Alive
30884,Dead
30885,Alive
30886,Dead
30887,Alive
30888,Dead
30889,Alive
30890,Dead
30891,Alive
30892,Dead
30893,Alive
30894,Dead
30895,Alive
30896,Dead
30897,Alive
30898,Dead
30899,Alive
30900,Dead
30901,Alive
30902,Dead
30903,Alive
30904,Dead
30905,Alive
30906,Dead
30907,Alive
30908,Dead
30909,Alive
30910,Dead
30911,Alive
30912,Dead
30913,Alive
30914,Dead
30915,Alive
30916,Dead
30917,Alive
30918,Dead
30919,Alive
30920,Dead
30921,Alive
30922,Dead
30923,Alive
30924,Dead
30925,Alive
30926,Dead
30927,Alive
30928,Dead
30929,Alive
30930,Dead
30931,Alive
30932,Dead
30933,Alive
30934,Dead
30935,Alive
30936,Dead
30937,Alive
30938,Dead
30939,Alive
30940,Dead
30941,Alive
30942,Dead
30943,Alive
30944,Dead
30945,Alive
30946,Dead
30947,Alive
30948,Dead
30949,Alive
30950,Dead
30951,Alive
30952,Dead
30953,Alive
30954,Dead
30955,Alive
30956,Dead
30957,Alive
30958,Dead
30959,Alive
30960,Dead
30961,Alive
30962,Dead
30963,Alive
30964,Dead
30965,Alive
30966,Dead
30967,Alive
30968,Dead
30969,Alive
30970,Dead
30971,Alive
30972,Dead
30973,Alive
30974,Dead
30975,Alive
30976,Dead
30977,Alive
30978,Dead
30979,Alive
30980,Dead
30981,Alive
30982,Dead
30983,Alive
30984,Dead
30985,Alive
30986,Dead
30987,Alive
30988,Dead
30989,Alive
30990,Dead
30991,Alive
30992,Dead
30993,Alive
30994,Dead
30995,Alive
30996,Dead
30997,Alive
30998,Dead
30999,Alive
31000,Dead
31001,Alive
31002,Dead
31003,Alive
31004,Dead
31005,Alive
31006,Dead
31007,Alive
31008,Dead
31009,Alive
31010,Dead
31011,Alive
31012,Dead
31013,Alive
31014,Dead
31015,Alive
31016,Dead
31017,Alive
31018,Dead
31019,Alive
31020,Dead
31021,Alive
31022,Dead
31023,Alive
31024,Dead
31025,Alive
31026,Dead
31027,Alive
31028,Dead
31029,Alive
31030,Dead
31031,Alive
31032,Dead
31033,Alive
31034,Dead
31035,Alive
31036,Dead
31037,Alive
31038,Dead
31039,Alive
31040,Dead
31041,Alive
31042,Dead
31043,Alive
31044,Dead
31045,Alive
31046,Dead
31047,Alive
31048,Dead
31049,Alive
31050,Dead
31051,Alive
31052,Dead
31053,Alive
31054,Dead
31055,Alive
31056,Dead
31057,Alive
31058,Dead
31059,Alive
31060,Dead
31061,Alive
31062,Dead
31063,Alive
31064,Dead
31065,Alive
31066,Dead
31067,Alive
31068,Dead
31069,Alive
31070,Dead
31071,Alive
31072,Dead
31073,Alive
31074,Dead
31075,Alive
31076,Dead
31077,Alive
31078,Dead
31079,Alive
31080,Dead
31081,Alive
31082,Dead
31083,Alive
31084,Dead
31085,Alive
31086,Dead
31087,Alive
31088,Dead
31089,Alive
31090,Dead
31091,Alive
31092,Dead
31093,Alive
31094,Dead
31095,Alive
31096,Dead
31097,Alive
31098,Dead
31099,Alive
31100,Dead
31101,Alive
31102,Dead
31103,Alive
31104,Dead
31105,Alive
31106,Dead
31107,Alive
31108,Dead
31109,Alive
31110,Dead
31111,Alive
31112,Dead
31113,Alive
31114,Dead
31115,Alive
31116,Dead
31117,Alive
31118,Dead
31119,Alive
31120,Dead
31121,Alive
31122,Dead
31123,Alive
31124,Dead
31125,Alive
31126,Dead
31127,Alive
31128,Dead
31129,Alive
31130,Dead
31131,Alive
31132,Dead
31133,Alive
31134,Dead
31135,Alive
31136,Dead
31137,Alive
31138,Dead
31139,Alive
31140,Dead
31141,Alive
31142,Dead
31143,Alive
31144,Dead
31145,Alive
31146,Dead
31147,Alive
31148,Dead
31149,Alive
31150,Dead
31151,Alive
31152,Dead
31153,Alive
31154,Dead
31155,Alive
31156,Dead
31157,Alive
31158,Dead
31159,Alive
31160,Dead
31161,Alive
31162,Dead
31163,Alive
31164,Dead
31165,Alive
31166,Dead
31167,Alive
31168,Dead
31169,Alive
31170,Dead
31171,Alive
31172,Dead
31173,Alive
31174,Dead
31175,Alive
31176,Dead
31177,Alive
31178,Dead
31179,Alive
31180,Dead
31181,Alive
31182,Dead
31183,Alive
31184,Dead
31185,Alive
31186,Dead
31187,Alive
31188,Dead
31189,Alive
31190,Dead
31191,Alive
31192,Dead
31193,Alive
31194,Dead
31195,Alive
31196,Dead
31197,Alive
31198,Dead
31199,Alive
31200,Dead
31201,Alive
31202,Dead
31203,Alive
31204,Dead
31205,Alive
31206,Dead
31207,Alive
31208,Dead
31209,Alive
31210,Dead
31211,Alive
31212,Dead
31213,Alive
31214,Dead
31215,Alive
31216,Dead
31217,Alive
31218,Dead
31219,Alive
31220,Dead
31221,Alive
31222,Dead
31223,Alive
31224,Dead
31225,Alive
31226,Dead
31227,Alive
31228,Dead
31229,Alive
31230,Dead
31231,Alive
31232,Dead
31233,Alive
31234,Dead
31235,Alive
31236,Dead
31237,Alive
31238,Dead
31239,Alive
31240,Dead
31241,Alive
31242,Dead
31243,Alive
31244,Dead
31245,Alive
31246,Dead
31247,Alive
31248,Dead
31249,Alive
31250,Dead
31251,Alive
31252,Dead
31253,Alive
31254,Dead
31255,Alive
31256,Dead
31257,Alive
31258,Dead
31259,Alive
31260,Dead
31261,Alive
31262,Dead
31263,Alive
31264,Dead
31265,Alive
31266,Dead
31267,Alive
31268,Dead
31269,Alive
31270,Dead
31271,Alive
31272,Dead
31273,Alive
31274,Dead
31275,Alive
31276,Dead
31277,Alive
31278,Dead
31279,Alive
31280,Dead
31281,Alive
31282,Dead
31283,Alive
31284,Dead
31285,Alive
31286,Dead
31287,Alive
31288,Dead
31289,Alive
31290,Dead
31291,Alive
31292,Dead
31293,Alive
31294,Dead
31295,Alive
31296,Dead
31297,Alive
31298,Dead
31299,Alive
31300,Dead
31301,Alive
31302,Dead
31303,Alive
31304,Dead
31305,Alive
31306,Dead
31307,Alive
31308,Dead
31309,Alive
31310,Dead
31311,Alive
31312,Dead
31313,Alive
31314,Dead
31315,Alive
31316,Dead
31317,Alive
31318,Dead
31319,Alive
31320,Dead
31321,Alive
31322,Dead
31323,Alive
31324,Dead
31325,Alive
31326,Dead
31327,Alive
31328,Dead
31329,Alive
31330,Dead
31331,Alive
31332,Dead
31333,Alive
31334,Dead
31335,Alive
31336,Dead
31337,Alive
31338,Dead
31339,Alive
31340,Dead
31341,Alive
31342,Dead
31343,Alive
31344,Dead
31345,Alive
31346,Dead
31347,Alive
31348,Dead
31349,Alive
31350,Dead
31351,Alive
31352,Dead
31353,Alive
31354,Dead
31355,Alive
31356,Dead
31357,Alive
31358,Dead
31359,Alive
31360,Dead
31361,Alive
31362,Dead
31363,Alive
31364,Dead
31365,Alive
31366,Dead
31367,Alive
31368,Dead
31369,Alive
31370,Dead
31371,Alive
31372,Dead
31373,Alive
31374,Dead
31375,Alive
31376,Dead
31377,Alive
31378,Dead
31379,Alive
31380,Dead
31381,Alive
31382,Dead
31383,Alive
31384,Dead
31385,Alive
31386,Dead
31387,Alive
31388,Dead
31389,Alive
31390,Dead
31391,Alive
31392,Dead
31393,Alive
31394,Dead
31395,Alive
31396,Dead
31397,Alive
31398,Dead
31399,Alive
31400,Dead
31401,Alive
31402,Dead
31403,Alive
31404,Dead
31405,Alive
31406,Dead
31407,Alive
31408,Dead
31409,Alive
31410,Dead
31411,Alive
31412,Dead
31413,Alive
31414,Dead
31415,Alive
31416,Dead
31417,Alive
31418,Dead
31419,Alive
31420,Dead
31421,Alive
31422,Dead
31423,Alive
31424,Dead
31425,Alive
31426,Dead
31427,Alive
31428,Dead
31429,Alive
31430,Dead
31431,Alive
31432,Dead
31433,Alive
31434,Dead
31435,Alive
31436,Dead
31437,Alive
31438,Dead
31439,Alive
31440,Dead
31441,Alive
31442,Dead
31443,Alive
31444,Dead
31445,Alive
31446,Dead
31447,Alive
31448,Dead
31449,Alive
31450,Dead
31451,Alive
31452,Dead
31453,Alive
31454,Dead
31455,Alive
31456,Dead
31457,Alive
31458,Dead
31459,Alive
31460,Dead
31461,Alive
31462,Dead
31463,Alive
31464,Dead
31465,Alive
31466,Dead
31467,Alive
31468,Dead
31469,Alive
31470,Dead
31471,Alive
31472,Dead
31473,Alive
31474,Dead
31475,Alive
31476,Dead
31477,Alive
31478,Dead
31479,Alive
31480,Dead
31481,Alive
31482,Dead
31483,Alive
31484,Dead
31485,Alive
31486,Dead
31487,Alive
31488,Dead
31489,Alive
31490,Dead
31491,Alive
31492,Dead
31493,Alive
31494,Dead
31495,Alive
31496,Dead
31497,Alive
31498,Dead
31499,Alive
31500,Dead
31501,Alive
31502,Dead
31503,Alive
31504,Dead
31505,Alive
31506,Dead
31507,Alive
31508,Dead
31509,Alive
31510,Dead
31511,Alive
31512,Dead
31513,Alive
31514,Dead
31515,Alive
31516,Dead
31517,Alive
31518,Dead
31519,Alive
31520,Dead
31521,Alive
31522,Dead
31523,Alive
31524,Dead
31525,Alive
31526,Dead
31527,Alive
31528,Dead
31529,Alive
31530,Dead
31531,Alive
31532,Dead
31533,Alive
31534,Dead
31535,Alive
31536,Dead
31537,Alive
31538,Dead
31539,Alive
31540,Dead
31541,Alive
31542,Dead
31543,Alive
31544,Dead
31545,Alive
31546,Dead
31547,Alive
31548,Dead
31549,Alive
31550,Dead
31551,Alive
31552,Dead
31553,Alive
31554,Dead
31555,Alive
31556,Dead
31557,Alive
31558,Dead
31559,Alive
31560,Dead
31561,Alive
31562,Dead
31563,Alive
31564,Dead
31565,Alive
31566,Dead
31567,Alive
31568,Dead
31569,Alive
31570,Dead
31571,Alive
31572,Dead
31573,Alive
31574,Dead
31575,Alive
31576,Dead
31577,Alive
31578,Dead
31579,Alive
31580,Dead
31581,Alive
31582,Dead
31583,Alive
31584,Dead
31585,Alive
31586,Dead
31587,Alive
31588,Dead
31589,Alive
31590,Dead
31591,Alive
31592,Dead
31593,Alive
31594,Dead
31595,Alive
31596,Dead
31597,Alive
31598,Dead
31599,Alive
31600,Dead
31601,Alive
31602,Dead
31603,Alive
31604,Dead
31605,Alive
31606,Dead
31607,Alive
31608,Dead
31609,Alive
31610,Dead
31611,Alive
31612,Dead
31613,Alive
31614,Dead
31615,Alive
31616,Dead
31617,Alive
31618,Dead
31619,Alive
31620,Dead
31621,Alive
31622,Dead
31623,Alive
31624,Dead
31625,Alive
31626,Dead
31627,Alive
31628,Dead
31629,Alive
31630,Dead
31631,Alive
31632,Dead
31633,Alive
31634,Dead
31635,Alive
31636,Dead
31637,Alive
31638,Dead
31639,Alive
31640,Dead
31641,Alive
31642,Dead
31643,Alive
31644,Dead
31645,Alive
31646,Dead
31647,Alive
31648,Dead
31649,Alive
31650,Dead
31651,Alive
31652,Dead
31653,Alive
31654,Dead
31655,Alive
31656,Dead
31657,Alive
31658,Dead
31659,Alive
31660,Dead
31661,Alive
31662,Dead
31663,Alive
31664,Dead
31665,Alive
31666,Dead
31667,Alive
31668,Dead
31669,Alive
31670,Dead
31671,Alive
31672,Dead
31673,Alive
31674,Dead
31675,Alive
31676,Dead
31677,Alive
31678,Dead
31679,Alive
31680,Dead
31681,Alive
31682,Dead
31683,Alive
31684,Dead
31685,Alive
31686,Dead
31687,Alive
31688,Dead
31689,Alive
31690,Dead
31691,Alive
31692,Dead
31693,Alive
31694,Dead
31695,Alive
31696,Dead
31697,Alive
31698,Dead
31699,Alive
31700,Dead
31701,Alive
31702,Dead
31703,Alive
31704,Dead
31705,Alive
31706,Dead
31707,Alive
31708,Dead
31709,Alive
31710,Dead
31711,Alive
31712,Dead
31713,Alive
31714,Dead
31715,Alive
31716,Dead
31717,Alive
31718,Dead
31719,Alive
31720,Dead
31721,Alive
31722,Dead
31723,Alive
31724,Dead
31725,Alive
31726,Dead
31727,Alive
31728,Dead
31729,Alive
31730,Dead
31731,Alive
31732,Dead
31733,Alive
31734,Dead
31735,Alive
31736,Dead
31737,Alive
31738,Dead
31739,Alive
31740,Dead
31741,Alive
31742,Dead
31743,Alive
31744,Dead
31745,Alive
31746,Dead
31747,Alive
31748,Dead
31749,Alive
31750,Dead
31751,Alive
31752,Dead
31753,Alive
31754,Dead
31755,Alive
31756,Dead
31757,Alive
31758,Dead
31759,Alive
31760,Dead
31761,Alive
31762,Dead
31763,Alive
31764,Dead
31765,Alive
31766,Dead
31767,Alive
31768,Dead
31769,Alive
31770,Dead
31771,Alive
31772,Dead
31773,Alive
31774,Dead
31775,Alive
31776,Dead
31777,Alive
31778,Dead
31779,Alive
31780,Dead
31781,Alive
31782,Dead
31783,Alive
31784,Dead
31785,Alive
31786,Dead
31787,Alive
31788,Dead
31789,Alive
31790,Dead
31791,Alive
31792,Dead
31793,Alive
31794,Dead
31795,Alive
31796,Dead
31797,Alive
31798,Dead
31799,Alive
31800,Dead
31801,Alive
31802,Dead
31803,Alive
31804,Dead
31805,Alive
31806,Dead
31807,Alive
31808,Dead
31809,Alive
31810,Dead
31811,Alive
31812,Dead
31813,Alive
31814,Dead
31815,Alive
31816,Dead
31817,Alive
31818,Dead
31819,Alive
31820,Dead
31821,Alive
31822,Dead
31823,Alive
31824,Dead
31825,Alive
31826,Dead
31827,Alive
31828,Dead
31829,Alive
31830,Dead
31831,Alive
31832,Dead
31833,Alive
31834,Dead
31835,Alive
31836,Dead
31837,Alive
31838,Dead
31839,Alive
31840,Dead
31841,Alive
31842,Dead
31843,Alive
31844,Dead
31845,Alive
31846,Dead
31847,Alive
31848,Dead
31849,Alive
31850,Dead
31851,Alive
31852,Dead
31853,Alive
31854,Dead
31855,Alive
31856,Dead
31857,Alive
31858,Dead
31859,Alive
31860,Dead
31861,Alive
31862,Dead
31863,Alive
31864,Dead
31865,Alive
31866,Dead
31867,Alive
31868,Dead
31869,Alive
31870,Dead
31871,Alive
31872,Dead
31873,Alive
31874,Dead
31875,Alive
31876,Dead
31877,Alive
31878,Dead
31879,Alive
31880,Dead
31881,Alive
31882,Dead
31883,Alive
31884,Dead
31885,Alive
31886,Dead
31887,Alive
31888,Dead
31889,Alive
31890,Dead
31891,Alive
31892,Dead
31893,Alive
31894,Dead
31895,Alive
31896,Dead
31897,Alive
31898,Dead
31899,Alive
31900,Dead
31901,Alive
31902,Dead
31903,Alive
31904,Dead
31905,Alive
31906,Dead
31907,Alive
31908,Dead
31909,Alive
31910,Dead
31911,Alive
31912,Dead
31913,Alive
31914,Dead
31915,Alive
31916,Dead
31917,Alive
31918,Dead
31919,Alive
31920,Dead
31921,Alive
31922,Dead
31923,Alive
31924,Dead
31925,Alive
31926,Dead
31927,Alive
31928,Dead
31929,Alive
31930,Dead
31931,Alive
31932,Dead
31933,Alive
31934,Dead
31935,Alive
31936,Dead
31937,Alive
31938,Dead
31939,Alive
31940,Dead
31941,Alive
31942,Dead
31943,Alive
31944,Dead
31945,Alive
31946,Dead
31947,Alive
31948,Dead
31949,Alive
31950,Dead
31951,Alive
31952,Dead
31953,Alive
31954,Dead
31955,Alive
31956,Dead
31957,Alive
31958,Dead
31959,Alive
31960,Dead
31961,Alive
31962,Dead
31963,Alive
31964,Dead
31965,Alive
31966,Dead
31967,Alive
31968,Dead
31969,Alive
31970,Dead
31971,Alive
31972,Dead
31973,Alive
31974,Dead
31975,Alive
31976,Dead
31977,Alive
31978,Dead
31979,Alive
31980,Dead
31981,Alive
31982,Dead
31983,Alive
31984,Dead
31985,Alive
31986,Dead
31987,Alive
31988,Dead
31989,Alive
31990,Dead
31991,Alive
31992,Dead
31993,Alive
31994,Dead
31995,Alive
31996,Dead
31997,Alive
31998,Dead
31999,Alive
32000,Dead
32001,Alive
32002,Dead
32003,Alive
32004,Dead
32005,Alive
32006,Dead
32007,Alive
32008,Dead
32009,Alive
32010,Dead
32011,Alive
32012,Dead
32013,Alive
32014,Dead
32015,Alive
32016,Dead
32017,Alive
32018,Dead
32019,Alive
32020,Dead
32021,Alive
32022,Dead
32023,Alive
32024,Dead
32025,Alive
32026,Dead
32027,Alive
32028,Dead
32029,Alive
32030,Dead
32031,Alive
32032,Dead
32033,Alive
32034,Dead
32035,Alive
32036,Dead
32037,Alive
32038,Dead
32039,Alive
32040,Dead
32041,Alive
32042,Dead
32043,Alive
32044,Dead
32045,Alive
32046,Dead
32047,Alive
32048,Dead
32049,Alive
32050,Dead
32051,Alive
32052,Dead
32053,Alive
32054,Dead
32055,Alive
32056,Dead
32057,Alive
32058,Dead
32059,Alive
32060,Dead
32061,Alive
32062,Dead
32063,Alive
32064,Dead
32065,Alive
32066,Dead
32067,Alive
32068,Dead
32069,Alive
32070,Dead
32071,Alive
32072,Dead
32073,Alive
32074,Dead
32075,Alive
32076,Dead
32077,Alive
32078,Dead
32079,Alive
32080,Dead
32081,Alive
32082,Dead
32083,Alive
32084,Dead
32085,Alive
32086,Dead
32087,Alive
32088,Dead
32089,Alive
32090,Dead
32091,Alive
32092,Dead
32093,Alive
32094,Dead
32095,Alive
32096,Dead
32097,Alive
32098,Dead
32099,Alive
32100,Dead
32101,Alive
32102,Dead
32103,Alive
32104,Dead
32105,Alive
32106,Dead
32107,Alive
32108,Dead
32109,Alive
32110,Dead
32111,Alive
32112,Dead
32113,Alive
32114,Dead
32115,Alive
32116,Dead
32117,Alive
32118,Dead
32119,Alive
32120,Dead
32121,Alive
32122,Dead
32123,Alive
32124,Dead
32125,Alive
32126,Dead
32127,Alive
32128,Dead
32129,Alive
32130,Dead
32131,Alive
32132,Dead
32133,Alive
32134,Dead
32135,Alive
32136,Dead
32137,Alive
32138,Dead
32139,Alive
32140,Dead
32141,Alive
32142,Dead
32143,Alive
32144,Dead
32145,Alive
32146,Dead
32147,Alive
32148,Dead
32149,Alive
32150,Dead
32151,Alive
32152,Dead
32153,Alive
32154,Dead
32155,Alive
32156,Dead
32157,Alive
32158,Dead
32159,Alive
32160,Dead
32161,Alive
32162,Dead
32163,Alive
32164,Dead
32165,Alive
32166,Dead
32167,Alive
32168,Dead
32169,Alive
32170,Dead
32171,Alive
32172,Dead
32173,Alive
32174,Dead
32175,Alive
32176,Dead
32177,Alive
32178,Dead
32179,Alive
32180,Dead
32181,Alive
32182,Dead
32183,Alive
32184,Dead
32185,Alive
32186,Dead
32187,Alive
32188,Dead
32189,Alive
32190,Dead
32191,Alive
32192,Dead
32193,Alive
32194,Dead
32195,Alive
32196,Dead
32197,Alive
32198,Dead
32199,Alive
32200,Dead
32201,Alive
32202,Dead
32203,Alive
32204,Dead
32205,Alive
32206,Dead
32207,Alive
32208,Dead
32209,Alive
32210,Dead
32211,Alive
32212,Dead
32213,Alive
32214,Dead
32215,Alive
32216,Dead
32217,Alive
32218,Dead
32219,Alive
32220,Dead
32221,Alive
32222,Dead
32223,Alive
32224,Dead
32225,Alive
32226,Dead
32227,Alive
32228,Dead
32229,Alive
32230,Dead
32231,Alive
32232,Dead
32233,Alive
32234,Dead
32235,Alive
32236,Dead
32237,Alive
32238,Dead
32239,Alive
32240,Dead
32241,Alive
32242,Dead
32243,Alive
32244,Dead
32245,Alive
32246,Dead
32247,Alive
32248,Dead
32249,Alive
32250,Dead
32251,Alive
32252,Dead
32253,Alive
32254,Dead
32255,Alive
32256,Dead
32257,Alive
32258,Dead
32259,Alive
32260,Dead
32261,Alive
32262,Dead
32263,Alive
32264,Dead
32265,Alive
32266,Dead
32267,Alive
32268,Dead
32269,Alive
32270,Dead
32271,Alive
32272,Dead
32273,Alive
32274,Dead
32275,Alive
32276,Dead
32277,Alive
32278,Dead
32279,Alive
32280,Dead
32281,Alive
32282,Dead
32283,Alive
32284,Dead
32285,Alive
32286,Dead
32287,Alive
32288,Dead
32289,Alive
32290,Dead
32291,Alive
32292,Dead
32293,Alive
32294,Dead
32295,Alive
32296,Dead
32297,Alive
32298,Dead
32299,Alive
32300,Dead
32301,Alive
32302,Dead
32303,Alive
32304,Dead
32305,Alive
32306,Dead
32307,Alive
32308,Dead
32309,Alive
32310,Dead
32311,Alive
32312,Dead
32313,Alive
32314,Dead
32315,Alive
32316,Dead
32317,Alive
32318,Dead
32319,Alive
32320,Dead
32321,Alive
32322,Dead
32323,Alive
32324,Dead
32325,Alive
32326,Dead
32327,Alive
32328,Dead
32329,Alive
32330,Dead
32331,Alive
32332,Dead
32333,Alive
32334,Dead
32335,Alive
32336,Dead
32337,Alive
32338,Dead
32339,Alive
32340,Dead
32341,Alive
32342,Dead
32343,Alive
32344,Dead
32345,Alive
32346,Dead
32347,Alive
32348,Dead
32349,Alive
32350,Dead
32351,Alive
32352,Dead
32353,Alive
32354,Dead
32355,Alive
32356,Dead
32357,Alive
32358,Dead
32359,Alive
32360,Dead
32361,Alive
32362,Dead
32363,Alive
32364,Dead
32365,Alive
32366,Dead
32367,Alive
32368,Dead
32369,Alive
32370,Dead
32371,Alive
32372,Dead
32373,Alive
32374,Dead
32375,Alive
32376,Dead
32377,Alive
32378,Dead
32379,Alive
32380,Dead
32381,Alive
32382,Dead
32383,Alive
32384,Dead
32385,Alive
32386,Dead
32387,Alive
32388,Dead
32389,Alive
32390,Dead
32391,Alive
32392,Dead
32393,Alive
32394,Dead
32395,Alive
32396,Dead
32397,Alive
32398,Dead
32399,Alive
32400,Dead
32401,Alive
32402,Dead
32403,Alive
32404,Dead
32405,Alive
32406,Dead
32407,Alive
32408,Dead
32409,Alive
32410,Dead
32411,Alive
32412,Dead
32413,Alive
32414,Dead
32415,Alive
32416,Dead
32417,Alive
32418,Dead
32419,Alive
32420,Dead
32421,Alive
32422,Dead
32423,Alive
32424,Dead
32425,Alive
32426,Dead
32427,Alive
32428,Dead
32429,Alive
32430,Dead
32431,Alive
32432,Dead
32433,Alive
32434,Dead
32435,Alive
32436,Dead
32437,Alive
32438,Dead
32439,Alive
32440,Dead
32441,Alive
32442,Dead
32443,Alive
32444,Dead
32445,Alive
32446,Dead
32447,Alive
32448,Dead
32449,Alive
32450,Dead
32451,Alive
32452,Dead
32453,Alive
32454,Dead
32455,Alive
32456,Dead
32457,Alive
32458,Dead
32459,Alive
32460,Dead
32461,Alive
32462,Dead
32463,Alive
32464,Dead
32465,Alive
32466,Dead
32467,Alive
32468,Dead
32469,Alive
32470,Dead
32471,Alive
32472,Dead
32473,Alive
32474,Dead
32475,Alive
32476,Dead
32477,Alive
32478,Dead
32479,Alive
32480,Dead
32481,Alive
32482,Dead
32483,Alive
32484,Dead
32485,Alive
32486,Dead
32487,Alive
32488,Dead
32489,Alive
32490,Dead
32491,Alive
32492,Dead
32493,Alive
32494,Dead
32495,Alive
32496,Dead
32497,Alive
32498,Dead
32499,Alive
32500,Dead
32501,Alive
32502,Dead
32503,Alive
32504,Dead
32505,Alive
32506,Dead
32507,Alive
32508,Dead
32509,Alive
32510,Dead
32511,Alive
32512,Dead
32513,Alive
32514,Dead
32515,Alive
32516,Dead
32517,Alive
32518,Dead
32519,Alive
32520,Dead
32521,Alive
32522,Dead
32523,Alive
32524,Dead
32525,Alive
32526,Dead
32527,Alive
32528,Dead
32529,Alive
32530,Dead
32531,Alive
32532,Dead
32533,Alive
32534,Dead
32535,Alive
32536,Dead
32537,Alive
32538,Dead
32539,Alive
32540,Dead
32541,Alive
32542,Dead
32543,Alive
32544,Dead
32545,Alive
32546,Dead
32547,Alive
32548,Dead
32549,Alive
32550,Dead
32551,Alive
32552,Dead
32553,Alive
32554,Dead
32555,Alive
32556,Dead
32557,Alive
32558,Dead
32559,Alive
32560,Dead
32561,Alive
32562,Dead
32563,Alive
32564,Dead
32565,Alive
32566,Dead
32567,Alive
32568,Dead
32569,Alive
32570,Dead
32571,Alive
32572,Dead
32573,Alive
32574,Dead
32575,Alive
32576,Dead
32577,Alive
32578,Dead
32579,Alive
32580,Dead
32581,Alive
32582,Dead
32583,Alive
32584,Dead
32585,Alive
32586,Dead
32587,Alive
32588,Dead
32589,Alive
32590,Dead
32591,Alive
32592,Dead
32593,Alive
32594,Dead
32595,Alive
32596,Dead
32597,Alive
32598,Dead
32599,Alive
32600,Dead
32601,Alive
32602,Dead
32603,Alive
32604,Dead
32605,Alive
32606,Dead
32607,Alive
32608,Dead
32609,Alive
32610,Dead
32611,Alive
32612,Dead
32613,Alive
32614,Dead
32615,Alive
32616,Dead
32617,Alive
32618,Dead
32619,Alive
32620,Dead
32621,Alive
32622,Dead
32623,Alive
32624,Dead
32625,Alive
32626,Dead
32627,Alive
32628,Dead
32629,Alive
32630,Dead
32631,Alive
32632,Dead
32633,Alive
32634,Dead
32635,Alive
32636,Dead
32637,Alive
32638,Dead
32639,Alive
32640,Dead
32641,Alive
32642,Dead
32643,Alive
32644,Dead
32645,Alive
32646,Dead
32647,Alive
32648,Dead
32649,Alive
32650,Dead
32651,Alive
32652,Dead
32653,Alive
32654,Dead
32655,Alive
32656,Dead
32657,Alive
32658,Dead
32659,Alive
32660,Dead
32661,Alive
32662,Dead
32663,Alive
32664,Dead
32665,Alive
32666,Dead
32667,Alive
32668,Dead
32669,Alive
32670,Dead
32671,Alive
32672,Dead
32673,Alive
32674,Dead
32675,Alive
32676,Dead
32677,Alive
32678,Dead
32679,Alive
32680,Dead
32681,Alive
32682,Dead
32683,Alive
32684,Dead
32685,Alive
32686,Dead
32687,Alive
32688,Dead
32689,Alive
32690,Dead
32691,Alive
32692,Dead
32693,Alive
32694,Dead
32695,Alive
32696,Dead
32697,Alive
32698,Dead
32699,Alive
32700,Dead
32701,Alive
32702,Dead
32703,Alive
32704,Dead
32705,Alive
32706,Dead
32707,Alive
32708,Dead
32709,Alive
32710,Dead
32711,Alive
32712,Dead
32713,Alive
32714,Dead
32715,Alive
32716,Dead
32717,Alive
32718,Dead
32719,Alive
32720,Dead
32721,Alive
32722,Dead
32723,Alive
32724,Dead
32725,Alive
32726,Dead
32727,Alive
32728,Dead
32729,Alive
32730,Dead
32731,Alive
32732,Dead
32733,Alive
32734,Dead
32735,Alive
32736,Dead
32737,Alive
32738,Dead
32739,Alive
32740,Dead
32741,Alive
32742,Dead
32743,Alive
32744,Dead
32745,Alive
32746,Dead
32747,Alive
32748,Dead
32749,Alive
32750,Dead
32751,Alive
32752,Dead
32753,Alive
32754,Dead
32755,Alive
32756,Dead
32757,Alive
32758,Dead
32759,Alive
32760,Dead
32761,Alive
32762,Dead
32763,Alive
32764,Dead
32765,Alive
32766,Dead
32767,Alive
32768,Dead
32769,Alive
32770,Dead
32771,Alive
32772,Dead
32773,Alive
32774,Dead
32775,Alive
32776,Dead
32777,Alive
32778,Dead
32779,Alive
32780,Dead
32781,Alive
32782,Dead
32783,Alive
32784,Dead
32785,Alive
32786,Dead
32787,Alive
32788,Dead
32789,Alive
32790,Dead
32791,Alive
32792,Dead
32793,Alive
32794,Dead
32795,Alive
32796,Dead
32797,Alive
32798,Dead
32799,Alive
32800,Dead
32801,Alive
32802,Dead
32803,Alive
32804,Dead
32805,Alive
32806,Dead
32807,Alive
32808,Dead
32809,Alive
32810,Dead
32811,Alive
32812,Dead
32813,Alive
32814,Dead
32815,Alive
32816,Dead
32817,Alive
32818,Dead
32819,Alive
32820,Dead
32821,Alive
32822,Dead
32823,Alive
32824,Dead
32825,Alive
32826,Dead
32827,Alive
32828,Dead
32829,Alive
32830,Dead
32831,Alive
32832,Dead
32833,Alive
32834,Dead
32835,Alive
32836,Dead
32837,Alive
32838,Dead
32839,Alive
32840,Dead
32841,Alive
32842,Dead
32843,Alive
32844,Dead
32845,Alive
32846,Dead
32847,Alive
32848,Dead
32849,Alive
32850,Dead
32851,Alive
32852,Dead
32853,Alive
32854,Dead
32855,Alive
32856,Dead
32857,Alive
32858,Dead
32859,Alive
32860,Dead
32861,Alive
32862,Dead
32863,Alive
32864,Dead
32865,Alive
32866,Dead
32867,Alive
32868,Dead
32869,Alive
32870,Dead
32871,Alive
32872,Dead
32873,Alive
32874,Dead
32875,Alive
32876,Dead
32877,Alive
32878,Dead
32879,Alive
32880,Dead
32881,Alive
32882,Dead
32883,Alive
32884,Dead
32885,Alive
32886,Dead
32887,Alive
32888,Dead
32889,Alive
32890,Dead
32891,Alive
32892,Dead
32893,Alive
32894,Dead
32895,Alive
32896,Dead
32897,Alive
32898,Dead
32899,Alive
32900,Dead
32901,Alive
32902,Dead
32903,Alive
32904,Dead
32905,Alive
32906,Dead
32907,Alive
32908,Dead
32909,Alive
32910,Dead
32911,Alive
32912,Dead
32913,Alive
32914,Dead
32915,Alive
32916,Dead
32917,Alive
32918,Dead
32919,Alive
32920,Dead
32921,Alive
32922,Dead
32923,Alive
32924,Dead
32925,Alive
32926,Dead
32927,Alive
32928,Dead
32929,Alive
32930,Dead
32931,Alive
32932,Dead
32933,Alive
32934,Dead
32935,Alive
32936,Dead
32937,Alive
32938,Dead
32939,Alive
32940,Dead
32941,Alive
32942,Dead
32943,Alive
32944,Dead
32945,Alive
32946,Dead
32947,Alive
32948,Dead
32949,Alive
32950,Dead
32951,Alive
32952,Dead
32953,Alive
32954,Dead
32955,Alive
32956,Dead
32957,Alive
32958,Dead
32959,Alive
32960,Dead
32961,Alive
32962,Dead
32963,Alive
32964,Dead
32965,Alive
32966,Dead
32967,Alive
32968,Dead
32969,Alive
32970,Dead
32971,Alive
32972,Dead
32973,Alive
32974,Dead
32975,Alive
32976,Dead
32977,Alive
32978,Dead
32979,Alive
32980,Dead
32981,Alive
32982,Dead
32983,Alive
32984,Dead
32985,Alive
32986,Dead
32987,Alive
32988,Dead
32989,Alive
32990,Dead
32991,Alive
32992,Dead
32993,Alive
32994,Dead
32995,Alive
32996,Dead
32997,Alive
32998,Dead
32999,Alive
33000,Dead
33001,Alive
33002,Dead
33003,Alive
33004,Dead
33005,Alive
33006,Dead
33007,Alive
33008,Dead
33009,Alive
33010,Dead
33011,Alive
33012,Dead
33013,Alive
33014,Dead
33015,Alive
33016,Dead
33017,Alive
33018,Dead
33019,Alive
33020,Dead
33021,Alive
33022,Dead
33023,Alive
33024,Dead
33025,Alive
33026,Dead
33027,Alive
33028,Dead
33029,Alive
33030,Dead
33031,Alive
33032,Dead
33033,Alive
33034,Dead
33035,Alive
33036,Dead
33037,Alive
33038,Dead
33039,Alive
33040,Dead
33041,Alive
33042,Dead
33043,Alive
33044,Dead
33045,Alive
33046,Dead
33047,Alive
33048,Dead
33049,Alive
33050,Dead
33051,Alive
33052,Dead
33053,Alive
33054,Dead
33055,Alive
33056,Dead
33057,Alive
33058,Dead
33059,Alive
33060,Dead
33061,Alive
33062,Dead
33063,Alive
33064,Dead
33065,Alive
33066,Dead
33067,Alive
33068,Dead
33069,Alive
33070,Dead
33071,Alive
33072,Dead
33073,Alive
33074,Dead
33075,Alive
33076,Dead
33077,Alive
33078,Dead
33079,Alive
33080,Dead
33081,Alive
33082,Dead
33083,Alive
33084,Dead
33085,Alive
33086,Dead
33087,Alive
33088,Dead
33089,Alive
33090,Dead
33091,Alive
33092,Dead
33093,Alive
33094,Dead
33095,Alive
33096,Dead
33097,Alive
33098,Dead
33099,Alive
33100,Dead
33101,Alive
33102,Dead
33103,Alive
33104,Dead
33105,Alive
33106,Dead
33107,Alive
33108,Dead
33109,Alive
33110,Dead
33111,Alive
33112,Dead
33113,Alive
33114,Dead
33115,Alive
33116,Dead
33117,Alive
33118,Dead
33119,Alive
33120,Dead
33121,Alive
33122,Dead
33123,Alive
33124,Dead
33125,Alive
33126,Dead
33127,Alive
33128,Dead
33129,Alive
33130,Dead
33131,Alive
33132,Dead
33133,Alive
33134,Dead
33135,Alive
33136,Dead
33137,Alive
33138,Dead
33139,Alive
33140,Dead
33141,Alive
33142,Dead
33143,Alive
33144,Dead
33145,Alive
33146,Dead
33147,Alive
33148,Dead
33149,Alive
33150,Dead
33151,Alive
33152,Dead
33153,Alive
33154,Dead
33155,Alive
33156,Dead
33157,Alive
33158,Dead
33159,Alive
33160,Dead
33161,Alive
33162,Dead
33163,Alive
33164,Dead
33165,Alive
33166,Dead
33167,Alive
33168,Dead
33169,Alive
33170,Dead
33171,Alive
33172,Dead
33173,Alive
33174,Dead
33175,Alive
33176,Dead
33177,Alive
33178,Dead
33179,Alive
33180,Dead
33181,Alive
33182,Dead
33183,Alive
33184,Dead
33185,Alive
33186,Dead
33187,Alive
33188,Dead
33189,Alive
33190,Dead
33191,Alive
33192,Dead
33193,Alive
33194,Dead
33195,Alive
33196,Dead
33197,Alive
33198,Dead
33199,Alive
33200,Dead
33201,Alive
33202,Dead
33203,Alive
33204,Dead
33205,Alive
33206,Dead
33207,Alive
33208,Dead
33209,Alive
33210,Dead
33211,Alive
33212,Dead
33213,Alive
33214,Dead
33215,Alive
33216,Dead
33217,Alive
33218,Dead
33219,Alive
33220,Dead
33221,Alive
33222,Dead
33223,Alive
33224,Dead
33225,Alive
33226,Dead
33227,Alive
33228,Dead
33229,Alive
33230,Dead
33231,Alive
33232,Dead
33233,Alive
33234,Dead
33235,Alive
33236,Dead
33237,Alive
33238,Dead
33239,Alive
33240,Dead
33241,Alive
33242,Dead
33243,Alive
33244,Dead
33245,Alive
33246,Dead
33247,Alive
33248,Dead
33249,Alive
33250,Dead
33251,Alive
33252,Dead
33253,Alive
33254,Dead
33255,Alive
33256,Dead
33257,Alive
33258,Dead
33259,Alive
33260,Dead
33261,Alive
33262,Dead
33263,Alive
33264,Dead
33265,Alive
33266,Dead
33267,Alive
33268,Dead
33269,Alive
33270,Dead
33271,Alive
33272,Dead
33273,Alive
33274,Dead
33275,Alive
33276,Dead
33277,Alive
33278,Dead
33279,Alive
33280,Dead
33281,Alive
33282,Dead
33283,Alive
33284,Dead
33285,Alive
33286,Dead
33287,Alive
33288,Dead
33289,Alive
33290,Dead
33291,Alive
33292,Dead
33293,Alive
33294,Dead
33295,Alive
33296,Dead
33297,Alive
33298,Dead
33299,Alive
33300,Dead
33301,Alive
33302,Dead
33303,Alive
33304,Dead
33305,Alive
33306,Dead
33307,Alive
33308,Dead
33309,Alive
33310,Dead
33311,Alive
33312,Dead
33313,Alive
33314,Dead
33315,Alive
33316,Dead
33317,Alive
33318,Dead
33319,Alive
33320,Dead
33321,Alive
33322,Dead
33323,Alive
33324,Dead
33325,Alive
33326,Dead
33327,Alive
33328,Dead
33329,Alive
33330,Dead
33331,Alive
33332,Dead
33333,Alive
33334,Dead
33335,Alive
33336,Dead
33337,Alive
33338,Dead
33339,Alive
33340,Dead
33341,Alive
33342,Dead
33343,Alive
33344,Dead
33345,Alive
33346,Dead
33347,Alive
33348,Dead
33349,Alive
33350,Dead
33351,Alive
33352,Dead
33353,Alive
33354,Dead
33355,Alive
33356,Dead
33357,Alive
33358,Dead
33359,Alive
33360,Dead
33361,Alive
33362,Dead
33363,Alive
33364,Dead
33365,Alive
33366,Dead
33367,Alive
33368,Dead
33369,Alive
33370,Dead
33371,Alive
33372,Dead
33373,Alive
33374,Dead
33375,Alive
33376,Dead
33377,Alive
33378,Dead
33379,Alive
33380,Dead
33381,Alive
33382,Dead
33383,Alive
33384,Dead
33385,Alive
33386,Dead
33387,Alive
33388,Dead
33389,Alive
33390,Dead
33391,Alive
33392,Dead
33393,Alive
33394,Dead
33395,Alive
33396,Dead
33397,Alive
33398,Dead
33399,Alive
33400,Dead
33401,Alive
33402,Dead
33403,Alive
33404,Dead
33405,Alive
33406,Dead
33407,Alive
33408,Dead
33409,Alive
33410,Dead
33411,Alive
33412,Dead
33413,Alive
33414,Dead
33415,Alive
33416,Dead
33417,Alive
33418,Dead
33419,Alive
33420,Dead
33421,Alive
33422,Dead
33423,Alive
33424,Dead
33425,Alive
33426,Dead
33427,Alive
33428,Dead
33429,Alive
33430,Dead
33431,Alive
33432,Dead
33433,Alive
33434,Dead
33435,Alive
33436,Dead
33437,Alive
33438,Dead
33439,Alive
33440,Dead
33441,Alive
33442,Dead
33443,Alive
33444,Dead
33445,Alive
33446,Dead
33447,Alive
33448,Dead
33449,Alive
33450,Dead
33451,Alive
33452,Dead
33453,Alive
33454,Dead
33455,Alive
33456,Dead
33457,Alive
33458,Dead
33459,Alive
33460,Dead
33461,Alive
33462,Dead
33463,Alive
33464,Dead
33465,Alive
33466,Dead
33467,Alive
33468,Dead
33469,Alive
33470,Dead
33471,Alive
33472,Dead
33473,Alive
33474,Dead
33475,Alive
33476,Dead
33477,Alive
33478,Dead
33479,Alive
33480,Dead
33481,Alive
33482,Dead
33483,Alive
33484,Dead
33485,Alive
33486,Dead
33487,Alive
33488,Dead
33489,Alive
33490,Dead
33491,Alive
33492,Dead
33493,Alive
33494,Dead
33495,Alive
33496,Dead
33497,Alive
33498,Dead
33499,Alive
33500,Dead
33501,Alive
33502,Dead
33503,Alive
33504,Dead
33505,Alive
33506,Dead
33507,Alive
33508,Dead
33509,Alive
33510,Dead
33511,Alive
33512,Dead
33513,Alive
33514,Dead
33515,Alive
33516,Dead
33517,Alive
33518,Dead
33519,Alive
33520,Dead
33521,Alive
33522,Dead
33523,Alive
33524,Dead
33525,Alive
33526,Dead
33527,Alive
33528,Dead
33529,Alive
33530,Dead
33531,Alive
33532,Dead
33533,Alive
33534,Dead
33535,Alive
33536,Dead
33537,Alive
33538,Dead
33539,Alive
33540,Dead
33541,Alive
33542,Dead
33543,Alive
33544,Dead
33545,Alive
33546,Dead
33547,Alive
33548,Dead
33549,Alive
33550,Dead
33551,Alive
33552,Dead
33553,Alive
33554,Dead
33555,Alive
33556,Dead
33557,Alive
33558,Dead
33559,Alive
33560,Dead
33561,Alive
33562,Dead
33563,Alive
33564,Dead
33565,Alive
33566,Dead
33567,Alive
33568,Dead
33569,Alive
33570,Dead
33571,Alive
33572,Dead
33573,Alive
33574,Dead
33575,Alive
33576,Dead
33577,Alive
33578,Dead
33579,Alive
33580,Dead
33581,Alive
33582,Dead
33583,Alive
33584,Dead
33585,Alive
33586,Dead
33587,Alive
33588,Dead
33589,Alive
33590,Dead
33591,Alive
33592,Dead
33593,Alive
33594,Dead
33595,Alive
33596,Dead
33597,Alive
33598,Dead
33599,Alive
33600,Dead
33601,Alive
33602,Dead
33603,Alive
33604,Dead
33605,Alive
33606,Dead
33607,Alive
33608,Dead
33609,Alive
33610,Dead
33611,Alive
33612,Dead
33613,Alive
33614,Dead
33615,Alive
33616,Dead
33617,Alive
33618,Dead
33619,Alive
33620,Dead
33621,Alive
33622,Dead
33623,Alive
33624,Dead
33625,Alive
33626,Dead
33627,Alive
33628,Dead
33629,Alive
33630,Dead
33631,Alive
33632,Dead
33633,Alive
33634,Dead
33635,Alive
33636,Dead
33637,Alive
33638,Dead
33639,Alive
33640,Dead
33641,Alive
33642,Dead
33643,Alive
33644,Dead
33645,Alive
33646,Dead
33647,Alive
33648,Dead
33649,Alive
33650,Dead
33651,Alive
33652,Dead
33653,Alive
33654,Dead
33655,Alive
33656,Dead
33657,Alive
33658,Dead
33659,Alive
33660,Dead
33661,Alive
33662,Dead
33663,Alive
33664,Dead
33665,Alive
33666,Dead
33667,Alive
33668,Dead
33669,Alive
33670,Dead
33671,Alive
33672,Dead
33673,Alive
33674,Dead
33675,Alive
33676,Dead
33677,Alive
33678,Dead
33679,Alive
33680,Dead
33681,Alive
33682,Dead
33683,Alive
33684,Dead
33685,Alive
33686,Dead
33687,Alive
33688,Dead
33689,Alive
33690,Dead
33691,Alive
33692,Dead
33693,Alive
33694,Dead
33695,Alive
33696,Dead
33697,Alive
33698,Dead
33699,Alive
33700,Dead
33701,Alive
33702,Dead
33703,Alive
33704,Dead
33705,Alive
33706,Dead
33707,Alive
33708,Dead
33709,Alive
33710,Dead
33711,Alive
33712,Dead
33713,Alive
33714,Dead
33715,Alive
33716,Dead
33717,Alive
33718,Dead
33719,Alive
33720,Dead
33721,Alive
33722,Dead
33723,Alive
33724,Dead
33725,Alive
33726,Dead
33727,Alive
33728,Dead
33729,Alive
33730,Dead
33731,Alive
33732,Dead
33733,Alive
33734,Dead
33735,Alive
33736,Dead
33737,Alive
33738,Dead
33739,Alive
33740,Dead
33741,Alive
33742,Dead
33743,Alive
33744,Dead
33745,Alive
33746,Dead
33747,Alive
33748,Dead
33749,Alive
33750,Dead
33751,Alive
33752,Dead
33753,Alive
33754,Dead
33755,Alive
33756,Dead
33757,Alive
33758,Dead
33759,Alive
33760,Dead
33761,Alive
33762,Dead
33763,Alive
33764,Dead
33765,Alive
33766,Dead
33767,Alive
33768,Dead
33769,Alive
33770,Dead
33771,Alive
33772,Dead
33773,Alive
33774,Dead
33775,Alive
33776,Dead
33777,Alive
33778,Dead
33779,Alive
33780,Dead
33781,Alive
33782,Dead
33783,Alive
33784,Dead
33785,Alive
33786,Dead
33787,Alive
33788,Dead
33789,Alive
33790,Dead
33791,Alive
33792,Dead
33793,Alive
33794,Dead
33795,Alive
33796,Dead
33797,Alive
33798,Dead
33799,Alive
33800,Dead
33801,Alive
33802,Dead
33803,Alive
33804,Dead
33805,Alive
33806,Dead
33807,Alive
33808,Dead
33809,Alive
33810,Dead
33811,Alive
33812,Dead
33813,Alive
33814,Dead
33815,Alive
33816,Dead
33817,Alive
33818,Dead
33819,Alive
33820,Dead
33821,Alive
33822,Dead
33823,Alive
33824,Dead
33825,Alive
33826,Dead
33827,Alive
33828,Dead
33829,Alive
33830,Dead
33831,Alive
33832,Dead
33833,Alive
33834,Dead
33835,Alive
33836,Dead
33837,Alive
33838,Dead
33839,Alive
33840,Dead
33841,Alive
33842,Dead
33843,Alive
33844,Dead
33845,Alive
33846,Dead
33847,Alive
33848,Dead
33849,Alive
33850,Dead
33851,Alive
33852,Dead
33853,Alive
33854,Dead
33855,Alive
33856,Dead
33857,Alive
33858,Dead
33859,Alive
33860,Dead
33861,Alive
33862,Dead
33863,Alive
33864,Dead
33865,Alive
33866,Dead
33867,Alive
33868,Dead
33869,Alive
33870,Dead
33871,Alive
33872,Dead
33873,Alive
33874,Dead
33875,Alive
33876,Dead
33877,Alive
33878,Dead
33879,Alive
33880,Dead
33881,Alive
33882,Dead
33883,Alive
33884,Dead
33885,Alive
33886,Dead
33887,Alive
33888,Dead
33889,Alive
33890,Dead
33891,Alive
33892,Dead
33893,Alive
33894,Dead
33895,Alive
33896,Dead
33897,Alive
33898,Dead
33899,Alive
33900,Dead
33901,Alive
33902,Dead
33903,Alive
33904,Dead
33905,Alive
33906,Dead
33907,Alive
33908,Dead
33909,Alive
33910,Dead
33911,Alive
33912,Dead
33913,Alive
33914,Dead
33915,Alive
33916,Dead
33917,Alive
33918,Dead
33919,Alive
33920,Dead
33921,Alive
33922,Dead
33923,Alive
33924,Dead
33925,Alive
33926,Dead
33927,Alive
33928,Dead
33929,Alive
33930,Dead
33931,Alive
33932,Dead
33933,Alive
33934,Dead
33935,Alive
33936,Dead
33937,Alive
33938,Dead
33939,Alive
33940,Dead
33941,Alive
33942,Dead
33943,Alive
33944,Dead
33945,Alive
33946,Dead
33947,Alive
33948,Dead
33949,Alive
33950,Dead
33951,Alive
33952,Dead
33953,Alive
33954,Dead
33955,Alive
33956,Dead
33957,Alive
33958,Dead
33959,Alive
33960,Dead
33961,Alive
33962,Dead
33963,Alive
33964,Dead
33965,Alive
33966,Dead
33967,Alive
33968,Dead
33969,Alive
33970,Dead
33971,Alive
33972,Dead
33973,Alive
33974,Dead
33975,Alive
33976,Dead
33977,Alive
33978,Dead
33979,Alive
33980,Dead
33981,Alive
33982,Dead
33983,Alive
33984,Dead
33985,Alive
33986,Dead
33987,Alive
33988,Dead
33989,Alive
33990,Dead
33991,Alive
33992,Dead
33993,Alive
33994,Dead
33995,Alive
33996,Dead
33997,Alive
33998,Dead
33999,Alive
34000,Dead
34001,Alive
34002,Dead
34003,Alive
34004,Dead
34005,Alive
34006,Dead
34007,Alive
34008,Dead
34009,Alive
34010,Dead
34011,Alive
34012,Dead
34013,Alive
34014,Dead
34015,Alive
34016,Dead
34017,Alive
34018,Dead
34019,Alive
34020,Dead
34021,Alive
34022,Dead
34023,Alive
34024,Dead
34025,Alive
34026,Dead
34027,Alive
34028,Dead
34029,Alive
34030,Dead
34031,Alive
34032,Dead
34033,Alive
34034,Dead
34035,Alive
34036,Dead
34037,Alive
34038,Dead
34039,Alive
34040,Dead
34041,Alive
34042,Dead
34043,Alive
34044,Dead
34045,Alive
34046,Dead
34047,Alive
34048,Dead
34049,Alive
34050,Dead
34051,Alive
34052,Dead
34053,Alive
34054,Dead
34055,Alive
34056,Dead
34057,Alive
34058,Dead
34059,Alive
34060,Dead
34061,Alive
34062,Dead
34063,Alive
34064,Dead
34065,Alive
34066,Dead
34067,Alive
34068,Dead
34069,Alive
34070,Dead
34071,Alive
34072,Dead
34073,Alive
34074,Dead
34075,Alive
34076,Dead
34077,Alive
34078,Dead
34079,Alive
34080,Dead
34081,Alive
34082,Dead
34083,Alive
34084,Dead
34085,Alive
34086,Dead
34087,Alive
34088,Dead
34089,Alive
34090,Dead
34091,Alive
34092,Dead
34093,Alive
34094,Dead
34095,Alive
34096,Dead
34097,Alive
34098,Dead
34099,Alive
34100,Dead
34101,Alive
34102,Dead
34103,Alive
34104,Dead
34105,Alive
34106,Dead
34107,Alive
34108,Dead
34109,Alive
34110,Dead
34111,Alive
34112,Dead
34113,Alive
34114,Dead
34115,Alive
34116,Dead
34117,Alive
34118,Dead
34119,Alive
34120,Dead
34121,Alive
34122,Dead
34123,Alive
34124,Dead
34125,Alive
34126,Dead
34127,Alive
34128,Dead
34129,Alive
34130,Dead
34131,Alive
34132,Dead
34133,Alive
34134,Dead
34135,Alive
34136,Dead
34137,Alive
34138,Dead
34139,Alive
34140,Dead
34141,Alive
34142,Dead
34143,Alive
34144,Dead
34145,Alive
34146,Dead
34147,Alive
34148,Dead
34149,Alive
34150,Dead
34151,Alive
34152,Dead
34153,Alive
34154,Dead
34155,Alive
34156,Dead
34157,Alive
34158,Dead
34159,Alive
34160,Dead
34161,Alive
34162,Dead
34163,Alive
34164,Dead
34165,Alive
34166,Dead
34167,Alive
34168,Dead
34169,Alive
34170,Dead
34171,Alive
34172,Dead
34173,Alive
34174,Dead
34175,Alive
34176,Dead
34177,Alive
34178,Dead
34179,Alive
34180,Dead
34181,Alive
34182,Dead
34183,Alive
34184,Dead
34185,Alive
34186,Dead
34187,Alive
34188,Dead
34189,Alive
34190,Dead
34191,Alive
34192,Dead
34193,Alive
34194,Dead
34195,Alive
34196,Dead
34197,Alive
34198,Dead
34199,Alive
34200,Dead
34201,Alive
34202,Dead
34203,Alive
34204,Dead
34205,Alive
34206,Dead
34207,Alive
34208,Dead
34209,Alive
34210,Dead
34211,Alive
34212,Dead
34213,Alive
34214,Dead
34215,Alive
34216,Dead
34217,Alive
34218,Dead
34219,Alive
34220,Dead
34221,Alive
34222,Dead
34223,Alive
34224,Dead
34225,Alive
34226,Dead
34227,Alive
34228,Dead
34229,Alive
34230,Dead
34231,Alive
34232,Dead
34233,Alive
34234,Dead
34235,Alive
34236,Dead
34237,Alive
34238,Dead
34239,Alive
34240,Dead
34241,Alive
34242,Dead
34243,Alive
34244,Dead
34245,Alive
34246,Dead
34247,Alive
34248,Dead
34249,Alive
34250,Dead
34251,Alive
34252,Dead
34253,Alive
34254,Dead
34255,Alive
34256,Dead
34257,Alive
34258,Dead
34259,Alive
34260,Dead
34261,Alive
34262,Dead
34263,Alive
34264,Dead
34265,Alive
34266,Dead
34267,Alive
34268,Dead
34269,Alive
34270,Dead
34271,Alive
34272,Dead
34273,Alive
34274,Dead
34275,Alive
34276,Dead
34277,Alive
34278,Dead
34279,Alive
34280,Dead
34281,Alive
34282,Dead
34283,Alive
34284,Dead
34285,Alive
34286,Dead
34287,Alive
34288,Dead
34289,Alive
34290,Dead
34291,Alive
34292,Dead
34293,Alive
34294,Dead
34295,Alive
34296,Dead
34297,Alive
34298,Dead
34299,Alive
34300,Dead
34301,Alive
34302,Dead
34303,Alive
34304,Dead
34305,Alive
34306,Dead
34307,Alive
34308,Dead
34309,Alive
34310,Dead
34311,Alive
34312,Dead
34313,Alive
34314,Dead
34315,Alive
34316,Dead
34317,Alive
34318,Dead
34319,Alive
34320,Dead
34321,Alive
34322,Dead
34323,Alive
34324,Dead
34325,Alive
34326,Dead
34327,Alive
34328,Dead
34329,Alive
34330,Dead
34331,Alive
34332,Dead
34333,Alive
34334,Dead
34335,Alive
34336,Dead
34337,Alive
34338,Dead
34339,Alive
34340,Dead
34341,Alive
34342,Dead
34343,Alive
34344,Dead
34345,Alive
34346,Dead
34347,Alive
34348,Dead
34349,Alive
34350,Dead
34351,Alive
34352,Dead
34353,Alive
34354,Dead
34355,Alive
34356,Dead
34357,Alive
34358,Dead
34359,Alive
34360,Dead
34361,Alive
34362,Dead
34363,Alive
34364,Dead
34365,Alive
34366,Dead
34367,Alive
34368,Dead
34369,Alive
34370,Dead
34371,Alive
34372,Dead
34373,Alive
34374,Dead
34375,Alive
34376,Dead
34377,Alive
34378,Dead
34379,Alive
34380,Dead
34381,Alive
34382,Dead
34383,Alive
34384,Dead
34385,Alive
34386,Dead
34387,Alive
34388,Dead
34389,Alive
34390,Dead
34391,Alive
34392,Dead
34393,Alive
34394,Dead
34395,Alive
34396,Dead
34397,Alive
34398,Dead
34399,Alive
34400,Dead
34401,Alive
34402,Dead
34403,Alive
34404,Dead
34405,Alive
34406,Dead
34407,Alive
34408,Dead
34409,Alive
34410,Dead
34411,Alive
34412,Dead
34413,Alive
34414,Dead
34415,Alive
34416,Dead
34417,Alive
34418,Dead
34419,Alive
34420,Dead
34421,Alive
34422,Dead
34423,Alive
34424,Dead
34425,Alive
34426,Dead
34427,Alive
34428,Dead
34429,Alive
34430,Dead
34431,Alive
34432,Dead
34433,Alive
34434,Dead
34435,Alive
34436,Dead
34437,Alive
34438,Dead
34439,Alive
34440,Dead
34441,Alive
34442,Dead
34443,Alive
34444,Dead
34445,Alive
34446,Dead
34447,Alive
34448,Dead
34449,Alive
34450,Dead
34451,Alive
34452,Dead
34453,Alive
34454,Dead
34455,Alive
34456,Dead
34457,Alive
34458,Dead
34459,Alive
34460,Dead
34461,Alive
34462,Dead
34463,Alive
34464,Dead
34465,Alive
34466,Dead
34467,Alive
34468,Dead
34469,Alive
34470,Dead
34471,Alive
34472,Dead
34473,Alive
34474,Dead
34475,Alive
34476,Dead
34477,Alive
34478,Dead
34479,Alive
34480,Dead
34481,Alive
34482,Dead
34483,Alive
34484,Dead
34485,Alive
34486,Dead
34487,Alive
34488,Dead
34489,Alive
34490,Dead
34491,Alive
34492,Dead
34493,Alive
34494,Dead
34495,Alive
34496,Dead
34497,Alive
34498,Dead
34499,Alive
34500,Dead
34501,Alive
34502,Dead
34503,Alive
34504,Dead
34505,Alive
34506,Dead
34507,Alive
34508,Dead
34509,Alive
34510,Dead
34511,Alive
34512,Dead
34513,Alive
34514,Dead
34515,Alive
34516,Dead
34517,Alive
34518,Dead
34519,Alive
34520,Dead
34521,Alive
34522,Dead
34523,Alive
34524,Dead
34525,Alive
34526,Dead
34527,Alive
34528,Dead
34529,Alive
34530,Dead
34531,Alive
34532,Dead
34533,Alive
34534,Dead
34535,Alive
34536,Dead
34537,Alive
34538,Dead
34539,Alive
34540,Dead
34541,Alive
34542,Dead
34543,Alive
34544,Dead
34545,Alive
34546,Dead
34547,Alive
34548,Dead
34549,Alive
34550,Dead
34551,Alive
34552,Dead
34553,Alive
34554,Dead
34555,Alive
34556,Dead
34557,Alive
34558,Dead
34559,Alive
34560,Dead
34561,Alive
34562,Dead
34563,Alive
34564,Dead
34565,Alive
34566,Dead
34567,Alive
34568,Dead
34569,Alive
34570,Dead
34571,Alive
34572,Dead
34573,Alive
34574,Dead
34575,Alive
34576,Dead
34577,Alive
34578,Dead
34579,Alive
34580,Dead
34581,Alive
34582,Dead
34583,Alive
34584,Dead
34585,Alive
34586,Dead
34587,Alive
34588,Dead
34589,Alive
34590,Dead
34591,Alive
34592,Dead
34593,Alive
34594,Dead
34595,Alive
34596,Dead
34597,Alive
34598,Dead
34599,Alive
34600,Dead
34601,Alive
34602,Dead
34603,Alive
34604,Dead
34605,Alive
34606,Dead
34607,Alive
34608,Dead
34609,Alive
34610,Dead
34611,Alive
34612,Dead
34613,Alive
34614,Dead
34615,Alive
34616,Dead
34617,Alive
34618,Dead
34619,Alive
34620,Dead
34621,Alive
34622,Dead
34623,Alive
34624,Dead
34625,Alive
34626,Dead
34627,Alive
34628,Dead
34629,Alive
34630,Dead
34631,Alive
34632,Dead
34633,Alive
34634,Dead
34635,Alive
34636,Dead
34637,Alive
34638,Dead
34639,Alive
34640,Dead
34641,Alive
34642,Dead
34643,Alive
34644,Dead
34645,Alive
34646,Dead
34647,Alive
34648,Dead
34649,Alive
34650,Dead
34651,Alive
34652,Dead
34653,Alive
34654,Dead
34655,Alive
34656,Dead
34657,Alive
34658,Dead
34659,Alive
34660,Dead
34661,Alive
34662,Dead
34663,Alive
34664,Dead
34665,Alive
34666,Dead
34667,Alive
34668,Dead
34669,Alive
34670,Dead
34671,Alive
34672,Dead
34673,Alive
34674,Dead
34675,Alive
34676,Dead
34677,Alive
34678,Dead
34679,Alive
34680,Dead
34681,Alive
34682,Dead
34683,Alive
34684,Dead
34685,Alive
34686,Dead
34687,Alive
34688,Dead
34689,Alive
34690,Dead
34691,Alive
34692,Dead
34693,Alive
34694,Dead
34695,Alive
34696,Dead
34697,Alive
34698,Dead
34699,Alive
34700,Dead
34701,Alive
34702,Dead
34703,Alive
34704,Dead
34705,Alive
34706,Dead
34707,Alive
34708,Dead
34709,Alive
34710,Dead
34711,Alive
34712,Dead
34713,Alive
34714,Dead
34715,Alive
34716,Dead
34717,Alive
34718,Dead
34719,Alive
34720,Dead
34721,Alive
34722,Dead
34723,Alive
34724,Dead
34725,Alive
34726,Dead
34727,Alive
34728,Dead
34729,Alive
34730,Dead
34731,Alive
34732,Dead
34733,Alive
34734,Dead
34735,Alive
34736,Dead
34737,Alive
34738,Dead
34739,Alive
34740,Dead
34741,Alive
34742,Dead
34743,Alive
34744,Dead
34745,Alive
34746,Dead
34747,Alive
34748,Dead
34749,Alive
34750,Dead
34751,Alive
34752,Dead
34753,Alive
34754,Dead
34755,Alive
34756,Dead
34757,Alive
34758,Dead
34759,Alive
34760,Dead
34761,Alive
34762,Dead
34763,Alive
34764,Dead
34765,Alive
34766,Dead
34767,Alive
34768,Dead
34769,Alive
34770,Dead
34771,Alive
34772,Dead
34773,Alive
34774,Dead
34775,Alive
34776,Dead
34777,Alive
34778,Dead
34779,Alive
34780,Dead
34781,Alive
34782,Dead
34783,Alive
34784,Dead
34785,Alive
34786,Dead
34787,Alive
34788,Dead
34789,Alive
34790,Dead
34791,Alive
34792,Dead
34793,Alive
34794,Dead
34795,Alive
34796,Dead
34797,Alive
34798,Dead
34799,Alive
34800,Dead
34801,Alive
34802,Dead
34803,Alive
34804,Dead
34805,Alive
34806,Dead
34807,Alive
34808,Dead
34809,Alive
34810,Dead
34811,Alive
34812,Dead
34813,Alive
34814,Dead
34815,Alive
34816,Dead
34817,Alive
34818,Dead
34819,Alive
34820,Dead
34821,Alive
34822,Dead
34823,Alive
34824,Dead
34825,Alive
34826,Dead
34827,Alive
34828,Dead
34829,Alive
34830,Dead
34831,Alive
34832,Dead
34833,Alive
34834,Dead
34835,Alive
34836,Dead
34837,Alive
34838,Dead
34839,Alive
34840,Dead
34841,Alive
34842,Dead
34843,Alive
34844,Dead
34845,Alive
34846,Dead
34847,Alive
34848,Dead
34849,Alive
34850,Dead
34851,Alive
34852,Dead
34853,Alive
34854,Dead
34855,Alive
34856,Dead
34857,Alive
34858,Dead
34859,Alive
34860,Dead
34861,Alive
34862,Dead
34863,Alive
34864,Dead
34865,Alive
34866,Dead
34867,Alive
34868,Dead
34869,Alive
34870,Dead
34871,Alive
34872,Dead
34873,Alive
34874,Dead
34875,Alive
34876,Dead
34877,Alive
34878,Dead
34879,Alive
34880,Dead
34881,Alive
34882,Dead
34883,Alive
34884,Dead
34885,Alive
34886,Dead
34887,Alive
34888,Dead
34889,Alive
34890,Dead
34891,Alive
34892,Dead
34893,Alive
34894,Dead
34895,Alive
34896,Dead
34897,Alive
34898,Dead
34899,Alive
34900,Dead
34901,Alive
34902,Dead
34903,Alive
34904,Dead
34905,Alive
34906,Dead
34907,Alive
34908,Dead
34909,Alive
34910,Dead
34911,Alive
34912,Dead
34913,Alive
34914,Dead
34915,Alive
34916,Dead
34917,Alive
34918,Dead
34919,Alive
34920,Dead
34921,Alive
34922,Dead
34923,Alive
34924,Dead
34925,Alive
34926,Dead
34927,Alive
34928,Dead
34929,Alive
34930,Dead
34931,Alive
34932,Dead
34933,Alive
34934,Dead
34935,Alive
34936,Dead
34937,Alive
34938,Dead
34939,Alive
34940,Dead
34941,Alive
34942,Dead
34943,Alive
34944,Dead
34945,Alive
34946,Dead
34947,Alive
34948,Dead
34949,Alive
34950,Dead
34951,Alive
34952,Dead
34953,Alive
34954,Dead
34955,Alive
34956,Dead
34957,Alive
34958,Dead
34959,Alive
34960,Dead
34961,Alive
34962,Dead
34963,Alive
34964,Dead
34965,Alive
34966,Dead
34967,Alive
34968,Dead
34969,Alive
34970,Dead
34971,Alive
34972,Dead
34973,Alive
34974,Dead
34975,Alive
34976,Dead
34977,Alive
34978,Dead
34979,Alive
34980,Dead
34981,Alive
34982,Dead
34983,Alive
34984,Dead
34985,Alive
34986,Dead
34987,Alive
34988,Dead
34989,Alive
34990,Dead
34991,Alive
34992,Dead
34993,Alive
34994,Dead
34995,Alive
34996,Dead
34997,Alive
34998,Dead
34999,Alive
35000,Dead
35001,Alive
35002,Dead
35003,Alive
35004,Dead
35005,Alive
35006,Dead
35007,Alive
35008,Dead
35009,Alive
35010,Dead
35011,Alive
35012,Dead
35013,Alive
35014,Dead
35015,Alive
35016,Dead
35017,Alive
35018,Dead
35019,Alive
35020,Dead
35021,Alive
35022,Dead
35023,Alive
35024,Dead
35025,Alive
35026,Dead
35027,Alive
35028,Dead
35029,Alive
35030,Dead
35031,Alive
35032,Dead
35033,Alive
35034,Dead
35035,Alive
35036,Dead
35037,Alive
35038,Dead
35039,Alive
35040,Dead
35041,Alive
35042,Dead
35043,Alive
35044,Dead
35045,Alive
35046,Dead
35047,Alive
35048,Dead
35049,Alive
35050,Dead
35051,Alive
35052,Dead
35053,Alive
35054,Dead
35055,Alive
35056,Dead
35057,Alive
35058,Dead
35059,Alive
35060,Dead
35061,Alive
35062,Dead
35063,Alive
35064,Dead
35065,Alive
35066,Dead
35067,Alive
35068,Dead
35069,Alive
35070,Dead
35071,Alive
35072,Dead
35073,Alive
35074,Dead
35075,Alive
35076,Dead
35077,Alive
35078,Dead
35079,Alive
35080,Dead
35081,Alive
35082,Dead
35083,Alive
35084,Dead
35085,Alive
35086,Dead
35087,Alive
35088,Dead
35089,Alive
35090,Dead
35091,Alive
35092,Dead
35093,Alive
35094,Dead
35095,Alive
35096,Dead
35097,Alive
35098,Dead
35099,Alive
35100,Dead
35101,Alive
35102,Dead
35103,Alive
35104,Dead
35105,Alive
35106,Dead
35107,Alive
35108,Dead
35109,Alive
35110,Dead
35111,Alive
35112,Dead
35113,Alive
35114,Dead
35115,Alive
35116,Dead
35117,Alive
35118,Dead
35119,Alive
35120,Dead
35121,Alive
35122,Dead
35123,Alive
35124,Dead
35125,Alive
35126,Dead
35127,Alive
35128,Dead
35129,Alive
35130,Dead
35131,Alive
35132,Dead
35133,Alive
35134,Dead
35135,Alive
35136,Dead
35137,Alive
35138,Dead
35139,Alive
35140,Dead
35141,Alive
35142,Dead
35143,Alive
35144,Dead
35145,Alive
35146,Dead
35147,Alive
35148,Dead
35149,Alive
35150,Dead
35151,Alive
35152,Dead
35153,Alive
35154,Dead
35155,Alive
35156,Dead
35157,Alive
35158,Dead
35159,Alive
35160,Dead
35161,Alive
35162,Dead
35163,Alive
35164,Dead
35165,Alive
35166,Dead
35167,Alive
35168,Dead
35169,Alive
35170,Dead
35171,Alive
35172,Dead
35173,Alive
35174,Dead
35175,Alive
35176,Dead
35177,Alive
35178,Dead
35179,Alive
35180,Dead
35181,Alive
35182,Dead
35183,Alive
35184,Dead
35185,Alive
35186,Dead
35187,Alive
35188,Dead
35189,Alive
35190,Dead
35191,Alive
35192,Dead
35193,Alive
35194,Dead
35195,Alive
35196,Dead
35197,Alive
35198,Dead
35199,Alive
35200,Dead
35201,Alive
35202,Dead
35203,Alive
35204,Dead
35205,Alive
35206,Dead
35207,Alive
35208,Dead
35209,Alive
35210,Dead
35211,Alive
35212,Dead
35213,Alive
35214,Dead
35215,Alive
35216,Dead
35217,Alive
35218,Dead
35219,Alive
35220,Dead
35221,Alive
35222,Dead
35223,Alive
35224,Dead
35225,Alive
35226,Dead
35227,Alive
35228,Dead
35229,Alive
35230,Dead
35231,Alive
35232,Dead
35233,Alive
35234,Dead
35235,Alive
35236,Dead
35237,Alive
35238,Dead
35239,Alive
35240,Dead
35241,Alive
35242,Dead
35243,Alive
35244,Dead
35245,Alive
35246,Dead
35247,Alive
35248,Dead
35249,Alive
35250,Dead
35251,Alive
35252,Dead
35253,Alive
35254,Dead
35255,Alive
35256,Dead
35257,Alive
35258,Dead
35259,Alive
35260,Dead
35261,Alive
35262,Dead
35263,Alive
35264,Dead
35265,Alive
35266,Dead
35267,Alive
35268,Dead
35269,Alive
35270,Dead
35271,Alive
35272,Dead
35273,Alive
35274,Dead
35275,Alive
35276,Dead
35277,Alive
35278,Dead
35279,Alive
35280,Dead
35281,Alive
35282,Dead
35283,Alive
35284,Dead
35285,Alive
35286,Dead
35287,Alive
35288,Dead
35289,Alive
35290,Dead
35291,Alive
35292,Dead
35293,Alive
35294,Dead
35295,Alive
35296,Dead
35297,Alive
35298,Dead
35299,Alive
35300,Dead
35301,Alive
35302,Dead
35303,Alive
35304,Dead
35305,Alive
35306,Dead
35307,Alive
35308,Dead
35309,Alive
35310,Dead
35311,Alive
35312,Dead
35313,Alive
35314,Dead
35315,Alive
35316,Dead
35317,Alive
35318,Dead
35319,Alive
35320,Dead
35321,Alive
35322,Dead
35323,Alive
35324,Dead
35325,Alive
35326,Dead
35327,Alive
35328,Dead
35329,Alive
35330,Dead
35331,Alive
35332,Dead
35333,Alive
35334,Dead
35335,Alive
35336,Dead
35337,Alive
35338,Dead
35339,Alive
35340,Dead
35341,Alive
35342,Dead
35343,Alive
35344,Dead
35345,Alive
35346,Dead
35347,Alive
35348,Dead
35349,Alive
35350,Dead
35351,Alive
35352,Dead
35353,Alive
35354,Dead
35355,Alive
35356,Dead
35357,Alive
35358,Dead
35359,Alive
35360,Dead
35361,Alive
35362,Dead
35363,Alive
35364,Dead
35365,Alive
35366,Dead
35367,Alive
35368,Dead
35369,Alive
35370,Dead
35371,Alive
35372,Dead
35373,Alive
35374,Dead
35375,Alive
35376,Dead
35377,Alive
35378,Dead
35379,Alive
35380,Dead
35381,Alive
35382,Dead
35383,Alive
35384,Dead
35385,Alive
35386,Dead
35387,Alive
35388,Dead
35389,Alive
35390,Dead
35391,Alive
35392,Dead
35393,Alive
35394,Dead
35395,Alive
35396,Dead
35397,Alive
35398,Dead
35399,Alive
35400,Dead
35401,Alive
35402,Dead
35403,Alive
35404,Dead
35405,Alive
35406,Dead
35407,Alive
35408,Dead
35409,Alive
35410,Dead
35411,Alive
35412,Dead
35413,Alive
35414,Dead
35415,Alive
35416,Dead
35417,Alive
35418,Dead
35419,Alive
35420,Dead
35421,Alive
35422,Dead
35423,Alive
35424,Dead
35425,Alive
35426,Dead
35427,Alive
35428,Dead
35429,Alive
35430,Dead
35431,Alive
35432,Dead
35433,Alive
35434,Dead
35435,Alive
35436,Dead
35437,Alive
35438,Dead
35439,Alive
35440,Dead
35441,Alive
35442,Dead
35443,Alive
35444,Dead
35445,Alive
35446,Dead
35447,Alive
35448,Dead
35449,Alive
35450,Dead
35451,Alive
35452,Dead
35453,Alive
35454,Dead
35455,Alive
35456,Dead
35457,Alive
35458,Dead
35459,Alive
35460,Dead
35461,Alive
35462,Dead
35463,Alive
35464,Dead
35465,Alive
35466,Dead
35467,Alive
35468,Dead
35469,Alive
35470,Dead
35471,Alive
35472,Dead
35473,Alive
35474,Dead
35475,Alive
35476,Dead
35477,Alive
35478,Dead
35479,Alive
35480,Dead
35481,Alive
35482,Dead
35483,Alive
35484,Dead
35485,Alive
35486,Dead
35487,Alive
35488,Dead
35489,Alive
35490,Dead
35491,Alive
35492,Dead
35493,Alive
35494,Dead
35495,Alive
35496,Dead
35497,Alive
35498,Dead
35499,Alive
35500,Dead
35501,Alive
35502,Dead
35503,Alive
35504,Dead
35505,Alive
35506,Dead
35507,Alive
35508,Dead
35509,Alive
35510,Dead
35511,Alive
35512,Dead
35513,Alive
35514,Dead
35515,Alive
35516,Dead
35517,Alive
35518,Dead
35519,Alive
35520,Dead
35521,Alive
35522,Dead
35523,Alive
35524,Dead
35525,Alive
35526,Dead
35527,Alive
35528,Dead
35529,Alive
35530,Dead
35531,Alive
35532,Dead
35533,Alive
35534,Dead
35535,Alive
35536,Dead
35537,Alive
35538,Dead
35539,Alive
35540,Dead
35541,Alive
35542,Dead
35543,Alive
35544,Dead
35545,Alive
35546,Dead
35547,Alive
35548,Dead
35549,Alive
35550,Dead
35551,Alive
35552,Dead
35553,Alive
35554,Dead
35555,Alive
35556,Dead
35557,Alive
35558,Dead
35559,Alive
35560,Dead
35561,Alive
35562,Dead
35563,Alive
35564,Dead
35565,Alive
35566,Dead
35567,Alive
35568,Dead
35569,Alive
35570,Dead
35571,Alive
35572,Dead
35573,Alive
35574,Dead
35575,Alive
35576,Dead
35577,Alive
35578,Dead
35579,Alive
35580,Dead
35581,Alive
35582,Dead
35583,Alive
35584,Dead
35585,Alive
35586,Dead
35587,Alive
35588,Dead
35589,Alive
35590,Dead
35591,Alive
35592,Dead
35593,Alive
35594,Dead
35595,Alive
35596,Dead
35597,Alive
35598,Dead
35599,Alive
35600,Dead
35601,Alive
35602,Dead
35603,Alive
35604,Dead
35605,Alive
35606,Dead
35607,Alive
35608,Dead
35609,Alive
35610,Dead
35611,Alive
35612,Dead
35613,Alive
35614,Dead
35615,Alive
35616,Dead
35617,Alive
35618,Dead
35619,Alive
35620,Dead
35621,Alive
35622,Dead
35623,Alive
35624,Dead
35625,Alive
35626,Dead
35627,Alive
35628,Dead
35629,Alive
35630,Dead
35631,Alive
35632,Dead
35633,Alive
35634,Dead
35635,Alive
35636,Dead
35637,Alive
35638,Dead
35639,Alive
35640,Dead
35641,Alive
35642,Dead
35643,Alive
35644,Dead
35645,Alive
35646,Dead
35647,Alive
35648,Dead
35649,Alive
35650,Dead
35651,Alive
35652,Dead
35653,Alive
35654,Dead
35655,Alive
35656,Dead
35657,Alive
35658,Dead
35659,Alive
35660,Dead
35661,Alive
35662,Dead
35663,Alive
35664,Dead
35665,Alive
35666,Dead
35667,Alive
35668,Dead
35669,Alive
35670,Dead
35671,Alive
35672,Dead
35673,Alive
35674,Dead
35675,Alive
35676,Dead
35677,Alive
35678,Dead
35679,Alive
35680,Dead
35681,Alive
35682,Dead
35683,Alive
35684,Dead
35685,Alive
35686,Dead
35687,Alive
35688,Dead
35689,Alive
35690,Dead
35691,Alive
35692,Dead
35693,Alive
35694,Dead
35695,Alive
35696,Dead
35697,Alive
35698,Dead
35699,Alive
35700,Dead
35701,Alive
35702,Dead
35703,Alive
35704,Dead
35705,Alive
35706,Dead
35707,Alive
35708,Dead
35709,Alive
35710,Dead
35711,Alive
35712,Dead
35713,Alive
35714,Dead
35715,Alive
35716,Dead
35717,Alive
35718,Dead
35719,Alive
35720,Dead
35721,Alive
35722,Dead
35723,Alive
35724,Dead
35725,Alive
35726,Dead
35727,Alive
35728,Dead
35729,Alive
35730,Dead
35731,Alive
35732,Dead
35733,Alive
35734,Dead
35735,Alive
35736,Dead
35737,Alive
35738,Dead
35739,Alive
35740,Dead
35741,Alive
35742,Dead
35743,Alive
35744,Dead
35745,Alive
35746,Dead
35747,Alive
35748,Dead
35749,Alive
35750,Dead
35751,Alive
35752,Dead
35753,Alive
35754,Dead
35755,Alive
35756,Dead
35757,Alive
35758,Dead
35759,Alive
35760,Dead
35761,Alive
35762,Dead
35763,Alive
35764,Dead
35765,Alive
35766,Dead
35767,Alive
35768,Dead
35769,Alive
35770,Dead
35771,Alive
35772,Dead
35773,Alive
35774,Dead
35775,Alive
35776,Dead
35777,Alive
35778,Dead
35779,Alive
35780,Dead
35781,Alive
35782,Dead
35783,Alive
35784,Dead
35785,Alive
35786,Dead
35787,Alive
35788,Dead
35789,Alive
35790,Dead
35791,Alive
35792,Dead
35793,Alive
35794,Dead
35795,Alive
35796,Dead
35797,Alive
35798,Dead
35799,Alive
35800,Dead
35801,Alive
35802,Dead
35803,Alive
35804,Dead
35805,Alive
35806,Dead
35807,Alive
35808,Dead
35809,Alive
35810,Dead
35811,Alive
35812,Dead
35813,Alive
35814,Dead
35815,Alive
35816,Dead
35817,Alive
35818,Dead
35819,Alive
35820,Dead
35821,Alive
35822,Dead
35823,Alive
35824,Dead
35825,Alive
35826,Dead
35827,Alive
35828,Dead
35829,Alive
35830,Dead
35831,Alive
35832,Dead
35833,Alive
35834,Dead
35835,Alive
35836,Dead
35837,Alive
35838,Dead
35839,Alive
35840,Dead
35841,Alive
35842,Dead
35843,Alive
35844,Dead
35845,Alive
35846,Dead
35847,Alive
35848,Dead
35849,Alive
35850,Dead
35851,Alive
35852,Dead
35853,Alive
35854,Dead
35855,Alive
35856,Dead
35857,Alive
35858,Dead
35859,Alive
35860,Dead
35861,Alive
35862,Dead
35863,Alive
35864,Dead
35865,Alive
35866,Dead
35867,Alive
35868,Dead
35869,Alive
35870,Dead
35871,Alive
35872,Dead
35873,Alive
35874,Dead
35875,Alive
35876,Dead
35877,Alive
35878,Dead
35879,Alive
35880,Dead
35881,Alive
35882,Dead
35883,Alive
35884,Dead
35885,Alive
35886,Dead
35887,Alive
35888,Dead
35889,Alive
35890,Dead
35891,Alive
35892,Dead
35893,Alive
35894,Dead
35895,Alive
35896,Dead
35897,Alive
35898,Dead
35899,Alive
35900,Dead
35901,Alive
35902,Dead
35903,Alive
35904,Dead
35905,Alive
35906,Dead
35907,Alive
35908,Dead
35909,Alive
35910,Dead
35911,Alive
35912,Dead
35913,Alive
35914,Dead
35915,Alive
35916,Dead
35917,Alive
35918,Dead
35919,Alive
35920,Dead
35921,Alive
35922,Dead
35923,Alive
35924,Dead
35925,Alive
35926,Dead
35927,Alive
35928,Dead
35929,Alive
35930,Dead
35931,Alive
35932,Dead
35933,Alive
35934,Dead
35935,Alive
35936,Dead
35937,Alive
35938,Dead
35939,Alive
35940,Dead
35941,Alive
35942,Dead
35943,Alive
35944,Dead
35945,Alive
35946,Dead
35947,Alive
35948,Dead
35949,Alive
35950,Dead
35951,Alive
35952,Dead
35953,Alive
35954,Dead
35955,Alive
35956,Dead
35957,Alive
35958,Dead
35959,Alive
35960,Dead
35961,Alive
35962,Dead
35963,Alive
35964,Dead
35965,Alive
35966,Dead
35967,Alive
35968,Dead
35969,Alive
35970,Dead
35971,Alive
35972,Dead
35973,Alive
35974,Dead
35975,Alive
35976,Dead
35977,Alive
35978,Dead
35979,Alive
35980,Dead
35981,Alive
35982,Dead
35983,Alive
35984,Dead
35985,Alive
35986,Dead
35987,Alive
35988,Dead
35989,Alive
35990,Dead
35991,Alive
35992,Dead
35993,Alive
35994,Dead
35995,Alive
35996,Dead
35997,Alive
35998,Dead
35999,Alive
36000,Dead
36001,Alive
36002,Dead
36003,Alive
36004,Dead
36005,Alive
36006,Dead
36007,Alive
36008,Dead
36009,Alive
36010,Dead
36011,Alive
36012,Dead
36013,Alive
36014,Dead
36015,Alive
36016,Dead
36017,Alive
36018,Dead
36019,Alive
36020,Dead
36021,Alive
36022,Dead
36023,Alive
36024,Dead
36025,Alive
36026,Dead
36027,Alive
36028,Dead
36029,Alive
36030,Dead
36031,Alive
36032,Dead
36033,Alive
36034,Dead
36035,Alive
36036,Dead
36037,Alive
36038,Dead
36039,Alive
36040,Dead
36041,Alive
36042,Dead
36043,Alive
36044,Dead
36045,Alive
36046,Dead
36047,Alive
36048,Dead
36049,Alive
36050,Dead
36051,Alive
36052,Dead
36053,Alive
36054,Dead
36055,Alive
36056,Dead
36057,Alive
36058,Dead
36059,Alive
36060,Dead
36061,Alive
36062,Dead
36063,Alive
36064,Dead
36065,Alive
36066,Dead
36067,Alive
36068,Dead
36069,Alive
36070,Dead
36071,Alive
36072,Dead
36073,Alive
36074,Dead
36075,Alive
36076,Dead
36077,Alive
36078,Dead
36079,Alive
36080,Dead
36081,Alive
36082,Dead
36083,Alive
36084,Dead
36085,Alive
36086,Dead
36087,Alive
36088,Dead
36089,Alive
36090,Dead
36091,Alive
36092,Dead
36093,Alive
36094,Dead
36095,Alive
36096,Dead
36097,Alive
36098,Dead
36099,Alive
36100,Dead
36101,Alive
36102,Dead
36103,Alive
36104,Dead
36105,Alive
36106,Dead
36107,Alive
36108,Dead
36109,Alive
36110,Dead
36111,Alive
36112,Dead
36113,Alive
36114,Dead
36115,Alive
36116,Dead
36117,Alive
36118,Dead
36119,Alive
36120,Dead
36121,Alive
36122,Dead
36123,Alive
36124,Dead
36125,Alive
36126,Dead
36127,Alive
36128,Dead
36129,Alive
36130,Dead
36131,Alive
36132,Dead
36133,Alive
36134,Dead
36135,Alive
36136,Dead
36137,Alive
36138,Dead
36139,Alive
36140,Dead
36141,Alive
36142,Dead
36143,Alive
36144,Dead
36145,Alive
36146,Dead
36147,Alive
36148,Dead
36149,Alive
36150,Dead
36151,Alive
36152,Dead
36153,Alive
36154,Dead
36155,Alive
36156,Dead
36157,Alive
36158,Dead
36159,Alive
36160,Dead
36161,Alive
36162,Dead
36163,Alive
36164,Dead
36165,Alive
36166,Dead
36167,Alive
36168,Dead
36169,Alive
36170,Dead
36171,Alive
36172,Dead
36173,Alive
36174,Dead
36175,Alive
36176,Dead
36177,Alive
36178,Dead
36179,Alive
36180,Dead
36181,Alive
36182,Dead
36183,Alive
36184,Dead
36185,Alive
36186,Dead
36187,Alive
36188,Dead
36189,Alive
36190,Dead
36191,Alive
36192,Dead
36193,Alive
36194,Dead
36195,Alive
36196,Dead
36197,Alive
36198,Dead
36199,Alive
36200,Dead
36201,Alive
36202,Dead
36203,Alive
36204,Dead
36205,Alive
36206,Dead
36207,Alive
36208,Dead
36209,Alive
36210,Dead
36211,Alive
36212,Dead
36213,Alive
36214,Dead
36215,Alive
36216,Dead
36217,Alive
36218,Dead
36219,Alive
36220,Dead
36221,Alive
36222,Dead
36223,Alive
36224,Dead
36225,Alive
36226,Dead
36227,Alive
36228,Dead
36229,Alive
36230,Dead
36231,Alive
36232,Dead
36233,Alive
36234,Dead
36235,Alive
36236,Dead
36237,Alive
36238,Dead
36239,Alive
36240,Dead
36241,Alive
36242,Dead
36243,Alive
36244,Dead
36245,Alive
36246,Dead
36247,Alive
36248,Dead
36249,Alive
36250,Dead
36251,Alive
36252,Dead
36253,Alive
36254,Dead
36255,Alive
36256,Dead
36257,Alive
36258,Dead
36259,Alive
36260,Dead
36261,Alive
36262,Dead
36263,Alive
36264,Dead
36265,Alive
36266,Dead
36267,Alive
36268,Dead
36269,Alive
36270,Dead
36271,Alive
36272,Dead
36273,Alive
36274,Dead
36275,Alive
36276,Dead
36277,Alive
36278,Dead
36279,Alive
36280,Dead
36281,Alive
36282,Dead
36283,Alive
36284,Dead
36285,Alive
36286,Dead
36287,Alive
36288,Dead
36289,Alive
36290,Dead
36291,Alive
36292,Dead
36293,Alive
36294,Dead
36295,Alive
36296,Dead
36297,Alive
36298,Dead
36299,Alive
36300,Dead
36301,Alive
36302,Dead
36303,Alive
36304,Dead
36305,Alive
36306,Dead
36307,Alive
36308,Dead
36309,Alive
36310,Dead
36311,Alive
36312,Dead
36313,Alive
36314,Dead
36315,Alive
36316,Dead
36317,Alive
36318,Dead
36319,Alive
36320,Dead
36321,Alive
36322,Dead
36323,Alive
36324,Dead
36325,Alive
36326,Dead
36327,Alive
36328,Dead
36329,Alive
36330,Dead
36331,Alive
36332,Dead
36333,Alive
36334,Dead
36335,Alive
36336,Dead
36337,Alive
36338,Dead
36339,Alive
36340,Dead
36341,Alive
36342,Dead
36343,Alive
36344,Dead
36345,Alive
36346,Dead
36347,Alive
36348,Dead
36349,Alive
36350,Dead
36351,Alive
36352,Dead
36353,Alive
36354,Dead
36355,Alive
36356,Dead
36357,Alive
36358,Dead
36359,Alive
36360,Dead
36361,Alive
36362,Dead
36363,Alive
36364,Dead
36365,Alive
36366,Dead
36367,Alive
36368,Dead
36369,Alive
36370,Dead
36371,Alive
36372,Dead
36373,Alive
36374,Dead
36375,Alive
36376,Dead
36377,Alive
36378,Dead
36379,Alive
36380,Dead
36381,Alive
36382,Dead
36383,Alive
36384,Dead
36385,Alive
36386,Dead
36387,Alive
36388,Dead
36389,Alive
36390,Dead
36391,Alive
36392,Dead
36393,Alive
36394,Dead
36395,Alive
36396,Dead
36397,Alive
36398,Dead
36399,Alive
36400,Dead
36401,Alive
36402,Dead
36403,Alive
36404,Dead
36405,Alive
36406,Dead
36407,Alive
36408,Dead
36409,Alive
36410,Dead
36411,Alive
36412,Dead
36413,Alive
36414,Dead
36415,Alive
36416,Dead
36417,Alive
36418,Dead
36419,Alive
36420,Dead
36421,Alive
36422,Dead
36423,Alive
36424,Dead
36425,Alive
36426,Dead
36427,Alive
36428,Dead
36429,Alive
36430,Dead
36431,Alive
36432,Dead
36433,Alive
36434,Dead
36435,Alive
36436,Dead
36437,Alive
36438,Dead
36439,Alive
36440,Dead
36441,Alive
36442,Dead
36443,Alive
36444,Dead
36445,Alive
36446,Dead
36447,Alive
36448,Dead
36449,Alive
36450,Dead
36451,Alive
36452,Dead
36453,Alive
36454,Dead
36455,Alive
36456,Dead
36457,Alive
36458,Dead
36459,Alive
36460,Dead
36461,Alive
36462,Dead
36463,Alive
36464,Dead
36465,Alive
36466,Dead
36467,Alive
36468,Dead
36469,Alive
36470,Dead
36471,Alive
36472,Dead
36473,Alive
36474,Dead
36475,Alive
36476,Dead
36477,Alive
36478,Dead
36479,Alive
36480,Dead
36481,Alive
36482,Dead
36483,Alive
36484,Dead
36485,Alive
36486,Dead
36487,Alive
36488,Dead
36489,Alive
36490,Dead
36491,Alive
36492,Dead
36493,Alive
36494,Dead
36495,Alive
36496,Dead
36497,Alive
36498,Dead
36499,Alive
36500,Dead
36501,Alive
36502,Dead
36503,Alive
36504,Dead
36505,Alive
36506,Dead
36507,Alive
36508,Dead
36509,Alive
36510,Dead
36511,Alive
36512,Dead
36513,Alive
36514,Dead
36515,Alive
36516,Dead
36517,Alive
36518,Dead
36519,Alive
36520,Dead
36521,Alive
36522,Dead
36523,Alive
36524,Dead
36525,Alive
36526,Dead
36527,Alive
36528,Dead
36529,Alive
36530,Dead
36531,Alive
36532,Dead
36533,Alive
36534,Dead
36535,Alive
36536,Dead
36537,Alive
36538,Dead
36539,Alive
36540,Dead
36541,Alive
36542,Dead
36543,Alive
36544,Dead
36545,Alive
36546,Dead
36547,Alive
36548,Dead
36549,Alive
36550,Dead
36551,Alive
36552,Dead
36553,Alive
36554,Dead
36555,Alive
36556,Dead
36557,Alive
36558,Dead
36559,Alive
36560,Dead
36561,Alive
36562,Dead
36563,Alive
36564,Dead
36565,Alive
36566,Dead
36567,Alive
36568,Dead
36569,Alive
36570,Dead
36571,Alive
36572,Dead
36573,Alive
36574,Dead
36575,Alive
36576,Dead
36577,Alive
36578,Dead
36579,Alive
36580,Dead
36581,Alive
36582,Dead
36583,Alive
36584,Dead
36585,Alive
36586,Dead
36587,Alive
36588,Dead
36589,Alive
36590,Dead
36591,Alive
36592,Dead
36593,Alive
36594,Dead
36595,Alive
36596,Dead
36597,Alive
36598,Dead
36599,Alive
36600,Dead
36601,Alive
36602,Dead
36603,Alive
36604,Dead
36605,Alive
36606,Dead
36607,Alive
36608,Dead
36609,Alive
36610,Dead
36611,Alive
36612,Dead
36613,Alive
36614,Dead
36615,Alive
36616,Dead
36617,Alive
36618,Dead
36619,Alive
36620,Dead
36621,Alive
36622,Dead
36623,Alive
36624,Dead
36625,Alive
36626,Dead
36627,Alive
36628,Dead
36629,Alive
36630,Dead
36631,Alive
36632,Dead
36633,Alive
36634,Dead
36635,Alive
36636,Dead
36637,Alive
36638,Dead
36639,Alive
36640,Dead
36641,Alive
36642,Dead
36643,Alive
36644,Dead
36645,Alive
36646,Dead
36647,Alive
36648,Dead
36649,Alive
36650,Dead
36651,Alive
36652,Dead
36653,Alive
36654,Dead
36655,Alive
36656,Dead
36657,Alive
36658,Dead
36659,Alive
36660,Dead
36661,Alive
36662,Dead
36663,Alive
36664,Dead
36665,Alive
36666,Dead
36667,Alive
36668,Dead
36669,Alive
36670,Dead
36671,Alive
36672,Dead
36673,Alive
36674,Dead
36675,Alive
36676,Dead
36677,Alive
36678,Dead
36679,Alive
36680,Dead
36681,Alive
36682,Dead
36683,Alive
36684,Dead
36685,Alive
36686,Dead
36687,Alive
36688,Dead
36689,Alive
36690,Dead
36691,Alive
36692,Dead
36693,Alive
36694,Dead
36695,Alive
36696,Dead
36697,Alive
36698,Dead
36699,Alive
36700,Dead
36701,Alive
36702,Dead
36703,Alive
36704,Dead
36705,Alive
36706,Dead
36707,Alive
36708,Dead
36709,Alive
36710,Dead
36711,Alive
36712,Dead
36713,Alive
36714,Dead
36715,Alive
36716,Dead
36717,Alive
36718,Dead
36719,Alive
36720,Dead
36721,Alive
36722,Dead
36723,Alive
36724,Dead
36725,Alive
36726,Dead
36727,Alive
36728,Dead
36729,Alive
36730,Dead
36731,Alive
36732,Dead
36733,Alive
36734,Dead
36735,Alive
36736,Dead
36737,Alive
36738,Dead
36739,Alive
36740,Dead
36741,Alive
36742,Dead
36743,Alive
36744,Dead
36745,Alive
36746,Dead
36747,Alive
36748,Dead
36749,Alive
36750,Dead
36751,Alive
36752,Dead
36753,Alive
36754,Dead
36755,Alive
36756,Dead
36757,Alive
36758,Dead
36759,Alive
36760,Dead
36761,Alive
36762,Dead
36763,Alive
36764,Dead
36765,Alive
36766,Dead
36767,Alive
36768,Dead
36769,Alive
36770,Dead
36771,Alive
36772,Dead
36773,Alive
36774,Dead
36775,Alive
36776,Dead
36777,Alive
36778,Dead
36779,Alive
36780,Dead
36781,Alive
36782,Dead
36783,Alive
36784,Dead
36785,Alive
36786,Dead
36787,Alive
36788,Dead
36789,Alive
36790,Dead
36791,Alive
36792,Dead
36793,Alive
36794,Dead
36795,Alive
36796,Dead
36797,Alive
36798,Dead
36799,Alive
36800,Dead
36801,Alive
36802,Dead
36803,Alive
36804,Dead
36805,Alive
36806,Dead
36807,Alive
36808,Dead
36809,Alive
36810,Dead
36811,Alive
36812,Dead
36813,Alive
36814,Dead
36815,Alive
36816,Dead
36817,Alive
36818,Dead
36819,Alive
36820,Dead
36821,Alive
36822,Dead
36823,Alive
36824,Dead
36825,Alive
36826,Dead
36827,Alive
36828,Dead
36829,Alive
36830,Dead
36831,Alive
36832,Dead
36833,Alive
36834,Dead
36835,Alive
36836,Dead
36837,Alive
36838,Dead
36839,Alive
36840,Dead
36841,Alive
36842,Dead
36843,Alive
36844,Dead
36845,Alive
36846,Dead
36847,Alive
36848,Dead
36849,Alive
36850,Dead
36851,Alive
36852,Dead
36853,Alive
36854,Dead
36855,Alive
36856,Dead
36857,Alive
36858,Dead
36859,Alive
36860,Dead
36861,Alive
36862,Dead
36863,Alive
36864,Dead
36865,Alive
36866,Dead
36867,Alive
36868,Dead
36869,Alive
36870,Dead
36871,Alive
36872,Dead
36873,Alive
36874,Dead
36875,Alive
36876,Dead
36877,Alive
36878,Dead
36879,Alive
36880,Dead
36881,Alive
36882,Dead
36883,Alive
36884,Dead
36885,Alive
36886,Dead
36887,Alive
36888,Dead
36889,Alive
36890,Dead
36891,Alive
36892,Dead
36893,Alive
36894,Dead
36895,Alive
36896,Dead
36897,Alive
36898,Dead
36899,Alive
36900,Dead
36901,Alive
36902,Dead
36903,Alive
36904,Dead
36905,Alive
36906,Dead
36907,Alive
36908,Dead
36909,Alive
36910,Dead
36911,Alive
36912,Dead
36913,Alive
36914,Dead
36915,Alive
36916,Dead
36917,Alive
36918,Dead
36919,Alive
36920,Dead
36921,Alive
36922,Dead
36923,Alive
36924,Dead
36925,Alive
36926,Dead
36927,Alive
36928,Dead
36929,Alive
36930,Dead
36931,Alive
36932,Dead
36933,Alive
36934,Dead
36935,Alive
36936,Dead
36937,Alive
36938,Dead
36939,Alive
36940,Dead
36941,Alive
36942,Dead
36943,Alive
36944,Dead
36945,Alive
36946,Dead
36947,Alive
36948,Dead
36949,Alive
36950,Dead
36951,Alive
36952,Dead
36953,Alive
36954,Dead
36955,Alive
36956,Dead
36957,Alive
36958,Dead
36959,Alive
36960,Dead
36961,Alive
36962,Dead
36963,Alive
36964,Dead
36965,Alive
36966,Dead
36967,Alive
36968,Dead
36969,Alive
36970,Dead
36971,Alive
36972,Dead
36973,Alive
36974,Dead
36975,Alive
36976,Dead
36977,Alive
36978,Dead
36979,Alive
36980,Dead
36981,Alive
36982,Dead
36983,Alive
36984,Dead
36985,Alive
36986,Dead
36987,Alive
36988,Dead
36989,Alive
36990,Dead
36991,Alive
36992,Dead
36993,Alive
36994,Dead
36995,Alive
36996,Dead
36997,Alive
36998,Dead
36999,Alive
37000,Dead
37001,Alive
37002,Dead
37003,Alive
37004,Dead
37005,Alive
37006,Dead
37007,Alive
37008,Dead
37009,Alive
37010,Dead
37011,Alive
37012,Dead
37013,Alive
37014,Dead
37015,Alive
37016,Dead
37017,Alive
37018,Dead
37019,Alive
37020,Dead
37021,Alive
37022,Dead
37023,Alive
37024,Dead
37025,Alive
37026,Dead
37027,Alive
37028,Dead
37029,Alive
37030,Dead
37031,Alive
37032,Dead
37033,Alive
37034,Dead
37035,Alive
37036,Dead
37037,Alive
37038,Dead
37039,Alive
37040,Dead
37041,Alive
37042,Dead
37043,Alive
37044,Dead
37045,Alive
37046,Dead
37047,Alive
37048,Dead
37049,Alive
37050,Dead
37051,Alive
37052,Dead
37053,Alive
37054,Dead
37055,Alive
37056,Dead
37057,Alive
37058,Dead
37059,Alive
37060,Dead
37061,Alive
37062,Dead
37063,Alive
37064,Dead
37065,Alive
37066,Dead
37067,Alive
37068,Dead
37069,Alive
37070,Dead
37071,Alive
37072,Dead
37073,Alive
37074,Dead
37075,Alive
37076,Dead
37077,Alive
37078,Dead
37079,Alive
37080,Dead
37081,Alive
37082,Dead
37083,Alive
37084,Dead
37085,Alive
37086,Dead
37087,Alive
37088,Dead
37089,Alive
37090,Dead
37091,Alive
37092,Dead
37093,Alive
37094,Dead
37095,Alive
37096,Dead
37097,Alive
37098,Dead
37099,Alive
37100,Dead
37101,Alive
37102,Dead
37103,Alive
37104,Dead
37105,Alive
37106,Dead
37107,Alive
37108,Dead
37109,Alive
37110,Dead
37111,Alive
37112,Dead
37113,Alive
37114,Dead
37115,Alive
37116,Dead
37117,Alive
37118,Dead
37119,Alive
37120,Dead
37121,Alive
37122,Dead
37123,Alive
37124,Dead
37125,Alive
37126,Dead
37127,Alive
37128,Dead
37129,Alive
37130,Dead
37131,Alive
37132,Dead
37133,Alive
37134,Dead
37135,Alive
37136,Dead
37137,Alive
37138,Dead
37139,Alive
37140,Dead
37141,Alive
37142,Dead
37143,Alive
37144,Dead
37145,Alive
37146,Dead
37147,Alive
37148,Dead
37149,Alive
37150,Dead
37151,Alive
37152,Dead
37153,Alive
37154,Dead
37155,Alive
37156,Dead
37157,Alive
37158,Dead
37159,Alive
37160,Dead
37161,Alive
37162,Dead
37163,Alive
37164,Dead
37165,Alive
37166,Dead
37167,Alive
37168,Dead
37169,Alive
37170,Dead
37171,Alive
37172,Dead
37173,Alive
37174,Dead
37175,Alive
37176,Dead
37177,Alive
37178,Dead
37179,Alive
37180,Dead
37181,Alive
37182,Dead
37183,Alive
37184,Dead
37185,Alive
37186,Dead
37187,Alive
37188,Dead
37189,Alive
37190,Dead
37191,Alive
37192,Dead
37193,Alive
37194,Dead
37195,Alive
37196,Dead
37197,Alive
37198,Dead
37199,Alive
37200,Dead
37201,Alive
37202,Dead
37203,Alive
37204,Dead
37205,Alive
37206,Dead
37207,Alive
37208,Dead
37209,Alive
37210,Dead
37211,Alive
37212,Dead
37213,Alive
37214,Dead
37215,Alive
37216,Dead
37217,Alive
37218,Dead
37219,Alive
37220,Dead
37221,Alive
37222,Dead
37223,Alive
37224,Dead
37225,Alive
37226,Dead
37227,Alive
37228,Dead
37229,Alive
37230,Dead
37231,Alive
37232,Dead
37233,Alive
37234,Dead
37235,Alive
37236,Dead
37237,Alive
37238,Dead
37239,Alive
37240,Dead
37241,Alive
37242,Dead
37243,Alive
37244,Dead
37245,Alive
37246,Dead
37247,Alive
37248,Dead
37249,Alive
37250,Dead
37251,Alive
37252,Dead
37253,Alive
37254,Dead
37255,Alive
37256,Dead
37257,Alive
37258,Dead
37259,Alive
37260,Dead
37261,Alive
37262,Dead
37263,Alive
37264,Dead
37265,Alive
37266,Dead
37267,Alive
37268,Dead
37269,Alive
37270,Dead
37271,Alive
37272,Dead
37273,Alive
37274,Dead
37275,Alive
37276,Dead
37277,Alive
37278,Dead
37279,Alive
37280,Dead
37281,Alive
37282,Dead
37283,Alive
37284,Dead
37285,Alive
37286,Dead
37287,Alive
37288,Dead
37289,Alive
37290,Dead
37291,Alive
37292,Dead
37293,Alive
37294,Dead
37295,Alive
37296,Dead
37297,Alive
37298,Dead
37299,Alive
37300,Dead
37301,Alive
37302,Dead
37303,Alive
37304,Dead
37305,Alive
37306,Dead
37307,Alive
37308,Dead
37309,Alive
37310,Dead
37311,Alive
37312,Dead
37313,Alive
37314,Dead
37315,Alive
37316,Dead
37317,Alive
37318,Dead
37319,Alive
37320,Dead
37321,Alive
37322,Dead
37323,Alive
37324,Dead
37325,Alive
37326,Dead
37327,Alive
37328,Dead
37329,Alive
37330,Dead
37331,Alive
37332,Dead
37333,Alive
37334,Dead
37335,Alive
37336,Dead
37337,Alive
37338,Dead
37339,Alive
37340,Dead
37341,Alive
37342,Dead
37343,Alive
37344,Dead
37345,Alive
37346,Dead
37347,Alive
37348,Dead
37349,Alive
37350,Dead
37351,Alive
37352,Dead
37353,Alive
37354,Dead
37355,Alive
37356,Dead
37357,Alive
37358,Dead
37359,Alive
37360,Dead
37361,Alive
37362,Dead
37363,Alive
37364,Dead
37365,Alive
37366,Dead
37367,Alive
37368,Dead
37369,Alive
37370,Dead
37371,Alive
37372,Dead
37373,Alive
37374,Dead
37375,Alive
37376,Dead
37377,Alive
37378,Dead
37379,Alive
37380,Dead
37381,Alive
37382,Dead
37383,Alive
37384,Dead
37385,Alive
37386,Dead
37387,Alive
37388,Dead
37389,Alive
37390,Dead
37391,Alive
37392,Dead
37393,Alive
37394,Dead
37395,Alive
37396,Dead
37397,Alive
37398,Dead
37399,Alive
37400,Dead
37401,Alive
37402,Dead
37403,Alive
37404,Dead
37405,Alive
37406,Dead
37407,Alive
37408,Dead
37409,Alive
37410,Dead
37411,Alive
37412,Dead
37413,Alive
37414,Dead
37415,Alive
37416,Dead
37417,Alive
37418,Dead
37419,Alive
37420,Dead
37421,Alive
37422,Dead
37423,Alive
37424,Dead
37425,Alive
37426,Dead
37427,Alive
37428,Dead
37429,Alive
37430,Dead
37431,Alive
37432,Dead
37433,Alive
37434,Dead
37435,Alive
37436,Dead
37437,Alive
37438,Dead
37439,Alive
37440,Dead
37441,Alive
37442,Dead
37443,Alive
37444,Dead
37445,Alive
37446,Dead
37447,Alive
37448,Dead
37449,Alive
37450,Dead
37451,Alive
37452,Dead
37453,Alive
37454,Dead
37455,Alive
37456,Dead
37457,Alive
37458,Dead
37459,Alive
37460,Dead
37461,Alive
37462,Dead
37463,Alive
37464,Dead
37465,Alive
37466,Dead
37467,Alive
37468,Dead
37469,Alive
37470,Dead
37471,Alive
37472,Dead
37473,Alive
37474,Dead
37475,Alive
37476,Dead
37477,Alive
37478,Dead
37479,Alive
37480,Dead
37481,Alive
37482,Dead
37483,Alive
37484,Dead
37485,Alive
37486,Dead
37487,Alive
37488,Dead
37489,Alive
37490,Dead
37491,Alive
37492,Dead
37493,Alive
37494,Dead
37495,Alive
37496,Dead
37497,Alive
37498,Dead
37499,Alive
37500,Dead
37501,Alive
37502,Dead
37503,Alive
37504,Dead
37505,Alive
37506,Dead
37507,Alive
37508,Dead
37509,Alive
37510,Dead
37511,Alive
37512,Dead
37513,Alive
37514,Dead
37515,Alive
37516,Dead
37517,Alive
37518,Dead
37519,Alive
37520,Dead
37521,Alive
37522,Dead
37523,Alive
37524,Dead
37525,Alive
37526,Dead
37527,Alive
37528,Dead
37529,Alive
37530,Dead
37531,Alive
37532,Dead
37533,Alive
37534,Dead
37535,Alive
37536,Dead
37537,Alive
37538,Dead
37539,Alive
37540,Dead
37541,Alive
37542,Dead
37543,Alive
37544,Dead
37545,Alive
37546,Dead
37547,Alive
37548,Dead
37549,Alive
37550,Dead
37551,Alive
37552,Dead
37553,Alive
37554,Dead
37555,Alive
37556,Dead
37557,Alive
37558,Dead
37559,Alive
37560,Dead
37561,Alive
37562,Dead
37563,Alive
37564,Dead
37565,Alive
37566,Dead
37567,Alive
37568,Dead
37569,Alive
37570,Dead
37571,Alive
37572,Dead
37573,Alive
37574,Dead
37575,Alive
37576,Dead
37577,Alive
37578,Dead
37579,Alive
37580,Dead
37581,Alive
37582,Dead
37583,Alive
37584,Dead
37585,Alive
37586,Dead
37587,Alive
37588,Dead
37589,Alive
37590,Dead
37591,Alive
37592,Dead
37593,Alive
37594,Dead
37595,Alive
37596,Dead
37597,Alive
37598,Dead
37599,Alive
37600,Dead
37601,Alive
37602,Dead
37603,Alive
37604,Dead
37605,Alive
37606,Dead
37607,Alive
37608,Dead
37609,Alive
37610,Dead
37611,Alive
37612,Dead
37613,Alive
37614,Dead
37615,Alive
37616,Dead
37617,Alive
37618,Dead
37619,Alive
37620,Dead
37621,Alive
37622,Dead
37623,Alive
37624,Dead
37625,Alive
37626,Dead
37627,Alive
37628,Dead
37629,Alive
37630,Dead
37631,Alive
37632,Dead
37633,Alive
37634,Dead
37635,Alive
37636,Dead
37637,Alive
37638,Dead
37639,Alive
37640,Dead
37641,Alive
37642,Dead
37643,Alive
37644,Dead
37645,Alive
37646,Dead
37647,Alive
37648,Dead
37649,Alive
37650,Dead
37651,Alive
37652,Dead
37653,Alive
37654,Dead
37655,Alive
37656,Dead
37657,Alive
37658,Dead
37659,Alive
37660,Dead
37661,Alive
37662,Dead
37663,Alive
37664,Dead
37665,Alive
37666,Dead
37667,Alive
37668,Dead
37669,Alive
37670,Dead
37671,Alive
37672,Dead
37673,Alive
37674,Dead
37675,Alive
37676,Dead
37677,Alive
37678,Dead
37679,Alive
37680,Dead
37681,Alive
37682,Dead
37683,Alive
37684,Dead
37685,Alive
37686,Dead
37687,Alive
37688,Dead
37689,Alive
37690,Dead
37691,Alive
37692,Dead
37693,Alive
37694,Dead
37695,Alive
37696,Dead
37697,Alive
37698,Dead
37699,Alive
37700,Dead
37701,Alive
37702,Dead
37703,Alive
37704,Dead
37705,Alive
37706,Dead
37707,Alive
37708,Dead
37709,Alive
37710,Dead
37711,Alive
37712,Dead
37713,Alive
37714,Dead
37715,Alive
37716,Dead
37717,Alive
37718,Dead
37719,Alive
37720,Dead
37721,Alive
37722,Dead
37723,Alive
37724,Dead
37725,Alive
37726,Dead
37727,Alive
37728,Dead
37729,Alive
37730,Dead
37731,Alive
37732,Dead
37733,Alive
37734,Dead
37735,Alive
37736,Dead
37737,Alive
37738,Dead
37739,Alive
37740,Dead
37741,Alive
37742,Dead
37743,Alive
37744,Dead
37745,Alive
37746,Dead
37747,Alive
37748,Dead
37749,Alive
37750,Dead
37751,Alive
37752,Dead
37753,Alive
37754,Dead
37755,Alive
37756,Dead
37757,Alive
37758,Dead
37759,Alive
37760,Dead
37761,Alive
37762,Dead
37763,Alive
37764,Dead
37765,Alive
37766,Dead
37767,Alive
37768,Dead
37769,Alive
37770,Dead
37771,Alive
37772,Dead
37773,Alive
37774,Dead
37775,Alive
37776,Dead
37777,Alive
37778,Dead
37779,Alive
37780,Dead
37781,Alive
37782,Dead
37783,Alive
37784,Dead
37785,Alive
37786,Dead
37787,Alive
37788,Dead
37789,Alive
37790,Dead
37791,Alive
37792,Dead
37793,Alive
37794,Dead
37795,Alive
37796,Dead
37797,Alive
37798,Dead
37799,Alive
37800,Dead
37801,Alive
37802,Dead
37803,Alive
37804,Dead
37805,Alive
37806,Dead
37807,Alive
37808,Dead
37809,Alive
37810,Dead
37811,Alive
37812,Dead
37813,Alive
37814,Dead
37815,Alive
37816,Dead
37817,Alive
37818,Dead
37819,Alive
37820,Dead
37821,Alive
37822,Dead
37823,Alive
37824,Dead
37825,Alive
37826,Dead
37827,Alive
37828,Dead
37829,Alive
37830,Dead
37831,Alive
37832,Dead
37833,Alive
37834,Dead
37835,Alive
37836,Dead
37837,Alive
37838,Dead
37839,Alive
37840,Dead
37841,Alive
37842,Dead
37843,Alive
37844,Dead
37845,Alive
37846,Dead
37847,Alive
37848,Dead
37849,Alive
37850,Dead
37851,Alive
37852,Dead
37853,Alive
37854,Dead
37855,Alive
37856,Dead
37857,Alive
37858,Dead
37859,Alive
37860,Dead
37861,Alive
37862,Dead
37863,Alive
37864,Dead
37865,Alive
37866,Dead
37867,Alive
37868,Dead
37869,Alive
37870,Dead
37871,Alive
37872,Dead
37873,Alive
37874,Dead
37875,Alive
37876,Dead
37877,Alive
37878,Dead
37879,Alive
37880,Dead
37881,Alive
37882,Dead
37883,Alive
37884,Dead
37885,Alive
37886,Dead
37887,Alive
37888,Dead
37889,Alive
37890,Dead
37891,Alive
37892,Dead
37893,Alive
37894,Dead
37895,Alive
37896,Dead
37897,Alive
37898,Dead
37899,Alive
37900,Dead
37901,Alive
37902,Dead
37903,Alive
37904,Dead
37905,Alive
37906,Dead
37907,Alive
37908,Dead
37909,Alive
37910,Dead
37911,Alive
37912,Dead
37913,Alive
37914,Dead
37915,Alive
37916,Dead
37917,Alive
37918,Dead
37919,Alive
37920,Dead
37921,Alive
37922,Dead
37923,Alive
37924,Dead
37925,Alive
37926,Dead
37927,Alive
37928,Dead
37929,Alive
37930,Dead
37931,Alive
37932,Dead
37933,Alive
37934,Dead
37935,Alive
37936,Dead
37937,Alive
37938,Dead
37939,Alive
37940,Dead
37941,Alive
37942,Dead
37943,Alive
37944,Dead
37945,Alive
37946,Dead
37947,Alive
37948,Dead
37949,Alive
37950,Dead
37951,Alive
37952,Dead
37953,Alive
37954,Dead
37955,Alive
37956,Dead
37957,Alive
37958,Dead
37959,Alive
37960,Dead
37961,Alive
37962,Dead
37963,Alive
37964,Dead
37965,Alive
37966,Dead
37967,Alive
37968,Dead
37969,Alive
37970,Dead
37971,Alive
37972,Dead
37973,Alive
37974,Dead
37975,Alive
37976,Dead
37977,Alive
37978,Dead
37979,Alive
37980,Dead
37981,Alive
37982,Dead
37983,Alive
37984,Dead
37985,Alive
37986,Dead
37987,Alive
37988,Dead
37989,Alive
37990,Dead
37991,Alive
37992,Dead
37993,Alive
37994,Dead
37995,Alive
37996,Dead
37997,Alive
37998,Dead
37999,Alive
38000,Dead
38001,Alive
38002,Dead
38003,Alive
38004,Dead
38005,Alive
38006,Dead
38007,Alive
38008,Dead
38009,Alive
38010,Dead
38011,Alive
38012,Dead
38013,Alive
38014,Dead
38015,Alive
38016,Dead
38017,Alive
38018,Dead
38019,Alive
38020,Dead
38021,Alive
38022,Dead
38023,Alive
38024,Dead
38025,Alive
38026,Dead
38027,Alive
38028,Dead
38029,Alive
38030,Dead
38031,Alive
38032,Dead
38033,Alive
38034,Dead
38035,Alive
38036,Dead
38037,Alive
38038,Dead
38039,Alive
38040,Dead
38041,Alive
38042,Dead
38043,Alive
38044,Dead
38045,Alive
38046,Dead
38047,Alive
38048,Dead
38049,Alive
38050,Dead
38051,Alive
38052,Dead
38053,Alive
38054,Dead
38055,Alive
38056,Dead
38057,Alive
38058,Dead
38059,Alive
38060,Dead
38061,Alive
38062,Dead
38063,Alive
38064,Dead
38065,Alive
38066,Dead
38067,Alive
38068,Dead
38069,Alive
38070,Dead
38071,Alive
38072,Dead
38073,Alive
38074,Dead
38075,Alive
38076,Dead
38077,Alive
38078,Dead
38079,Alive
38080,Dead
38081,Alive
38082,Dead
38083,Alive
38084,Dead
38085,Alive
38086,Dead
38087,Alive
38088,Dead
38089,Alive
38090,Dead
38091,Alive
38092,Dead
38093,Alive
38094,Dead
38095,Alive
38096,Dead
38097,Alive
38098,Dead
38099,Alive
38100,Dead
38101,Alive
38102,Dead
38103,Alive
38104,Dead
38105,Alive
38106,Dead
38107,Alive
38108,Dead
38109,Alive
38110,Dead
38111,Alive
38112,Dead
38113,Alive
38114,Dead
38115,Alive
38116,Dead
38117,Alive
38118,Dead
38119,Alive
38120,Dead
38121,Alive
38122,Dead
38123,Alive
38124,Dead
38125,Alive
38126,Dead
38127,Alive
38128,Dead
38129,Alive
38130,Dead
38131,Alive
38132,Dead
38133,Alive
38134,Dead
38135,Alive
38136,Dead
38137,Alive
38138,Dead
38139,Alive
38140,Dead
38141,Alive
38142,Dead
38143,Alive
38144,Dead
38145,Alive
38146,Dead
38147,Alive
38148,Dead
38149,Alive
38150,Dead
38151,Alive
38152,Dead
38153,Alive
38154,Dead
38155,Alive
38156,Dead
38157,Alive
38158,Dead
38159,Alive
38160,Dead
38161,Alive
38162,Dead
38163,Alive
38164,Dead
38165,Alive
38166,Dead
38167,Alive
38168,Dead
38169,Alive
38170,Dead
38171,Alive
38172,Dead
38173,Alive
38174,Dead
38175,Alive
38176,Dead
38177,Alive
38178,Dead
38179,Alive
38180,Dead
38181,Alive
38182,Dead
38183,Alive
38184,Dead
38185,Alive
38186,Dead
38187,Alive
38188,Dead
38189,Alive
38190,Dead
38191,Alive
38192,Dead
38193,Alive
38194,Dead
38195,Alive
38196,Dead
38197,Alive
38198,Dead
38199,Alive
38200,Dead
38201,Alive
38202,Dead
38203,Alive
38204,Dead
38205,Alive
38206,Dead
38207,Alive
38208,Dead
38209,Alive
38210,Dead
38211,Alive
38212,Dead
38213,Alive
38214,Dead
38215,Alive
38216,Dead
38217,Alive
38218,Dead
38219,Alive
38220,Dead
38221,Alive
38222,Dead
38223,Alive
38224,Dead
38225,Alive
38226,Dead
38227,Alive
38228,Dead
38229,Alive
38230,Dead
38231,Alive
38232,Dead
38233,Alive
38234,Dead
38235,Alive
38236,Dead
38237,Alive
38238,Dead
38239,Alive
38240,Dead
38241,Alive
38242,Dead
38243,Alive
38244,Dead
38245,Alive
38246,Dead
38247,Alive
38248,Dead
38249,Alive
38250,Dead
38251,Alive
38252,Dead
38253,Alive
38254,Dead
38255,Alive
38256,Dead
38257,Alive
38258,Dead
38259,Alive
38260,Dead
38261,Alive
38262,Dead
38263,Alive
38264,Dead
38265,Alive
38266,Dead
38267,Alive
38268,Dead
38269,Alive
38270,Dead
38271,Alive
38272,Dead
38273,Alive
38274,Dead
38275,Alive
38276,Dead
38277,Alive
38278,Dead
38279,Alive
38280,Dead
38281,Alive
38282,Dead
38283,Alive
38284,Dead
38285,Alive
38286,Dead
38287,Alive
38288,Dead
38289,Alive
38290,Dead
38291,Alive
38292,Dead
38293,Alive
38294,Dead
38295,Alive
38296,Dead
38297,Alive
38298,Dead
38299,Alive
38300,Dead
38301,Alive
38302,Dead
38303,Alive
38304,Dead
38305,Alive
38306,Dead
38307,Alive
38308,Dead
38309,Alive
38310,Dead
38311,Alive
38312,Dead
38313,Alive
38314,Dead
38315,Alive
38316,Dead
38317,Alive
38318,Dead
38319,Alive
38320,Dead
38321,Alive
38322,Dead
38323,Alive
38324,Dead
38325,Alive
38326,Dead
38327,Alive
38328,Dead
38329,Alive
38330,Dead
38331,Alive
38332,Dead
38333,Alive
38334,Dead
38335,Alive
38336,Dead
38337,Alive
38338,Dead
38339,Alive
38340,Dead
38341,Alive
38342,Dead
38343,Alive
38344,Dead
38345,Alive
38346,Dead
38347,Alive
38348,Dead
38349,Alive
38350,Dead
38351,Alive
38352,Dead
38353,Alive
38354,Dead
38355,Alive
38356,Dead
38357,Alive
38358,Dead
38359,Alive
38360,Dead
38361,Alive
38362,Dead
38363,Alive
38364,Dead
38365,Alive
38366,Dead
38367,Alive
38368,Dead
38369,Alive
38370,Dead
38371,Alive
38372,Dead
38373,Alive
38374,Dead
38375,Alive
38376,Dead
38377,Alive
38378,Dead
38379,Alive
38380,Dead
38381,Alive
38382,Dead
38383,Alive
38384,Dead
38385,Alive
38386,Dead
38387,Alive
38388,Dead
38389,Alive
38390,Dead
38391,Alive
38392,Dead
38393,Alive
38394,Dead
38395,Alive
38396,Dead
38397,Alive
38398,Dead
38399,Alive
38400,Dead
38401,Alive
38402,Dead
38403,Alive
38404,Dead
38405,Alive
38406,Dead
38407,Alive
38408,Dead
38409,Alive
38410,Dead
38411,Alive
38412,Dead
38413,Alive
38414,Dead
38415,Alive
38416,Dead
38417,Alive
38418,Dead
38419,Alive
38420,Dead
38421,Alive
38422,Dead
38423,Alive
38424,Dead
38425,Alive
38426,Dead
38427,Alive
38428,Dead
38429,Alive
38430,Dead
38431,Alive
38432,Dead
38433,Alive
38434,Dead
38435,Alive
38436,Dead
38437,Alive
38438,Dead
38439,Alive
38440,Dead
38441,Alive
38442,Dead
38443,Alive
38444,Dead
38445,Alive
38446,Dead
38447,Alive
38448,Dead
38449,Alive
38450,Dead
38451,Alive
38452,Dead
38453,Alive
38454,Dead
38455,Alive
38456,Dead
38457,Alive
38458,Dead
38459,Alive
38460,Dead
38461,Alive
38462,Dead
38463,Alive
38464,Dead
38465,Alive
38466,Dead
38467,Alive
38468,Dead
38469,Alive
38470,Dead
38471,Alive
38472,Dead
38473,Alive
38474,Dead
38475,Alive
38476,Dead
38477,Alive
38478,Dead
38479,Alive
38480,Dead
38481,Alive
38482,Dead
38483,Alive
38484,Dead
38485,Alive
38486,Dead
38487,Alive
38488,Dead
38489,Alive
38490,Dead
38491,Alive
38492,Dead
38493,Alive
38494,Dead
38495,Alive
38496,Dead
38497,Alive
38498,Dead
38499,Alive
38500,Dead
38501,Alive
38502,Dead
38503,Alive
38504,Dead
38505,Alive
38506,Dead
38507,Alive
38508,Dead
38509,Alive
38510,Dead
38511,Alive
38512,Dead
38513,Alive
38514,Dead
38515,Alive
38516,Dead
38517,Alive
38518,Dead
38519,Alive
38520,Dead
38521,Alive
38522,Dead
38523,Alive
38524,Dead
38525,Alive
38526,Dead
38527,Alive
38528,Dead
38529,Alive
38530,Dead
38531,Alive
38532,Dead
38533,Alive
38534,Dead
38535,Alive
38536,Dead
38537,Alive
38538,Dead
38539,Alive
38540,Dead
38541,Alive
38542,Dead
38543,Alive
38544,Dead
38545,Alive
38546,Dead
38547,Alive
38548,Dead
38549,Alive
38550,Dead
38551,Alive
38552,Dead
38553,Alive
38554,Dead
38555,Alive
38556,Dead
38557,Alive
38558,Dead
38559,Alive
38560,Dead
38561,Alive
38562,Dead
38563,Alive
38564,Dead
38565,Alive
38566,Dead
38567,Alive
38568,Dead
38569,Alive
38570,Dead
38571,Alive
38572,Dead
38573,Alive
38574,Dead
38575,Alive
38576,Dead
38577,Alive
38578,Dead
38579,Alive
38580,Dead
38581,Alive
38582,Dead
38583,Alive
38584,Dead
38585,Alive
38586,Dead
38587,Alive
38588,Dead
38589,Alive
38590,Dead
38591,Alive
38592,Dead
38593,Alive
38594,Dead
38595,Alive
38596,Dead
38597,Alive
38598,Dead
38599,Alive
38600,Dead
38601,Alive
38602,Dead
38603,Alive
38604,Dead
38605,Alive
38606,Dead
38607,Alive
38608,Dead
38609,Alive
38610,Dead
38611,Alive
38612,Dead
38613,Alive
38614,Dead
38615,Alive
38616,Dead
38617,Alive
38618,Dead
38619,Alive
38620,Dead
38621,Alive
38622,Dead
38623,Alive
38624,Dead
38625,Alive
38626,Dead
38627,Alive
38628,Dead
38629,Alive
38630,Dead
38631,Alive
38632,Dead
38633,Alive
38634,Dead
38635,Alive
38636,Dead
38637,Alive
38638,Dead
38639,Alive
38640,Dead
38641,Alive
38642,Dead
38643,Alive
38644,Dead
38645,Alive
38646,Dead
38647,Alive
38648,Dead
38649,Alive
38650,Dead
38651,Alive
38652,Dead
38653,Alive
38654,Dead
38655,Alive
38656,Dead
38657,Alive
38658,Dead
38659,Alive
38660,Dead
38661,Alive
38662,Dead
38663,Alive
38664,Dead
38665,Alive
38666,Dead
38667,Alive
38668,Dead
38669,Alive
38670,Dead
38671,Alive
38672,Dead
38673,Alive
38674,Dead
38675,Alive
38676,Dead
38677,Alive
38678,Dead
38679,Alive
38680,Dead
38681,Alive
38682,Dead
38683,Alive
38684,Dead
38685,Alive
38686,Dead
38687,Alive
38688,Dead
38689,Alive
38690,Dead
38691,Alive
38692,Dead
38693,Alive
38694,Dead
38695,Alive
38696,Dead
38697,Alive
38698,Dead
38699,Alive
38700,Dead
38701,Alive
38702,Dead
38703,Alive
38704,Dead
38705,Alive
38706,Dead
38707,Alive
38708,Dead
38709,Alive
38710,Dead
38711,Alive
38712,Dead
38713,Alive
38714,Dead
38715,Alive
38716,Dead
38717,Alive
38718,Dead
38719,Alive
38720,Dead
38721,Alive
38722,Dead
38723,Alive
38724,Dead
38725,Alive
38726,Dead
38727,Alive
38728,Dead
38729,Alive
38730,Dead
38731,Alive
38732,Dead
38733,Alive
38734,Dead
38735,Alive
38736,Dead
38737,Alive
38738,Dead
38739,Alive
38740,Dead
38741,Alive
38742,Dead
38743,Alive
38744,Dead
38745,Alive
38746,Dead
38747,Alive
38748,Dead
38749,Alive
38750,Dead
38751,Alive
38752,Dead
38753,Alive
38754,Dead
38755,Alive
38756,Dead
38757,Alive
38758,Dead
38759,Alive
38760,Dead
38761,Alive
38762,Dead
38763,Alive
38764,Dead
38765,Alive
38766,Dead
38767,Alive
38768,Dead
38769,Alive
38770,Dead
38771,Alive
38772,Dead
38773,Alive
38774,Dead
38775,Alive
38776,Dead
38777,Alive
38778,Dead
38779,Alive
38780,Dead
38781,Alive
38782,Dead
38783,Alive
38784,Dead
38785,Alive
38786,Dead
38787,Alive
38788,Dead
38789,Alive
38790,Dead
38791,Alive
38792,Dead
38793,Alive
38794,Dead
38795,Alive
38796,Dead
38797,Alive
38798,Dead
38799,Alive
38800,Dead
38801,Alive
38802,Dead
38803,Alive
38804,Dead
38805,Alive
38806,Dead
38807,Alive
38808,Dead
38809,Alive
38810,Dead
38811,Alive
38812,Dead
38813,Alive
38814,Dead
38815,Alive
38816,Dead
38817,Alive
38818,Dead
38819,Alive
38820,Dead
38821,Alive
38822,Dead
38823,Alive
38824,Dead
38825,Alive
38826,Dead
38827,Alive
38828,Dead
38829,Alive
38830,Dead
38831,Alive
38832,Dead
38833,Alive
38834,Dead
38835,Alive
38836,Dead
38837,Alive
38838,Dead
38839,Alive
38840,Dead
38841,Alive
38842,Dead
38843,Alive
38844,Dead
38845,Alive
38846,Dead
38847,Alive
38848,Dead
38849,Alive
38850,Dead
38851,Alive
38852,Dead
38853,Alive
38854,Dead
38855,Alive
38856,Dead
38857,Alive
38858,Dead
38859,Alive
38860,Dead
38861,Alive
38862,Dead
38863,Alive
38864,Dead
38865,Alive
38866,Dead
38867,Alive
38868,Dead
38869,Alive
38870,Dead
38871,Alive
38872,Dead
38873,Alive
38874,Dead
38875,Alive
38876,Dead
38877,Alive
38878,Dead
38879,Alive
38880,Dead
38881,Alive
38882,Dead
38883,Alive
38884,Dead
38885,Alive
38886,Dead
38887,Alive
38888,Dead
38889,Alive
38890,Dead
38891,Alive
38892,Dead
38893,Alive
38894,Dead
38895,Alive
38896,Dead
38897,Alive
38898,Dead
38899,Alive
38900,Dead
38901,Alive
38902,Dead
38903,Alive
38904,Dead
38905,Alive
38906,Dead
38907,Alive
38908,Dead
38909,Alive
38910,Dead
38911,Alive
38912,Dead
38913,Alive
38914,Dead
38915,Alive
38916,Dead
38917,Alive
38918,Dead
38919,Alive
38920,Dead
38921,Alive
38922,Dead
38923,Alive
38924,Dead
38925,Alive
38926,Dead
38927,Alive
38928,Dead
38929,Alive
38930,Dead
38931,Alive
38932,Dead
38933,Alive
38934,Dead
38935,Alive
38936,Dead
38937,Alive
38938,Dead
38939,Alive
38940,Dead
38941,Alive
38942,Dead
38943,Alive
38944,Dead
38945,Alive
38946,Dead
38947,Alive
38948,Dead
38949,Alive
38950,Dead
38951,Alive
38952,Dead
38953,Alive
38954,Dead
38955,Alive
38956,Dead
38957,Alive
38958,Dead
38959,Alive
38960,Dead
38961,Alive
38962,Dead
38963,Alive
38964,Dead
38965,Alive
38966,Dead
38967,Alive
38968,Dead
38969,Alive
38970,Dead
38971,Alive
38972,Dead
38973,Alive
38974,Dead
38975,Alive
38976,Dead
38977,Alive
38978,Dead
38979,Alive
38980,Dead
38981,Alive
38982,Dead
38983,Alive
38984,Dead
38985,Alive
38986,Dead
38987,Alive
38988,Dead
38989,Alive
38990,Dead
38991,Alive
38992,Dead
38993,Alive
38994,Dead
38995,Alive
38996,Dead
38997,Alive
38998,Dead
38999,Alive
39000,Dead
39001,Alive
39002,Dead
39003,Alive
39004,Dead
39005,Alive
39006,Dead
39007,Alive
39008,Dead
39009,Alive
39010,Dead
39011,Alive
39012,Dead
39013,Alive
39014,Dead
39015,Alive
39016,Dead
39017,Alive
39018,Dead
39019,Alive
39020,Dead
39021,Alive
39022,Dead
39023,Alive
39024,Dead
39025,Alive
39026,Dead
39027,Alive
39028,Dead
39029,Alive
39030,Dead
39031,Alive
39032,Dead
39033,Alive
39034,Dead
39035,Alive
39036,Dead
39037,Alive
39038,Dead
39039,Alive
39040,Dead
39041,Alive
39042,Dead
39043,Alive
39044,Dead
39045,Alive
39046,Dead
39047,Alive
39048,Dead
39049,Alive
39050,Dead
39051,Alive
39052,Dead
39053,Alive
39054,Dead
39055,Alive
39056,Dead
39057,Alive
39058,Dead
39059,Alive
39060,Dead
39061,Alive
39062,Dead
39063,Alive
39064,Dead
39065,Alive
39066,Dead
39067,Alive
39068,Dead
39069,Alive
39070,Dead
39071,Alive
39072,Dead
39073,Alive
39074,Dead
39075,Alive
39076,Dead
39077,Alive
39078,Dead
39079,Alive
39080,Dead
39081,Alive
39082,Dead
39083,Alive
39084,Dead
39085,Alive
39086,Dead
39087,Alive
39088,Dead
39089,Alive
39090,Dead
39091,Alive
39092,Dead
39093,Alive
39094,Dead
39095,Alive
39096,Dead
39097,Alive
39098,Dead
39099,Alive
39100,Dead
39101,Alive
39102,Dead
39103,Alive
39104,Dead
39105,Alive
39106,Dead
39107,Alive
39108,Dead
39109,Alive
39110,Dead
39111,Alive
39112,Dead
39113,Alive
39114,Dead
39115,Alive
39116,Dead
39117,Alive
39118,Dead
39119,Alive
39120,Dead
39121,Alive
39122,Dead
39123,Alive
39124,Dead
39125,Alive
39126,Dead
39127,Alive
39128,Dead
39129,Alive
39130,Dead
39131,Alive
39132,Dead
39133,Alive
39134,Dead
39135,Alive
39136,Dead
39137,Alive
39138,Dead
39139,Alive
39140,Dead
39141,Alive
39142,Dead
39143,Alive
39144,Dead
39145,Alive
39146,Dead
39147,Alive
39148,Dead
39149,Alive
39150,Dead
39151,Alive
39152,Dead
39153,Alive
39154,Dead
39155,Alive
39156,Dead
39157,Alive
39158,Dead
39159,Alive
39160,Dead
39161,Alive
39162,Dead
39163,Alive
39164,Dead
39165,Alive
39166,Dead
39167,Alive
39168,Dead
39169,Alive
39170,Dead
39171,Alive
39172,Dead
39173,Alive
39174,Dead
39175,Alive
39176,Dead
39177,Alive
39178,Dead
39179,Alive
39180,Dead
39181,Alive
39182,Dead
39183,Alive
39184,Dead
39185,Alive
39186,Dead
39187,Alive
39188,Dead
39189,Alive
39190,Dead
39191,Alive
39192,Dead
39193,Alive
39194,Dead
39195,Alive
39196,Dead
39197,Alive
39198,Dead
39199,Alive
39200,Dead
39201,Alive
39202,Dead
39203,Alive
39204,Dead
39205,Alive
39206,Dead
39207,Alive
39208,Dead
39209,Alive
39210,Dead
39211,Alive
39212,Dead
39213,Alive
39214,Dead
39215,Alive
39216,Dead
39217,Alive
39218,Dead
39219,Alive
39220,Dead
39221,Alive
39222,Dead
39223,Alive
39224,Dead
39225,Alive
39226,Dead
39227,Alive
39228,Dead
39229,Alive
39230,Dead
39231,Alive
39232,Dead
39233,Alive
39234,Dead
39235,Alive
39236,Dead
39237,Alive
39238,Dead
39239,Alive
39240,Dead
39241,Alive
39242,Dead
39243,Alive
39244,Dead
39245,Alive
39246,Dead
39247,Alive
39248,Dead
39249,Alive
39250,Dead
39251,Alive
39252,Dead
39253,Alive
39254,Dead
39255,Alive
39256,Dead
39257,Alive
39258,Dead
39259,Alive
39260,Dead
39261,Alive
39262,Dead
39263,Alive
39264,Dead
39265,Alive
39266,Dead
39267,Alive
39268,Dead
39269,Alive
39270,Dead
39271,Alive
39272,Dead
39273,Alive
39274,Dead
39275,Alive
39276,Dead
39277,Alive
39278,Dead
39279,Alive
39280,Dead
39281,Alive
39282,Dead
39283,Alive
39284,Dead
39285,Alive
39286,Dead
39287,Alive
39288,Dead
39289,Alive
39290,Dead
39291,Alive
39292,Dead
39293,Alive
39294,Dead
39295,Alive
39296,Dead
39297,Alive
39298,Dead
39299,Alive
39300,Dead
39301,Alive
39302,Dead
39303,Alive
39304,Dead
39305,Alive
39306,Dead
39307,Alive
39308,Dead
39309,Alive
39310,Dead
39311,Alive
39312,Dead
39313,Alive
39314,Dead
39315,Alive
39316,Dead
39317,Alive
39318,Dead
39319,Alive
39320,Dead
39321,Alive
39322,Dead
39323,Alive
39324,Dead
39325,Alive
39326,Dead
39327,Alive
39328,Dead
39329,Alive
39330,Dead
39331,Alive
39332,Dead
39333,Alive
39334,Dead
39335,Alive
39336,Dead
39337,Alive
39338,Dead
39339,Alive
39340,Dead
39341,Alive
39342,Dead
39343,Alive
39344,Dead
39345,Alive
39346,Dead
39347,Alive
39348,Dead
39349,Alive
39350,Dead
39351,Alive
39352,Dead
39353,Alive
39354,Dead
39355,Alive
39356,Dead
39357,Alive
39358,Dead
39359,Alive
39360,Dead
39361,Alive
39362,Dead
39363,Alive
39364,Dead
39365,Alive
39366,Dead
39367,Alive
39368,Dead
39369,Alive
39370,Dead
39371,Alive
39372,Dead
39373,Alive
39374,Dead
39375,Alive
39376,Dead
39377,Alive
39378,Dead
39379,Alive
39380,Dead
39381,Alive
39382,Dead
39383,Alive
39384,Dead
39385,Alive
39386,Dead
39387,Alive
39388,Dead
39389,Alive
39390,Dead
39391,Alive
39392,Dead
39393,Alive
39394,Dead
39395,Alive
39396,Dead
39397,Alive
39398,Dead
39399,Alive
39400,Dead
39401,Alive
39402,Dead
39403,Alive
39404,Dead
39405,Alive
39406,Dead
39407,Alive
39408,Dead
39409,Alive
39410,Dead
39411,Alive
39412,Dead
39413,Alive
39414,Dead
39415,Alive
39416,Dead
39417,Alive
39418,Dead
39419,Alive
39420,Dead
39421,Alive
39422,Dead
39423,Alive
39424,Dead
39425,Alive
39426,Dead
39427,Alive
39428,Dead
39429,Alive
39430,Dead
39431,Alive
39432,Dead
39433,Alive
39434,Dead
39435,Alive
39436,Dead
39437,Alive
39438,Dead
39439,Alive
39440,Dead
39441,Alive
39442,Dead
39443,Alive
39444,Dead
39445,Alive
39446,Dead
39447,Alive
39448,Dead
39449,Alive
39450,Dead
39451,Alive
39452,Dead
39453,Alive
39454,Dead
39455,Alive
39456,Dead
39457,Alive
39458,Dead
39459,Alive
39460,Dead
39461,Alive
39462,Dead
39463,Alive
39464,Dead
39465,Alive
39466,Dead
39467,Alive
39468,Dead
39469,Alive
39470,Dead
39471,Alive
39472,Dead
39473,Alive
39474,Dead
39475,Alive
39476,Dead
39477,Alive
39478,Dead
39479,Alive
39480,Dead
39481,Alive
39482,Dead
39483,Alive
39484,Dead
39485,Alive
39486,Dead
39487,Alive
39488,Dead
39489,Alive
39490,Dead
39491,Alive
39492,Dead
39493,Alive
39494,Dead
39495,Alive
39496,Dead
39497,Alive
39498,Dead
39499,Alive
39500,Dead
39501,Alive
39502,Dead
39503,Alive
39504,Dead
39505,Alive
39506,Dead
39507,Alive
39508,Dead
39509,Alive
39510,Dead
39511,Alive
39512,Dead
39513,Alive
39514,Dead
39515,Alive
39516,Dead
39517,Alive
39518,Dead
39519,Alive
39520,Dead
39521,Alive
39522,Dead
39523,Alive
39524,Dead
39525,Alive
39526,Dead
39527,Alive
39528,Dead
39529,Alive
39530,Dead
39531,Alive
39532,Dead
39533,Alive
39534,Dead
39535,Alive
39536,Dead
39537,Alive
39538,Dead
39539,Alive
39540,Dead
39541,Alive
39542,Dead
39543,Alive
39544,Dead
39545,Alive
39546,Dead
39547,Alive
39548,Dead
39549,Alive
39550,Dead
39551,Alive
39552,Dead
39553,Alive
39554,Dead
39555,Alive
39556,Dead
39557,Alive
39558,Dead
39559,Alive
39560,Dead
39561,Alive
39562,Dead
39563,Alive
39564,Dead
39565,Alive
39566,Dead
39567,Alive
39568,Dead
39569,Alive
39570,Dead
39571,Alive
39572,Dead
39573,Alive
39574,Dead
39575,Alive
39576,Dead
39577,Alive
39578,Dead
39579,Alive
39580,Dead
39581,Alive
39582,Dead
39583,Alive
39584,Dead
39585,Alive
39586,Dead
39587,Alive
39588,Dead
39589,Alive
39590,Dead
39591,Alive
39592,Dead
39593,Alive
39594,Dead
39595,Alive
39596,Dead
39597,Alive
39598,Dead
39599,Alive
39600,Dead
39601,Alive
39602,Dead
39603,Alive
39604,Dead
39605,Alive
39606,Dead
39607,Alive
39608,Dead
39609,Alive
39610,Dead
39611,Alive
39612,Dead
39613,Alive
39614,Dead
39615,Alive
39616,Dead
39617,Alive
39618,Dead
39619,Alive
39620,Dead
39621,Alive
39622,Dead
39623,Alive
39624,Dead
39625,Alive
39626,Dead
39627,Alive
39628,Dead
39629,Alive
39630,Dead
39631,Alive
39632,Dead
39633,Alive
39634,Dead
39635,Alive
39636,Dead
39637,Alive
39638,Dead
39639,Alive
39640,Dead
39641,Alive
39642,Dead
39643,Alive
39644,Dead
39645,Alive
39646,Dead
39647,Alive
39648,Dead
39649,Alive
39650,Dead
39651,Alive
39652,Dead
39653,Alive
39654,Dead
39655,Alive
39656,Dead
39657,Alive
39658,Dead
39659,Alive
39660,Dead
39661,Alive
39662,Dead
39663,Alive
39664,Dead
39665,Alive
39666,Dead
39667,Alive
39668,Dead
39669,Alive
39670,Dead
39671,Alive
39672,Dead
39673,Alive
39674,Dead
39675,Alive
39676,Dead
39677,Alive
39678,Dead
39679,Alive
39680,Dead
39681,Alive
39682,Dead
39683,Alive
39684,Dead
39685,Alive
39686,Dead
39687,Alive
39688,Dead
39689,Alive
39690,Dead
39691,Alive
39692,Dead
39693,Alive
39694,Dead
39695,Alive
39696,Dead
39697,Alive
39698,Dead
39699,Alive
39700,Dead
39701,Alive
39702,Dead
39703,Alive
39704,Dead
39705,Alive
39706,Dead
39707,Alive
39708,Dead
39709,Alive
39710,Dead
39711,Alive
39712,Dead
39713,Alive
39714,Dead
39715,Alive
39716,Dead
39717,Alive
39718,Dead
39719,Alive
39720,Dead
39721,Alive
39722,Dead
39723,Alive
39724,Dead
39725,Alive
39726,Dead
39727,Alive
39728,Dead
39729,Alive
39730,Dead
39731,Alive
39732,Dead
39733,Alive
39734,Dead
39735,Alive
39736,Dead
39737,Alive
39738,Dead
39739,Alive
39740,Dead
39741,Alive
39742,Dead
39743,Alive
39744,Dead
39745,Alive
39746,Dead
39747,Alive
39748,Dead
39749,Alive
39750,Dead
39751,Alive
39752,Dead
39753,Alive
39754,Dead
39755,Alive
39756,Dead
39757,Alive
39758,Dead
39759,Alive
39760,Dead
39761,Alive
39762,Dead
39763,Alive
39764,Dead
39765,Alive
39766,Dead
39767,Alive
39768,Dead
39769,Alive
39770,Dead
39771,Alive
39772,Dead
39773,Alive
39774,Dead
39775,Alive
39776,Dead
39777,Alive
39778,Dead
39779,Alive
39780,Dead
39781,Alive
39782,Dead
39783,Alive
39784,Dead
39785,Alive
39786,Dead
39787,Alive
39788,Dead
39789,Alive
39790,Dead
39791,Alive
39792,Dead
39793,Alive
39794,Dead
39795,Alive
39796,Dead
39797,Alive
39798,Dead
39799,Alive
39800,Dead
39801,Alive
39802,Dead
39803,Alive
39804,Dead
39805,Alive
39806,Dead
39807,Alive
39808,Dead
39809,Alive
39810,Dead
39811,Alive
39812,Dead
39813,Alive
39814,Dead
39815,Alive
39816,Dead
39817,Alive
39818,Dead
39819,Alive
39820,Dead
39821,Alive
39822,Dead
39823,Alive
39824,Dead
39825,Alive
39826,Dead
39827,Alive
39828,Dead
39829,Alive
39830,Dead
39831,Alive
39832,Dead
39833,Alive
39834,Dead
39835,Alive
39836,Dead
39837,Alive
39838,Dead
39839,Alive
39840,Dead
39841,Alive
39842,Dead
39843,Alive
39844,Dead
39845,Alive
39846,Dead
39847,Alive
39848,Dead
39849,Alive
39850,Dead
39851,Alive
39852,Dead
39853,Alive
39854,Dead
39855,Alive
39856,Dead
39857,Alive
39858,Dead
39859,Alive
39860,Dead
39861,Alive
39862,Dead
39863,Alive
39864,Dead
39865,Alive
39866,Dead
39867,Alive
39868,Dead
39869,Alive
39870,Dead
39871,Alive
39872,Dead
39873,Alive
39874,Dead
39875,Alive
39876,Dead
39877,Alive
39878,Dead
39879,Alive
39880,Dead
39881,Alive
39882,Dead
39883,Alive
39884,Dead
39885,Alive
39886,Dead
39887,Alive
39888,Dead
39889,Alive
39890,Dead
39891,Alive
39892,Dead
39893,Alive
39894,Dead
39895,Alive
39896,Dead
39897,Alive
39898,Dead
39899,Alive
39900,Dead
39901,Alive
39902,Dead
39903,Alive
39904,Dead
39905,Alive
39906,Dead
39907,Alive
39908,Dead
39909,Alive
39910,Dead
39911,Alive
39912,Dead
39913,Alive
39914,Dead
39915,Alive
39916,Dead
39917,Alive
39918,Dead
39919,Alive
39920,Dead
39921,Alive
39922,Dead
39923,Alive
39924,Dead
39925,Alive
39926,Dead
39927,Alive
39928,Dead
39929,Alive
39930,Dead
39931,Alive
39932,Dead
39933,Alive
39934,Dead
39935,Alive
39936,Dead
39937,Alive
39938,Dead
39939,Alive
39940,Dead
39941,Alive
39942,Dead
39943,Alive
39944,Dead
39945,Alive
39946,Dead
39947,Alive
39948,Dead
39949,Alive
39950,Dead
39951,Alive
39952,Dead
39953,Alive
39954,Dead
39955,Alive
39956,Dead
39957,Alive
39958,Dead
39959,Alive
39960,Dead
39961,Alive
39962,Dead
39963,Alive
39964,Dead
39965,Alive
39966,Dead
39967,Alive
39968,Dead
39969,Alive
39970,Dead
39971,Alive
39972,Dead
39973,Alive
39974,Dead
39975,Alive
39976,Dead
39977,Alive
39978,Dead
39979,Alive
39980,Dead
39981,Alive
39982,Dead
39983,Alive
39984,Dead
39985,Alive
39986,Dead
39987,Alive
39988,Dead
39989,Alive
39990,Dead
39991,Alive
39992,Dead
39993,Alive
39994,Dead
39995,Alive
39996,Dead
39997,Alive
39998,Dead
39999,Alive
40000,Dead
40001,Alive
40002,Dead
40003,Alive
40004,Dead
40005,Alive
40006,Dead
40007,Alive
40008,Dead
40009,Alive
40010,Dead
40011,Alive
40012,Dead
40013,Alive
40014,Dead
40015,Alive
40016,Dead
40017,Alive
40018,Dead
40019,Alive
40020,Dead
40021,Alive
40022,Dead
40023,Alive
40024,Dead
40025,Alive
40026,Dead
40027,Alive
40028,Dead
40029,Alive
40030,Dead
40031,Alive
40032,Dead
40033,Alive
40034,Dead
40035,Alive
40036,Dead
40037,Alive
40038,Dead
40039,Alive
40040,Dead
40041,Alive
40042,Dead
40043,Alive
40044,Dead
40045,Alive
40046,Dead
40047,Alive
40048,Dead
40049,Alive
40050,Dead
40051,Alive
40052,Dead
40053,Alive
40054,Dead
40055,Alive
40056,Dead
40057,Alive
40058,Dead
40059,Alive
40060,Dead
40061,Alive
40062,Dead
40063,Alive
40064,Dead
40065,Alive
40066,Dead
40067,Alive
40068,Dead
40069,Alive
40070,Dead
40071,Alive
40072,Dead
40073,Alive
40074,Dead
40075,Alive
40076,Dead
40077,Alive
40078,Dead
40079,Alive
40080,Dead
40081,Alive
40082,Dead
40083,Alive
40084,Dead
40085,Alive
40086,Dead
40087,Alive
40088,Dead
40089,Alive
40090,Dead
40091,Alive
40092,Dead
40093,Alive
40094,Dead
40095,Alive
40096,Dead
40097,Alive
40098,Dead
40099,Alive
40100,Dead
40101,Alive
40102,Dead
40103,Alive
40104,Dead
40105,Alive
40106,Dead
40107,Alive
40108,Dead
40109,Alive
40110,Dead
40111,Alive
40112,Dead
40113,Alive
40114,Dead
40115,Alive
40116,Dead
40117,Alive
40118,Dead
40119,Alive
40120,Dead
40121,Alive
40122,Dead
40123,Alive
40124,Dead
40125,Alive
40126,Dead
40127,Alive
40128,Dead
40129,Alive
40130,Dead
40131,Alive
40132,Dead
40133,Alive
40134,Dead
40135,Alive
40136,Dead
40137,Alive
40138,Dead
40139,Alive
40140,Dead
40141,Alive
40142,Dead
40143,Alive
40144,Dead
40145,Alive
40146,Dead
40147,Alive
40148,Dead
40149,Alive
40150,Dead
40151,Alive
40152,Dead
40153,Alive
40154,Dead
40155,Alive
40156,Dead
40157,Alive
40158,Dead
40159,Alive
40160,Dead
40161,Alive
40162,Dead
40163,Alive
40164,Dead
40165,Alive
40166,Dead
40167,Alive
40168,Dead
40169,Alive
40170,Dead
40171,Alive
40172,Dead
40173,Alive
40174,Dead
40175,Alive
40176,Dead
40177,Alive
40178,Dead
40179,Alive
40180,Dead
40181,Alive
40182,Dead
40183,Alive
40184,Dead
40185,Alive
40186,Dead
40187,Alive
40188,Dead
40189,Alive
40190,Dead
40191,Alive
40192,Dead
40193,Alive
40194,Dead
40195,Alive
40196,Dead
40197,Alive
40198,Dead
40199,Alive
40200,Dead
40201,Alive
40202,Dead
40203,Alive
40204,Dead
40205,Alive
40206,Dead
40207,Alive
40208,Dead
40209,Alive
40210,Dead
40211,Alive
40212,Dead
40213,Alive
40214,Dead
40215,Alive
40216,Dead
40217,Alive
40218,Dead
40219,Alive
40220,Dead
40221,Alive
40222,Dead
40223,Alive
40224,Dead
40225,Alive
40226,Dead
40227,Alive
40228,Dead
40229,Alive
40230,Dead
40231,Alive
40232,Dead
40233,Alive
40234,Dead
40235,Alive
40236,Dead
40237,Alive
40238,Dead
40239,Alive
40240,Dead
40241,Alive
40242,Dead
40243,Alive
40244,Dead
40245,Alive
40246,Dead
40247,Alive
40248,Dead
40249,Alive
40250,Dead
40251,Alive
40252,Dead
40253,Alive
40254,Dead
40255,Alive
40256,Dead
40257,Alive
40258,Dead
40259,Alive
40260,Dead
40261,Alive
40262,Dead
40263,Alive
40264,Dead
40265,Alive
40266,Dead
40267,Alive
40268,Dead
40269,Alive
40270,Dead
40271,Alive
40272,Dead
40273,Alive
40274,Dead
40275,Alive
40276,Dead
40277,Alive
40278,Dead
40279,Alive
40280,Dead
40281,Alive
40282,Dead
40283,Alive
40284,Dead
40285,Alive
40286,Dead
40287,Alive
40288,Dead
40289,Alive
40290,Dead
40291,Alive
40292,Dead
40293,Alive
40294,Dead
40295,Alive
40296,Dead
40297,Alive
40298,Dead
40299,Alive
40300,Dead
40301,Alive
40302,Dead
40303,Alive
40304,Dead
40305,Alive
40306,Dead
40307,Alive
40308,Dead
40309,Alive
40310,Dead
40311,Alive
40312,Dead
40313,Alive
40314,Dead
40315,Alive
40316,Dead
40317,Alive
40318,Dead
40319,Alive
40320,Dead
40321,Alive
40322,Dead
40323,Alive
40324,Dead
40325,Alive
40326,Dead
40327,Alive
40328,Dead
40329,Alive
40330,Dead
40331,Alive
40332,Dead
40333,Alive
40334,Dead
40335,Alive
40336,Dead
40337,Alive
40338,Dead
40339,Alive
40340,Dead
40341,Alive
40342,Dead
40343,Alive
40344,Dead
40345,Alive
40346,Dead
40347,Alive
40348,Dead
40349,Alive
40350,Dead
40351,Alive
40352,Dead
40353,Alive
40354,Dead
40355,Alive
40356,Dead
40357,Alive
40358,Dead
40359,Alive
40360,Dead
40361,Alive
40362,Dead
40363,Alive
40364,Dead
40365,Alive
40366,Dead
40367,Alive
40368,Dead
40369,Alive
40370,Dead
40371,Alive
40372,Dead
40373,Alive
40374,Dead
40375,Alive
40376,Dead
40377,Alive
40378,Dead
40379,Alive
40380,Dead
40381,Alive
40382,Dead
40383,Alive
40384,Dead
40385,Alive
40386,Dead
40387,Alive
40388,Dead
40389,Alive
40390,Dead
40391,Alive
40392,Dead
40393,Alive
40394,Dead
40395,Alive
40396,Dead
40397,Alive
40398,Dead
40399,Alive
40400,Dead
40401,Alive
40402,Dead
40403,Alive
40404,Dead
40405,Alive
40406,Dead
40407,Alive
40408,Dead
40409,Alive
40410,Dead
40411,Alive
40412,Dead
40413,Alive
40414,Dead
40415,Alive
40416,Dead
40417,Alive
40418,Dead
40419,Alive
40420,Dead
40421,Alive
40422,Dead
40423,Alive
40424,Dead
40425,Alive
40426,Dead
40427,Alive
40428,Dead
40429,Alive
40430,Dead
40431,Alive
40432,Dead
40433,Alive
40434,Dead
40435,Alive
40436,Dead
40437,Alive
40438,Dead
40439,Alive
40440,Dead
40441,Alive
40442,Dead
40443,Alive
40444,Dead
40445,Alive
40446,Dead
40447,Alive
40448,Dead
40449,Alive
40450,Dead
40451,Alive
40452,Dead
40453,Alive
40454,Dead
40455,Alive
40456,Dead
40457,Alive
40458,Dead
40459,Alive
40460,Dead
40461,Alive
40462,Dead
40463,Alive
40464,Dead
40465,Alive
40466,Dead
40467,Alive
40468,Dead
40469,Alive
40470,Dead
40471,Alive
40472,Dead
40473,Alive
40474,Dead
40475,Alive
40476,Dead
40477,Alive
40478,Dead
40479,Alive
40480,Dead
40481,Alive
40482,Dead
40483,Alive
40484,Dead
40485,Alive
40486,Dead
40487,Alive
40488,Dead
40489,Alive
40490,Dead
40491,Alive
40492,Dead
40493,Alive
40494,Dead
40495,Alive
40496,Dead
40497,Alive
40498,Dead
40499,Alive
40500,Dead
40501,Alive
40502,Dead
40503,Alive
40504,Dead
40505,Alive
40506,Dead
40507,Alive
40508,Dead
40509,Alive
40510,Dead
40511,Alive
40512,Dead
40513,Alive
40514,Dead
40515,Alive
40516,Dead
40517,Alive
40518,Dead
40519,Alive
40520,Dead
40521,Alive
40522,Dead
40523,Alive
40524,Dead
40525,Alive
40526,Dead
40527,Alive
40528,Dead
40529,Alive
40530,Dead
40531,Alive
40532,Dead
40533,Alive
40534,Dead
40535,Alive
40536,Dead
40537,Alive
40538,Dead
40539,Alive
40540,Dead
40541,Alive
40542,Dead
40543,Alive
40544,Dead
40545,Alive
40546,Dead
40547,Alive
40548,Dead
40549,Alive
40550,Dead
40551,Alive
40552,Dead
40553,Alive
40554,Dead
40555,Alive
40556,Dead
40557,Alive
40558,Dead
40559,Alive
40560,Dead
40561,Alive
40562,Dead
40563,Alive
40564,Dead
40565,Alive
40566,Dead
40567,Alive
40568,Dead
40569,Alive
40570,Dead
40571,Alive
40572,Dead
40573,Alive
40574,Dead
40575,Alive
40576,Dead
40577,Alive
40578,Dead
40579,Alive
40580,Dead
40581,Alive
40582,Dead
40583,Alive
40584,Dead
40585,Alive
40586,Dead
40587,Alive
40588,Dead
40589,Alive
40590,Dead
40591,Alive
40592,Dead
40593,Alive
40594,Dead
40595,Alive
40596,Dead
40597,Alive
40598,Dead
40599,Alive
40600,Dead
40601,Alive
40602,Dead
40603,Alive
40604,Dead
40605,Alive
40606,Dead
40607,Alive
40608,Dead
40609,Alive
40610,Dead
40611,Alive
40612,Dead
40613,Alive
40614,Dead
40615,Alive
40616,Dead
40617,Alive
40618,Dead
40619,Alive
40620,Dead
40621,Alive
40622,Dead
40623,Alive
40624,Dead
40625,Alive
40626,Dead
40627,Alive
40628,Dead
40629,Alive
40630,Dead
40631,Alive
40632,Dead
40633,Alive
40634,Dead
40635,Alive
40636,Dead
40637,Alive
40638,Dead
40639,Alive
40640,Dead
40641,Alive
40642,Dead
40643,Alive
40644,Dead
40645,Alive
40646,Dead
40647,Alive
40648,Dead
40649,Alive
40650,Dead
40651,Alive
40652,Dead
40653,Alive
40654,Dead
40655,Alive
40656,Dead
40657,Alive
40658,Dead
40659,Alive
40660,Dead
40661,Alive
40662,Dead
40663,Alive
40664,Dead
40665,Alive
40666,Dead
40667,Alive
40668,Dead
40669,Alive
40670,Dead
40671,Alive
40672,Dead
40673,Alive
40674,Dead
40675,Alive
40676,Dead
40677,Alive
40678,Dead
40679,Alive
40680,Dead
40681,Alive
40682,Dead
40683,Alive
40684,Dead
40685,Alive
40686,Dead
40687,Alive
40688,Dead
40689,Alive
40690,Dead
40691,Alive
40692,Dead
40693,Alive
40694,Dead
40695,Alive
40696,Dead
40697,Alive
40698,Dead
40699,Alive
40700,Dead
40701,Alive
40702,Dead
40703,Alive
40704,Dead
40705,Alive
40706,Dead
40707,Alive
40708,Dead
40709,Alive
40710,Dead
40711,Alive
40712,Dead
40713,Alive
40714,Dead
40715,Alive
40716,Dead
40717,Alive
40718,Dead
40719,Alive
40720,Dead
40721,Alive
40722,Dead
40723,Alive
40724,Dead
40725,Alive
40726,Dead
40727,Alive
40728,Dead
40729,Alive
40730,Dead
40731,Alive
40732,Dead
40733,Alive
40734,Dead
40735,Alive
40736,Dead
40737,Alive
40738,Dead
40739,Alive
40740,Dead
40741,Alive
40742,Dead
40743,Alive
40744,Dead
40745,Alive
40746,Dead
40747,Alive
40748,Dead
40749,Alive
40750,Dead
40751,Alive
40752,Dead
40753,Alive
40754,Dead
40755,Alive
40756,Dead
40757,Alive
40758,Dead
40759,Alive
40760,Dead
40761,Alive
40762,Dead
40763,Alive
40764,Dead
40765,Alive
40766,Dead
40767,Alive
40768,Dead
40769,Alive
40770,Dead
40771,Alive
40772,Dead
40773,Alive
40774,Dead
40775,Alive
40776,Dead
40777,Alive
40778,Dead
40779,Alive
40780,Dead
40781,Alive
40782,Dead
40783,Alive
40784,Dead
40785,Alive
40786,Dead
40787,Alive
40788,Dead
40789,Alive
40790,Dead
40791,Alive
40792,Dead
40793,Alive
40794,Dead
40795,Alive
40796,Dead
40797,Alive
40798,Dead
40799,Alive
40800,Dead
40801,Alive
40802,Dead
40803,Alive
40804,Dead
40805,Alive
40806,Dead
40807,Alive
40808,Dead
40809,Alive
40810,Dead
40811,Alive
40812,Dead
40813,Alive
40814,Dead
40815,Alive
40816,Dead
40817,Alive
40818,Dead
40819,Alive
40820,Dead
40821,Alive
40822,Dead
40823,Alive
40824,Dead
40825,Alive
40826,Dead
40827,Alive
40828,Dead
40829,Alive
40830,Dead
40831,Alive
40832,Dead
40833,Alive
40834,Dead
40835,Alive
40836,Dead
40837,Alive
40838,Dead
40839,Alive
40840,Dead
40841,Alive
40842,Dead
40843,Alive
40844,Dead
40845,Alive
40846,Dead
40847,Alive
40848,Dead
40849,Alive
40850,Dead
40851,Alive
40852,Dead
40853,Alive
40854,Dead
40855,Alive
40856,Dead
40857,Alive
40858,Dead
40859,Alive
40860,Dead
40861,Alive
40862,Dead
40863,Alive
40864,Dead
40865,Alive
40866,Dead
40867,Alive
40868,Dead
40869,Alive
40870,Dead
40871,Alive
40872,Dead
40873,Alive
40874,Dead
40875,Alive
40876,Dead
40877,Alive
40878,Dead
40879,Alive
40880,Dead
40881,Alive
40882,Dead
40883,Alive
40884,Dead
40885,Alive
40886,Dead
40887,Alive
40888,Dead
40889,Alive
40890,Dead
40891,Alive
40892,Dead
40893,Alive
40894,Dead
40895,Alive
40896,Dead
40897,Alive
40898,Dead
40899,Alive
40900,Dead
40901,Alive
40902,Dead
40903,Alive
40904,Dead
40905,Alive
40906,Dead
40907,Alive
40908,Dead
40909,Alive
40910,Dead
40911,Alive
40912,Dead
40913,Alive
40914,Dead
40915,Alive
40916,Dead
40917,Alive
40918,Dead
40919,Alive
40920,Dead
40921,Alive
40922,Dead
40923,Alive
40924,Dead
40925,Alive
40926,Dead
40927,Alive
40928,Dead
40929,Alive
40930,Dead
40931,Alive
40932,Dead
40933,Alive
40934,Dead
40935,Alive
40936,Dead
40937,Alive
40938,Dead
40939,Alive
40940,Dead
40941,Alive
40942,Dead
40943,Alive
40944,Dead
40945,Alive
40946,Dead
40947,Alive
40948,Dead
40949,Alive
40950,Dead
40951,Alive
40952,Dead
40953,Alive
40954,Dead
40955,Alive
40956,Dead
40957,Alive
40958,Dead
40959,Alive
40960,Dead
40961,Alive
40962,Dead
40963,Alive
40964,Dead
40965,Alive
40966,Dead
40967,Alive
40968,Dead
40969,Alive
40970,Dead
40971,Alive
40972,Dead
40973,Alive
40974,Dead
40975,Alive
40976,Dead
40977,Alive
40978,Dead
40979,Alive
40980,Dead
40981,Alive
40982,Dead
40983,Alive
40984,Dead
40985,Alive
40986,Dead
40987,Alive
40988,Dead
40989,Alive
40990,Dead
40991,Alive
40992,Dead
40993,Alive
40994,Dead
40995,Alive
40996,Dead
40997,Alive
40998,Dead
40999,Alive
41000,Dead
41001,Alive
41002,Dead
41003,Alive
41004,Dead
41005,Alive
41006,Dead
41007,Alive
41008,Dead
41009,Alive
41010,Dead
41011,Alive
41012,Dead
41013,Alive
41014,Dead
41015,Alive
41016,Dead
41017,Alive
41018,Dead
41019,Alive
41020,Dead
41021,Alive
41022,Dead
41023,Alive
41024,Dead
41025,Alive
41026,Dead
41027,Alive
41028,Dead
41029,Alive
41030,Dead
41031,Alive
41032,Dead
41033,Alive
41034,Dead
41035,Alive
41036,Dead
41037,Alive
41038,Dead
41039,Alive
41040,Dead
41041,Alive
41042,Dead
41043,Alive
41044,Dead
41045,Alive
41046,Dead
41047,Alive
41048,Dead
41049,Alive
41050,Dead
41051,Alive
41052,Dead
41053,Alive
41054,Dead
41055,Alive
41056,Dead
41057,Alive
41058,Dead
41059,Alive
41060,Dead
41061,Alive
41062,Dead
41063,Alive
41064,Dead
41065,Alive
41066,Dead
41067,Alive
41068,Dead
41069,Alive
41070,Dead
41071,Alive
41072,Dead
41073,Alive
41074,Dead
41075,Alive
41076,Dead
41077,Alive
41078,Dead
41079,Alive
41080,Dead
41081,Alive
41082,Dead
41083,Alive
41084,Dead
41085,Alive
41086,Dead
41087,Alive
41088,Dead
41089,Alive
41090,Dead
41091,Alive
41092,Dead
41093,Alive
41094,Dead
41095,Alive
41096,Dead
41097,Alive
41098,Dead
41099,Alive
41100,Dead
41101,Alive
41102,Dead
41103,Alive
41104,Dead
41105,Alive
41106,Dead
41107,Alive
41108,Dead
41109,Alive
41110,Dead
41111,Alive
41112,Dead
41113,Alive
41114,Dead
41115,Alive
41116,Dead
41117,Alive
41118,Dead
41119,Alive
41120,Dead
41121,Alive
41122,Dead
41123,Alive
41124,Dead
41125,Alive
41126,Dead
41127,Alive
41128,Dead
41129,Alive
41130,Dead
41131,Alive
41132,Dead
41133,Alive
41134,Dead
41135,Alive
41136,Dead
41137,Alive
41138,Dead
41139,Alive
41140,Dead
41141,Alive
41142,Dead
41143,Alive
41144,Dead
41145,Alive
41146,Dead
41147,Alive
41148,Dead
41149,Alive
41150,Dead
41151,Alive
41152,Dead
41153,Alive
41154,Dead
41155,Alive
41156,Dead
41157,Alive
41158,Dead
41159,Alive
41160,Dead
41161,Alive
41162,Dead
41163,Alive
41164,Dead
41165,Alive
41166,Dead
41167,Alive
41168,Dead
41169,Alive
41170,Dead
41171,Alive
41172,Dead
41173,Alive
41174,Dead
41175,Alive
41176,Dead
41177,Alive
41178,Dead
41179,Alive
41180,Dead
41181,Alive
41182,Dead
41183,Alive
41184,Dead
41185,Alive
41186,Dead
41187,Alive
41188,Dead
41189,Alive
41190,Dead
41191,Alive
41192,Dead
41193,Alive
41194,Dead
41195,Alive
41196,Dead
41197,Alive
41198,Dead
41199,Alive
41200,Dead
41201,Alive
41202,Dead
41203,Alive
41204,Dead
41205,Alive
41206,Dead
41207,Alive
41208,Dead
41209,Alive
41210,Dead
41211,Alive
41212,Dead
41213,Alive
41214,Dead
41215,Alive
41216,Dead
41217,Alive
41218,Dead
41219,Alive
41220,Dead
41221,Alive
41222,Dead
41223,Alive
41224,Dead
41225,Alive
41226,Dead
41227,Alive
41228,Dead
41229,Alive
41230,Dead
41231,Alive
41232,Dead
41233,Alive
41234,Dead
41235,Alive
41236,Dead
41237,Alive
41238,Dead
41239,Alive
41240,Dead
41241,Alive
41242,Dead
41243,Alive
41244,Dead
41245,Alive
41246,Dead
41247,Alive
41248,Dead
41249,Alive
41250,Dead
41251,Alive
41252,Dead
41253,Alive
41254,Dead
41255,Alive
41256,Dead
41257,Alive
41258,Dead
41259,Alive
41260,Dead
41261,Alive
41262,Dead
41263,Alive
41264,Dead
41265,Alive
41266,Dead
41267,Alive
41268,Dead
41269,Alive
41270,Dead
41271,Alive
41272,Dead
41273,Alive
41274,Dead
41275,Alive
41276,Dead
41277,Alive
41278,Dead
41279,Alive
41280,Dead
41281,Alive
41282,Dead
41283,Alive
41284,Dead
41285,Alive
41286,Dead
41287,Alive
41288,Dead
41289,Alive
41290,Dead
41291,Alive
41292,Dead
41293,Alive
41294,Dead
41295,Alive
41296,Dead
41297,Alive
41298,Dead
41299,Alive
41300,Dead
41301,Alive
41302,Dead
41303,Alive
41304,Dead
41305,Alive
41306,Dead
41307,Alive
41308,Dead
41309,Alive
41310,Dead
41311,Alive
41312,Dead
41313,Alive
41314,Dead
41315,Alive
41316,Dead
41317,Alive
41318,Dead
41319,Alive
41320,Dead
41321,Alive
41322,Dead
41323,Alive
41324,Dead
41325,Alive
41326,Dead
41327,Alive
41328,Dead
41329,Alive
41330,Dead
41331,Alive
41332,Dead
41333,Alive
41334,Dead
41335,Alive
41336,Dead
41337,Alive
41338,Dead
41339,Alive
41340,Dead
41341,Alive
41342,Dead
41343,Alive
41344,Dead
41345,Alive
41346,Dead
41347,Alive
41348,Dead
41349,Alive
41350,Dead
41351,Alive
41352,Dead
41353,Alive
41354,Dead
41355,Alive
41356,Dead
41357,Alive
41358,Dead
41359,Alive
41360,Dead
41361,Alive
41362,Dead
41363,Alive
41364,Dead
41365,Alive
41366,Dead
41367,Alive
41368,Dead
41369,Alive
41370,Dead
41371,Alive
41372,Dead
41373,Alive
41374,Dead
41375,Alive
41376,Dead
41377,Alive
41378,Dead
41379,Alive
41380,Dead
41381,Alive
41382,Dead
41383,Alive
41384,Dead
41385,Alive
41386,Dead
41387,Alive
41388,Dead
41389,Alive
41390,Dead
41391,Alive
41392,Dead
41393,Alive
41394,Dead
41395,Alive
41396,Dead
41397,Alive
41398,Dead
41399,Alive
41400,Dead
41401,Alive
41402,Dead
41403,Alive
41404,Dead
41405,Alive
41406,Dead
41407,Alive
41408,Dead
41409,Alive
41410,Dead
41411,Alive
41412,Dead
41413,Alive
41414,Dead
41415,Alive
41416,Dead
41417,Alive
41418,Dead
41419,Alive
41420,Dead
41421,Alive
41422,Dead
41423,Alive
41424,Dead
41425,Alive
41426,Dead
41427,Alive
41428,Dead
41429,Alive
41430,Dead
41431,Alive
41432,Dead
41433,Alive
41434,Dead
41435,Alive
41436,Dead
41437,Alive
41438,Dead
41439,Alive
41440,Dead
41441,Alive
41442,Dead
41443,Alive
41444,Dead
41445,Alive
41446,Dead
41447,Alive
41448,Dead
41449,Alive
41450,Dead
41451,Alive
41452,Dead
41453,Alive
41454,Dead
41455,Alive
41456,Dead
41457,Alive
41458,Dead
41459,Alive
41460,Dead
41461,Alive
41462,Dead
41463,Alive
41464,Dead
41465,Alive
41466,Dead
41467,Alive
41468,Dead
41469,Alive
41470,Dead
41471,Alive
41472,Dead
41473,Alive
41474,Dead
41475,Alive
41476,Dead
41477,Alive
41478,Dead
41479,Alive
41480,Dead
41481,Alive
41482,Dead
41483,Alive
41484,Dead
41485,Alive
41486,Dead
41487,Alive
41488,Dead
41489,Alive
41490,Dead
41491,Alive
41492,Dead
41493,Alive
41494,Dead
41495,Alive
41496,Dead
41497,Alive
41498,Dead
41499,Alive
41500,Dead
41501,Alive
41502,Dead
41503,Alive
41504,Dead
41505,Alive
41506,Dead
41507,Alive
41508,Dead
41509,Alive
41510,Dead
41511,Alive
41512,Dead
41513,Alive
41514,Dead
41515,Alive
41516,Dead
41517,Alive
41518,Dead
41519,Alive
41520,Dead
41521,Alive
41522,Dead
41523,Alive
41524,Dead
41525,Alive
41526,Dead
41527,Alive
41528,Dead
41529,Alive
41530,Dead
41531,Alive
41532,Dead
41533,Alive
41534,Dead
41535,Alive
41536,Dead
41537,Alive
41538,Dead
41539,Alive
41540,Dead
41541,Alive
41542,Dead
41543,Alive
41544,Dead
41545,Alive
41546,Dead
41547,Alive
41548,Dead
41549,Alive
41550,Dead
41551,Alive
41552,Dead
41553,Alive
41554,Dead
41555,Alive
41556,Dead
41557,Alive
41558,Dead
41559,Alive
41560,Dead
41561,Alive
41562,Dead
41563,Alive
41564,Dead
41565,Alive
41566,Dead
41567,Alive
41568,Dead
41569,Alive
41570,Dead
41571,Alive
41572,Dead
41573,Alive
41574,Dead
41575,Alive
41576,Dead
41577,Alive
41578,Dead
41579,Alive
41580,Dead
41581,Alive
41582,Dead
41583,Alive
41584,Dead
41585,Alive
41586,Dead
41587,Alive
41588,Dead
41589,Alive
41590,Dead
41591,Alive
41592,Dead
41593,Alive
41594,Dead
41595,Alive
41596,Dead
41597,Alive
41598,Dead
41599,Alive
41600,Dead
41601,Alive
41602,Dead
41603,Alive
41604,Dead
41605,Alive
41606,Dead
41607,Alive
41608,Dead
41609,Alive
41610,Dead
41611,Alive
41612,Dead
41613,Alive
41614,Dead
41615,Alive
41616,Dead
41617,Alive
41618,Dead
41619,Alive
41620,Dead
41621,Alive
41622,Dead
41623,Alive
41624,Dead
41625,Alive
41626,Dead
41627,Alive
41628,Dead
41629,Alive
41630,Dead
41631,Alive
41632,Dead
41633,Alive
41634,Dead
41635,Alive
41636,Dead
41637,Alive
41638,Dead
41639,Alive
41640,Dead
41641,Alive
41642,Dead
41643,Alive
41644,Dead
41645,Alive
41646,Dead
41647,Alive
41648,Dead
41649,Alive
41650,Dead
41651,Alive
41652,Dead
41653,Alive
41654,Dead
41655,Alive
41656,Dead
41657,Alive
41658,Dead
41659,Alive
41660,Dead
41661,Alive
41662,Dead
41663,Alive
41664,Dead
41665,Alive
41666,Dead
41667,Alive
41668,Dead
41669,Alive
41670,Dead
41671,Alive
41672,Dead
41673,Alive
41674,Dead
41675,Alive
41676,Dead
41677,Alive
41678,Dead
41679,Alive
41680,Dead
41681,Alive
41682,Dead
41683,Alive
41684,Dead
41685,Alive
41686,Dead
41687,Alive
41688,Dead
41689,Alive
41690,Dead
41691,Alive
41692,Dead
41693,Alive
41694,Dead
41695,Alive
41696,Dead
41697,Alive
41698,Dead
41699,Alive
41700,Dead
41701,Alive
41702,Dead
41703,Alive
41704,Dead
41705,Alive
41706,Dead
41707,Alive
41708,Dead
41709,Alive
41710,Dead
41711,Alive
41712,Dead
41713,Alive
41714,Dead
41715,Alive
41716,Dead
41717,Alive
41718,Dead
41719,Alive
41720,Dead
41721,Alive
41722,Dead
41723,Alive
41724,Dead
41725,Alive
41726,Dead
41727,Alive
41728,Dead
41729,Alive
41730,Dead
41731,Alive
41732,Dead
41733,Alive
41734,Dead
41735,Alive
41736,Dead
41737,Alive
41738,Dead
41739,Alive
41740,Dead
41741,Alive
41742,Dead
41743,Alive
41744,Dead
41745,Alive
41746,Dead
41747,Alive
41748,Dead
41749,Alive
41750,Dead
41751,Alive
41752,Dead
41753,Alive
41754,Dead
41755,Alive
41756,Dead
41757,Alive
41758,Dead
41759,Alive
41760,Dead
41761,Alive
41762,Dead
41763,Alive
41764,Dead
41765,Alive
41766,Dead
41767,Alive
41768,Dead
41769,Alive
41770,Dead
41771,Alive
41772,Dead
41773,Alive
41774,Dead
41775,Alive
41776,Dead
41777,Alive
41778,Dead
41779,Alive
41780,Dead
41781,Alive
41782,Dead
41783,Alive
41784,Dead
41785,Alive
41786,Dead
41787,Alive
41788,Dead
41789,Alive
41790,Dead
41791,Alive
41792,Dead
41793,Alive
41794,Dead
41795,Alive
41796,Dead
41797,Alive
41798,Dead
41799,Alive
41800,Dead
41801,Alive
41802,Dead
41803,Alive
41804,Dead
41805,Alive
41806,Dead
41807,Alive
41808,Dead
41809,Alive
41810,Dead
41811,Alive
41812,Dead
41813,Alive
41814,Dead
41815,Alive
41816,Dead
41817,Alive
41818,Dead
41819,Alive
41820,Dead
41821,Alive
41822,Dead
41823,Alive
41824,Dead
41825,Alive
41826,Dead
41827,Alive
41828,Dead
41829,Alive
41830,Dead
41831,Alive
41832,Dead
41833,Alive
41834,Dead
41835,Alive
41836,Dead
41837,Alive
41838,Dead
41839,Alive
41840,Dead
41841,Alive
41842,Dead
41843,Alive
41844,Dead
41845,Alive
41846,Dead
41847,Alive
41848,Dead
41849,Alive
41850,Dead
41851,Alive
41852,Dead
41853,Alive
41854,Dead
41855,Alive
41856,Dead
41857,Alive
41858,Dead
41859,Alive
41860,Dead
41861,Alive
41862,Dead
41863,Alive
41864,Dead
41865,Alive
41866,Dead
41867,Alive
41868,Dead
41869,Alive
41870,Dead
41871,Alive
41872,Dead
41873,Alive
41874,Dead
41875,Alive
41876,Dead
41877,Alive
41878,Dead
41879,Alive
41880,Dead
41881,Alive
41882,Dead
41883,Alive
41884,Dead
41885,Alive
41886,Dead
41887,Alive
41888,Dead
41889,Alive
41890,Dead
41891,Alive
41892,Dead
41893,Alive
41894,Dead
41895,Alive
41896,Dead
41897,Alive
41898,Dead
41899,Alive
41900,Dead
41901,Alive
41902,Dead
41903,Alive
41904,Dead
41905,Alive
41906,Dead
41907,Alive
41908,Dead
41909,Alive
41910,Dead
41911,Alive
41912,Dead
41913,Alive
41914,Dead
41915,Alive
41916,Dead
41917,Alive
41918,Dead
41919,Alive
41920,Dead
41921,Alive
41922,Dead
41923,Alive
41924,Dead
41925,Alive
41926,Dead
41927,Alive
41928,Dead
41929,Alive
41930,Dead
41931,Alive
41932,Dead
41933,Alive
41934,Dead
41935,Alive
41936,Dead
41937,Alive
41938,Dead
41939,Alive
41940,Dead
41941,Alive
41942,Dead
41943,Alive
41944,Dead
41945,Alive
41946,Dead
41947,Alive
41948,Dead
41949,Alive
41950,Dead
41951,Alive
41952,Dead
41953,Alive
41954,Dead
41955,Alive
41956,Dead
41957,Alive
41958,Dead
41959,Alive
41960,Dead
41961,Alive
41962,Dead
41963,Alive
41964,Dead
41965,Alive
41966,Dead
41967,Alive
41968,Dead
41969,Alive
41970,Dead
41971,Alive
41972,Dead
41973,Alive
41974,Dead
41975,Alive
41976,Dead
41977,Alive
41978,Dead
41979,Alive
41980,Dead
41981,Alive
41982,Dead
41983,Alive
41984,Dead
41985,Alive
41986,Dead
41987,Alive
41988,Dead
41989,Alive
41990,Dead
41991,Alive
41992,Dead
41993,Alive
41994,Dead
41995,Alive
41996,Dead
41997,Alive
41998,Dead
41999,Alive
42000,Dead
42001,Alive
42002,Dead
42003,Alive
42004,Dead
42005,Alive
42006,Dead
42007,Alive
42008,Dead
42009,Alive
42010,Dead
42011,Alive
42012,Dead
42013,Alive
42014,Dead
42015,Alive
42016,Dead
42017,Alive
42018,Dead
42019,Alive
42020,Dead
42021,Alive
42022,Dead
42023,Alive
42024,Dead
42025,Alive
42026,Dead
42027,Alive
42028,Dead
42029,Alive
42030,Dead
42031,Alive
42032,Dead
42033,Alive
42034,Dead
42035,Alive
42036,Dead
42037,Alive
42038,Dead
42039,Alive
42040,Dead
42041,Alive
42042,Dead
42043,Alive
42044,Dead
42045,Alive
42046,Dead
42047,Alive
42048,Dead
42049,Alive
42050,Dead
42051,Alive
42052,Dead
42053,Alive
42054,Dead
42055,Alive
42056,Dead
42057,Alive
42058,Dead
42059,Alive
42060,Dead
42061,Alive
42062,Dead
42063,Alive
42064,Dead
42065,Alive
42066,Dead
42067,Alive
42068,Dead
42069,Alive
42070,Dead
42071,Alive
42072,Dead
42073,Alive
42074,Dead
42075,Alive
42076,Dead
42077,Alive
42078,Dead
42079,Alive
42080,Dead
42081,Alive
42082,Dead
42083,Alive
42084,Dead
42085,Alive
42086,Dead
42087,Alive
42088,Dead
42089,Alive
42090,Dead
42091,Alive
42092,Dead
42093,Alive
42094,Dead
42095,Alive
42096,Dead
42097,Alive
42098,Dead
42099,Alive
42100,Dead
42101,Alive
42102,Dead
42103,Alive
42104,Dead
42105,Alive
42106,Dead
42107,Alive
42108,Dead
42109,Alive
42110,Dead
42111,Alive
42112,Dead
42113,Alive
42114,Dead
42115,Alive
42116,Dead
42117,Alive
42118,Dead
42119,Alive
42120,Dead
42121,Alive
42122,Dead
42123,Alive
42124,Dead
42125,Alive
42126,Dead
42127,Alive
42128,Dead
42129,Alive
42130,Dead
42131,Alive
42132,Dead
42133,Alive
42134,Dead
42135,Alive
42136,Dead
42137,Alive
42138,Dead
42139,Alive
42140,Dead
42141,Alive
42142,Dead
42143,Alive
42144,Dead
42145,Alive
42146,Dead
42147,Alive
42148,Dead
42149,Alive
42150,Dead
42151,Alive
42152,Dead
42153,Alive
42154,Dead
42155,Alive
42156,Dead
42157,Alive
42158,Dead
42159,Alive
42160,Dead
42161,Alive
42162,Dead
42163,Alive
42164,Dead
42165,Alive
42166,Dead
42167,Alive
42168,Dead
42169,Alive
42170,Dead
42171,Alive
42172,Dead
42173,Alive
42174,Dead
42175,Alive
42176,Dead
42177,Alive
42178,Dead
42179,Alive
42180,Dead
42181,Alive
42182,Dead
42183,Alive
42184,Dead
42185,Alive
42186,Dead
42187,Alive
42188,Dead
42189,Alive
42190,Dead
42191,Alive
42192,Dead
42193,Alive
42194,Dead
42195,Alive
42196,Dead
42197,Alive
42198,Dead
42199,Alive
42200,Dead
42201,Alive
42202,Dead
42203,Alive
42204,Dead
42205,Alive
42206,Dead
42207,Alive
42208,Dead
42209,Alive
42210,Dead
42211,Alive
42212,Dead
42213,Alive
42214,Dead
42215,Alive
42216,Dead
42217,Alive
42218,Dead
42219,Alive
42220,Dead
42221,Alive
42222,Dead
42223,Alive
42224,Dead
42225,Alive
42226,Dead
42227,Alive
42228,Dead
42229,Alive
42230,Dead
42231,Alive
42232,Dead
42233,Alive
42234,Dead
42235,Alive
42236,Dead
42237,Alive
42238,Dead
42239,Alive
42240,Dead
42241,Alive
42242,Dead
42243,Alive
42244,Dead
42245,Alive
42246,Dead
42247,Alive
42248,Dead
42249,Alive
42250,Dead
42251,Alive
42252,Dead
42253,Alive
42254,Dead
42255,Alive
42256,Dead
42257,Alive
42258,Dead
42259,Alive
42260,Dead
42261,Alive
42262,Dead
42263,Alive
42264,Dead
42265,Alive
42266,Dead
42267,Alive
42268,Dead
42269,Alive
42270,Dead
42271,Alive
42272,Dead
42273,Alive
42274,Dead
42275,Alive
42276,Dead
42277,Alive
42278,Dead
42279,Alive
42280,Dead
42281,Alive
42282,Dead
42283,Alive
42284,Dead
42285,Alive
42286,Dead
42287,Alive
42288,Dead
42289,Alive
42290,Dead
42291,Alive
42292,Dead
42293,Alive
42294,Dead
42295,Alive
42296,Dead
42297,Alive
42298,Dead
42299,Alive
42300,Dead
42301,Alive
42302,Dead
42303,Alive
42304,Dead
42305,Alive
42306,Dead
42307,Alive
42308,Dead
42309,Alive
42310,Dead
42311,Alive
42312,Dead
42313,Alive
42314,Dead
42315,Alive
42316,Dead
42317,Alive
42318,Dead
42319,Alive
42320,Dead
42321,Alive
42322,Dead
42323,Alive
42324,Dead
42325,Alive
42326,Dead
42327,Alive
42328,Dead
42329,Alive
42330,Dead
42331,Alive
42332,Dead
42333,Alive
42334,Dead
42335,Alive
42336,Dead
42337,Alive
42338,Dead
42339,Alive
42340,Dead
42341,Alive
42342,Dead
42343,Alive
42344,Dead
42345,Alive
42346,Dead
42347,Alive
42348,Dead
42349,Alive
42350,Dead
42351,Alive
42352,Dead
42353,Alive
42354,Dead
42355,Alive
42356,Dead
42357,Alive
42358,Dead
42359,Alive
42360,Dead
42361,Alive
42362,Dead
42363,Alive
42364,Dead
42365,Alive
42366,Dead
42367,Alive
42368,Dead
42369,Alive
42370,Dead
42371,Alive
42372,Dead
42373,Alive
42374,Dead
42375,Alive
42376,Dead
42377,Alive
42378,Dead
42379,Alive
42380,Dead
42381,Alive
42382,Dead
42383,Alive
42384,Dead
42385,Alive
42386,Dead
42387,Alive
42388,Dead
42389,Alive
42390,Dead
42391,Alive
42392,Dead
42393,Alive
42394,Dead
42395,Alive
42396,Dead
42397,Alive
42398,Dead
42399,Alive
42400,Dead
42401,Alive
42402,Dead
42403,Alive
42404,Dead
42405,Alive
42406,Dead
42407,Alive
42408,Dead
42409,Alive
42410,Dead
42411,Alive
42412,Dead
42413,Alive
42414,Dead
42415,Alive
42416,Dead
42417,Alive
42418,Dead
42419,Alive
42420,Dead
42421,Alive
42422,Dead
42423,Alive
42424,Dead
42425,Alive
42426,Dead
42427,Alive
42428,Dead
42429,Alive
42430,Dead
42431,Alive
42432,Dead
42433,Alive
42434,Dead
42435,Alive
42436,Dead
42437,Alive
42438,Dead
42439,Alive
42440,Dead
42441,Alive
42442,Dead
42443,Alive
42444,Dead
42445,Alive
42446,Dead
42447,Alive
42448,Dead
42449,Alive
42450,Dead
42451,Alive
42452,Dead
42453,Alive
42454,Dead
42455,Alive
42456,Dead
42457,Alive
42458,Dead
42459,Alive
42460,Dead
42461,Alive
42462,Dead
42463,Alive
42464,Dead
42465,Alive
42466,Dead
42467,Alive
42468,Dead
42469,Alive
42470,Dead
42471,Alive
42472,Dead
42473,Alive
42474,Dead
42475,Alive
42476,Dead
42477,Alive
42478,Dead
42479,Alive
42480,Dead
42481,Alive
42482,Dead
42483,Alive
42484,Dead
42485,Alive
42486,Dead
42487,Alive
42488,Dead
42489,Alive
42490,Dead
42491,Alive
42492,Dead
42493,Alive
42494,Dead
42495,Alive
42496,Dead
42497,Alive
42498,Dead
42499,Alive
42500,Dead
42501,Alive
42502,Dead
42503,Alive
42504,Dead
42505,Alive
42506,Dead
42507,Alive
42508,Dead
42509,Alive
42510,Dead
42511,Alive
42512,Dead
42513,Alive
42514,Dead
42515,Alive
42516,Dead
42517,Alive
42518,Dead
42519,Alive
42520,Dead
42521,Alive
42522,Dead
42523,Alive
42524,Dead
42525,Alive
42526,Dead
42527,Alive
42528,Dead
42529,Alive
42530,Dead
42531,Alive
42532,Dead
42533,Alive
42534,Dead
42535,Alive
42536,Dead
42537,Alive
42538,Dead
42539,Alive
42540,Dead
42541,Alive
42542,Dead
42543,Alive
42544,Dead
42545,Alive
42546,Dead
42547,Alive
42548,Dead
42549,Alive
42550,Dead
42551,Alive
42552,Dead
42553,Alive
42554,Dead
42555,Alive
42556,Dead
42557,Alive
42558,Dead
42559,Alive
42560,Dead
42561,Alive
42562,Dead
42563,Alive
42564,Dead
42565,Alive
42566,Dead
42567,Alive
42568,Dead
42569,Alive
42570,Dead
42571,Alive
42572,Dead
42573,Alive
42574,Dead
42575,Alive
42576,Dead
42577,Alive
42578,Dead
42579,Alive
42580,Dead
42581,Alive
42582,Dead
42583,Alive
42584,Dead
42585,Alive
42586,Dead
42587,Alive
42588,Dead
42589,Alive
42590,Dead
42591,Alive
42592,Dead
42593,Alive
42594,Dead
42595,Alive
42596,Dead
42597,Alive
42598,Dead
42599,Alive
42600,Dead
42601,Alive
42602,Dead
42603,Alive
42604,Dead
42605,Alive
42606,Dead
42607,Alive
42608,Dead
42609,Alive
42610,Dead
42611,Alive
42612,Dead
42613,Alive
42614,Dead
42615,Alive
42616,Dead
42617,Alive
42618,Dead
42619,Alive
42620,Dead
42621,Alive
42622,Dead
42623,Alive
42624,Dead
42625,Alive
42626,Dead
42627,Alive
42628,Dead
42629,Alive
42630,Dead
42631,Alive
42632,Dead
42633,Alive
42634,Dead
42635,Alive
42636,Dead
42637,Alive
42638,Dead
42639,Alive
42640,Dead
42641,Alive
42642,Dead
42643,Alive
42644,Dead
42645,Alive
42646,Dead
42647,Alive
42648,Dead
42649,Alive
42650,Dead
42651,Alive
42652,Dead
42653,Alive
42654,Dead
42655,Alive
42656,Dead
42657,Alive
42658,Dead
42659,Alive
42660,Dead
42661,Alive
42662,Dead
42663,Alive
42664,Dead
42665,Alive
42666,Dead
42667,Alive
42668,Dead
42669,Alive
42670,Dead
42671,Alive
42672,Dead
42673,Alive
42674,Dead
42675,Alive
42676,Dead
42677,Alive
42678,Dead
42679,Alive
42680,Dead
42681,Alive
42682,Dead
42683,Alive
42684,Dead
42685,Alive
42686,Dead
42687,Alive
42688,Dead
42689,Alive
42690,Dead
42691,Alive
42692,Dead
42693,Alive
42694,Dead
42695,Alive
42696,Dead
42697,Alive
42698,Dead
42699,Alive
42700,Dead
42701,Alive
42702,Dead
42703,Alive
42704,Dead
42705,Alive
42706,Dead
42707,Alive
42708,Dead
42709,Alive
42710,Dead
42711,Alive
42712,Dead
42713,Alive
42714,Dead
42715,Alive
42716,Dead
42717,Alive
42718,Dead
42719,Alive
42720,Dead
42721,Alive
42722,Dead
42723,Alive
42724,Dead
42725,Alive
42726,Dead
42727,Alive
42728,Dead
42729,Alive
42730,Dead
42731,Alive
42732,Dead
42733,Alive
42734,Dead
42735,Alive
42736,Dead
42737,Alive
42738,Dead
42739,Alive
42740,Dead
42741,Alive
42742,Dead
42743,Alive
42744,Dead
42745,Alive
42746,Dead
42747,Alive
42748,Dead
42749,Alive
42750,Dead
42751,Alive
42752,Dead
42753,Alive
42754,Dead
42755,Alive
42756,Dead
42757,Alive
42758,Dead
42759,Alive
42760,Dead
42761,Alive
42762,Dead
42763,Alive
42764,Dead
42765,Alive
42766,Dead
42767,Alive
42768,Dead
42769,Alive
42770,Dead
42771,Alive
42772,Dead
42773,Alive
42774,Dead
42775,Alive
42776,Dead
42777,Alive
42778,Dead
42779,Alive
42780,Dead
42781,Alive
42782,Dead
42783,Alive
42784,Dead
42785,Alive
42786,Dead
42787,Alive
42788,Dead
42789,Alive
42790,Dead
42791,Alive
42792,Dead
42793,Alive
42794,Dead
42795,Alive
42796,Dead
42797,Alive
42798,Dead
42799,Alive
42800,Dead
42801,Alive
42802,Dead
42803,Alive
42804,Dead
42805,Alive
42806,Dead
42807,Alive
42808,Dead
42809,Alive
42810,Dead
42811,Alive
42812,Dead
42813,Alive
42814,Dead
42815,Alive
42816,Dead
42817,Alive
42818,Dead
42819,Alive
42820,Dead
42821,Alive
42822,Dead
42823,Alive
42824,Dead
42825,Alive
42826,Dead
42827,Alive
42828,Dead
42829,Alive
42830,Dead
42831,Alive
42832,Dead
42833,Alive
42834,Dead
42835,Alive
42836,Dead
42837,Alive
42838,Dead
42839,Alive
42840,Dead
42841,Alive
42842,Dead
42843,Alive
42844,Dead
42845,Alive
42846,Dead
42847,Alive
42848,Dead
42849,Alive
42850,Dead
42851,Alive
42852,Dead
42853,Alive
42854,Dead
42855,Alive
42856,Dead
42857,Alive
42858,Dead
42859,Alive
42860,Dead
42861,Alive
42862,Dead
42863,Alive
42864,Dead
42865,Alive
42866,Dead
42867,Alive
42868,Dead
42869,Alive
42870,Dead
42871,Alive
42872,Dead
42873,Alive
42874,Dead
42875,Alive
42876,Dead
42877,Alive
42878,Dead
42879,Alive
42880,Dead
42881,Alive
42882,Dead
42883,Alive
42884,Dead
42885,Alive
42886,Dead
42887,Alive
42888,Dead
42889,Alive
42890,Dead
42891,Alive
42892,Dead
42893,Alive
42894,Dead
42895,Alive
42896,Dead
42897,Alive
42898,Dead
42899,Alive
42900,Dead
42901,Alive
42902,Dead
42903,Alive
42904,Dead
42905,Alive
42906,Dead
42907,Alive
42908,Dead
42909,Alive
42910,Dead
42911,Alive
42912,Dead
42913,Alive
42914,Dead
42915,Alive
42916,Dead
42917,Alive
42918,Dead
42919,Alive
42920,Dead
42921,Alive
42922,Dead
42923,Alive
42924,Dead
42925,Alive
42926,Dead
42927,Alive
42928,Dead
42929,Alive
42930,Dead
42931,Alive
42932,Dead
42933,Alive
42934,Dead
42935,Alive
42936,Dead
42937,Alive
42938,Dead
42939,Alive
42940,Dead
42941,Alive
42942,Dead
42943,Alive
42944,Dead
42945,Alive
42946,Dead
42947,Alive
42948,Dead
42949,Alive
42950,Dead
42951,Alive
42952,Dead
42953,Alive
42954,Dead
42955,Alive
42956,Dead
42957,Alive
42958,Dead
42959,Alive
42960,Dead
42961,Alive
42962,Dead
42963,Alive
42964,Dead
42965,Alive
42966,Dead
42967,Alive
42968,Dead
42969,Alive
42970,Dead
42971,Alive
42972,Dead
42973,Alive
42974,Dead
42975,Alive
42976,Dead
42977,Alive
42978,Dead
42979,Alive
42980,Dead
42981,Alive
42982,Dead
42983,Alive
42984,Dead
42985,Alive
42986,Dead
42987,Alive
42988,Dead
42989,Alive
42990,Dead
42991,Alive
42992,Dead
42993,Alive
42994,Dead
42995,Alive
42996,Dead
42997,Alive
42998,Dead
42999,Alive
43000,Dead
43001,Alive
43002,Dead
43003,Alive
43004,Dead
43005,Alive
43006,Dead
43007,Alive
43008,Dead
43009,Alive
43010,Dead
43011,Alive
43012,Dead
43013,Alive
43014,Dead
43015,Alive
43016,Dead
43017,Alive
43018,Dead
43019,Alive
43020,Dead
43021,Alive
43022,Dead
43023,Alive
43024,Dead
43025,Alive
43026,Dead
43027,Alive
43028,Dead
43029,Alive
43030,Dead
43031,Alive
43032,Dead
43033,Alive
43034,Dead
43035,Alive
43036,Dead
43037,Alive
43038,Dead
43039,Alive
43040,Dead
43041,Alive
43042,Dead
43043,Alive
43044,Dead
43045,Alive
43046,Dead
43047,Alive
43048,Dead
43049,Alive
43050,Dead
43051,Alive
43052,Dead
43053,Alive
43054,Dead
43055,Alive
43056,Dead
43057,Alive
43058,Dead
43059,Alive
43060,Dead
43061,Alive
43062,Dead
43063,Alive
43064,Dead
43065,Alive
43066,Dead
43067,Alive
43068,Dead
43069,Alive
43070,Dead
43071,Alive
43072,Dead
43073,Alive
43074,Dead
43075,Alive
43076,Dead
43077,Alive
43078,Dead
43079,Alive
43080,Dead
43081,Alive
43082,Dead
43083,Alive
43084,Dead
43085,Alive
43086,Dead
43087,Alive
43088,Dead
43089,Alive
43090,Dead
43091,Alive
43092,Dead
43093,Alive
43094,Dead
43095,Alive
43096,Dead
43097,Alive
43098,Dead
43099,Alive
43100,Dead
43101,Alive
43102,Dead
43103,Alive
43104,Dead
43105,Alive
43106,Dead
43107,Alive
43108,Dead
43109,Alive
43110,Dead
43111,Alive
43112,Dead
43113,Alive
43114,Dead
43115,Alive
43116,Dead
43117,Alive
43118,Dead
43119,Alive
43120,Dead
43121,Alive
43122,Dead
43123,Alive
43124,Dead
43125,Alive
43126,Dead
43127,Alive
43128,Dead
43129,Alive
43130,Dead
43131,Alive
43132,Dead
43133,Alive
43134,Dead
43135,Alive
43136,Dead
43137,Alive
43138,Dead
43139,Alive
43140,Dead
43141,Alive
43142,Dead
43143,Alive
43144,Dead
43145,Alive
43146,Dead
43147,Alive
43148,Dead
43149,Alive
43150,Dead
43151,Alive
43152,Dead
43153,Alive
43154,Dead
43155,Alive
43156,Dead
43157,Alive
43158,Dead
43159,Alive
43160,Dead
43161,Alive
43162,Dead
43163,Alive
43164,Dead
43165,Alive
43166,Dead
43167,Alive
43168,Dead
43169,Alive
43170,Dead
43171,Alive
43172,Dead
43173,Alive
43174,Dead
43175,Alive
43176,Dead
43177,Alive
43178,Dead
43179,Alive
43180,Dead
43181,Alive
43182,Dead
43183,Alive
43184,Dead
43185,Alive
43186,Dead
43187,Alive
43188,Dead
43189,Alive
43190,Dead
43191,Alive
43192,Dead
43193,Alive
43194,Dead
43195,Alive
43196,Dead
43197,Alive
43198,Dead
43199,Alive
43200,Dead
43201,Alive
43202,Dead
43203,Alive
43204,Dead
43205,Alive
43206,Dead
43207,Alive
43208,Dead
43209,Alive
43210,Dead
43211,Alive
43212,Dead
43213,Alive
43214,Dead
43215,Alive
43216,Dead
43217,Alive
43218,Dead
43219,Alive
43220,Dead
43221,Alive
43222,Dead
43223,Alive
43224,Dead
43225,Alive
43226,Dead
43227,Alive
43228,Dead
43229,Alive
43230,Dead
43231,Alive
43232,Dead
43233,Alive
43234,Dead
43235,Alive
43236,Dead
43237,Alive
43238,Dead
43239,Alive
43240,Dead
43241,Alive
43242,Dead
43243,Alive
43244,Dead
43245,Alive
43246,Dead
43247,Alive
43248,Dead
43249,Alive
43250,Dead
43251,Alive
43252,Dead
43253,Alive
43254,Dead
43255,Alive
43256,Dead
43257,Alive
43258,Dead
43259,Alive
43260,Dead
43261,Alive
43262,Dead
43263,Alive
43264,Dead
43265,Alive
43266,Dead
43267,Alive
43268,Dead
43269,Alive
43270,Dead
43271,Alive
43272,Dead
43273,Alive
43274,Dead
43275,Alive
43276,Dead
43277,Alive
43278,Dead
43279,Alive
43280,Dead
43281,Alive
43282,Dead
43283,Alive
43284,Dead
43285,Alive
43286,Dead
43287,Alive
43288,Dead
43289,Alive
43290,Dead
43291,Alive
43292,Dead
43293,Alive
43294,Dead
43295,Alive
43296,Dead
43297,Alive
43298,Dead
43299,Alive
43300,Dead
43301,Alive
43302,Dead
43303,Alive
43304,Dead
43305,Alive
43306,Dead
43307,Alive
43308,Dead
43309,Alive
43310,Dead
43311,Alive
43312,Dead
43313,Alive
43314,Dead
43315,Alive
43316,Dead
43317,Alive
43318,Dead
43319,Alive
43320,Dead
43321,Alive
43322,Dead
43323,Alive
43324,Dead
43325,Alive
43326,Dead
43327,Alive
43328,Dead
43329,Alive
43330,Dead
43331,Alive
43332,Dead
43333,Alive
43334,Dead
43335,Alive
43336,Dead
43337,Alive
43338,Dead
43339,Alive
43340,Dead
43341,Alive
43342,Dead
43343,Alive
43344,Dead
43345,Alive
43346,Dead
43347,Alive
43348,Dead
43349,Alive
43350,Dead
43351,Alive
43352,Dead
43353,Alive
43354,Dead
43355,Alive
43356,Dead
43357,Alive
43358,Dead
43359,Alive
43360,Dead
43361,Alive
43362,Dead
43363,Alive
43364,Dead
43365,Alive
43366,Dead
43367,Alive
43368,Dead
43369,Alive
43370,Dead
43371,Alive
43372,Dead
43373,Alive
43374,Dead
43375,Alive
43376,Dead
43377,Alive
43378,Dead
43379,Alive
43380,Dead
43381,Alive
43382,Dead
43383,Alive
43384,Dead
43385,Alive
43386,Dead
43387,Alive
43388,Dead
43389,Alive
43390,Dead
43391,Alive
43392,Dead
43393,Alive
43394,Dead
43395,Alive
43396,Dead
43397,Alive
43398,Dead
43399,Alive
43400,Dead
43401,Alive
43402,Dead
43403,Alive
43404,Dead
43405,Alive
43406,Dead
43407,Alive
43408,Dead
43409,Alive
43410,Dead
43411,Alive
43412,Dead
43413,Alive
43414,Dead
43415,Alive
43416,Dead
43417,Alive
43418,Dead
43419,Alive
43420,Dead
43421,Alive
43422,Dead
43423,Alive
43424,Dead
43425,Alive
43426,Dead
43427,Alive
43428,Dead
43429,Alive
43430,Dead
43431,Alive
43432,Dead
43433,Alive
43434,Dead
43435,Alive
43436,Dead
43437,Alive
43438,Dead
43439,Alive
43440,Dead
43441,Alive
43442,Dead
43443,Alive
43444,Dead
43445,Alive
43446,Dead
43447,Alive
43448,Dead
43449,Alive
43450,Dead
43451,Alive
43452,Dead
43453,Alive
43454,Dead
43455,Alive
43456,Dead
43457,Alive
43458,Dead
43459,Alive
43460,Dead
43461,Alive
43462,Dead
43463,Alive
43464,Dead
43465,Alive
43466,Dead
43467,Alive
43468,Dead
43469,Alive
43470,Dead
43471,Alive
43472,Dead
43473,Alive
43474,Dead
43475,Alive
43476,Dead
43477,Alive
43478,Dead
43479,Alive
43480,Dead
43481,Alive
43482,Dead
43483,Alive
43484,Dead
43485,Alive
43486,Dead
43487,Alive
43488,Dead
43489,Alive
43490,Dead
43491,Alive
43492,Dead
43493,Alive
43494,Dead
43495,Alive
43496,Dead
43497,Alive
43498,Dead
43499,Alive
43500,Dead
43501,Alive
43502,Dead
43503,Alive
43504,Dead
43505,Alive
43506,Dead
43507,Alive
43508,Dead
43509,Alive
43510,Dead
43511,Alive
43512,Dead
43513,Alive
43514,Dead
43515,Alive
43516,Dead
43517,Alive
43518,Dead
43519,Alive
43520,Dead
43521,Alive
43522,Dead
43523,Alive
43524,Dead
43525,Alive
43526,Dead
43527,Alive
43528,Dead
43529,Alive
43530,Dead
43531,Alive
43532,Dead
43533,Alive
43534,Dead
43535,Alive
43536,Dead
43537,Alive
43538,Dead
43539,Alive
43540,Dead
43541,Alive
43542,Dead
43543,Alive
43544,Dead
43545,Alive
43546,Dead
43547,Alive
43548,Dead
43549,Alive
43550,Dead
43551,Alive
43552,Dead
43553,Alive
43554,Dead
43555,Alive
43556,Dead
43557,Alive
43558,Dead
43559,Alive
43560,Dead
43561,Alive
43562,Dead
43563,Alive
43564,Dead
43565,Alive
43566,Dead
43567,Alive
43568,Dead
43569,Alive
43570,Dead
43571,Alive
43572,Dead
43573,Alive
43574,Dead
43575,Alive
43576,Dead
43577,Alive
43578,Dead
43579,Alive
43580,Dead
43581,Alive
43582,Dead
43583,Alive
43584,Dead
43585,Alive
43586,Dead
43587,Alive
43588,Dead
43589,Alive
43590,Dead
43591,Alive
43592,Dead
43593,Alive
43594,Dead
43595,Alive
43596,Dead
43597,Alive
43598,Dead
43599,Alive
43600,Dead
43601,Alive
43602,Dead
43603,Alive
43604,Dead
43605,Alive
43606,Dead
43607,Alive
43608,Dead
43609,Alive
43610,Dead
43611,Alive
43612,Dead
43613,Alive
43614,Dead
43615,Alive
43616,Dead
43617,Alive
43618,Dead
43619,Alive
43620,Dead
43621,Alive
43622,Dead
43623,Alive
43624,Dead
43625,Alive
43626,Dead
43627,Alive
43628,Dead
43629,Alive
43630,Dead
43631,Alive
43632,Dead
43633,Alive
43634,Dead
43635,Alive
43636,Dead
43637,Alive
43638,Dead
43639,Alive
43640,Dead
43641,Alive
43642,Dead
43643,Alive
43644,Dead
43645,Alive
43646,Dead
43647,Alive
43648,Dead
43649,Alive
43650,Dead
43651,Alive
43652,Dead
43653,Alive
43654,Dead
43655,Alive
43656,Dead
43657,Alive
43658,Dead
43659,Alive
43660,Dead
43661,Alive
43662,Dead
43663,Alive
43664,Dead
43665,Alive
43666,Dead
43667,Alive
43668,Dead
43669,Alive
43670,Dead
43671,Alive
43672,Dead
43673,Alive
43674,Dead
43675,Alive
43676,Dead
43677,Alive
43678,Dead
43679,Alive
43680,Dead
43681,Alive
43682,Dead
43683,Alive
43684,Dead
43685,Alive
43686,Dead
43687,Alive
43688,Dead
43689,Alive
43690,Dead
43691,Alive
43692,Dead
43693,Alive
43694,Dead
43695,Alive
43696,Dead
43697,Alive
43698,Dead
43699,Alive
43700,Dead
43701,Alive
43702,Dead
43703,Alive
43704,Dead
43705,Alive
43706,Dead
43707,Alive
43708,Dead
43709,Alive
43710,Dead
43711,Alive
43712,Dead
43713,Alive
43714,Dead
43715,Alive
43716,Dead
43717,Alive
43718,Dead
43719,Alive
43720,Dead
43721,Alive
43722,Dead
43723,Alive
43724,Dead
43725,Alive
43726,Dead
43727,Alive
43728,Dead
43729,Alive
43730,Dead
43731,Alive
43732,Dead
43733,Alive
43734,Dead
43735,Alive
43736,Dead
43737,Alive
43738,Dead
43739,Alive
43740,Dead
43741,Alive
43742,Dead
43743,Alive
43744,Dead
43745,Alive
43746,Dead
43747,Alive
43748,Dead
43749,Alive
43750,Dead
43751,Alive
43752,Dead
43753,Alive
43754,Dead
43755,Alive
43756,Dead
43757,Alive
43758,Dead
43759,Alive
43760,Dead
43761,Alive
43762,Dead
43763,Alive
43764,Dead
43765,Alive
43766,Dead
43767,Alive
43768,Dead
43769,Alive
43770,Dead
43771,Alive
43772,Dead
43773,Alive
43774,Dead
43775,Alive
43776,Dead
43777,Alive
43778,Dead
43779,Alive
43780,Dead
43781,Alive
43782,Dead
43783,Alive
43784,Dead
43785,Alive
43786,Dead
43787,Alive
43788,Dead
43789,Alive
43790,Dead
43791,Alive
43792,Dead
43793,Alive
43794,Dead
43795,Alive
43796,Dead
43797,Alive
43798,Dead
43799,Alive
43800,Dead
43801,Alive
43802,Dead
43803,Alive
43804,Dead
43805,Alive
43806,Dead
43807,Alive
43808,Dead
43809,Alive
43810,Dead
43811,Alive
43812,Dead
43813,Alive
43814,Dead
43815,Alive
43816,Dead
43817,Alive
43818,Dead
43819,Alive
43820,Dead
43821,Alive
43822,Dead
43823,Alive
43824,Dead
43825,Alive
43826,Dead
43827,Alive
43828,Dead
43829,Alive
43830,Dead
43831,Alive
43832,Dead
43833,Alive
43834,Dead
43835,Alive
43836,Dead
43837,Alive
43838,Dead
43839,Alive
43840,Dead
43841,Alive
43842,Dead
43843,Alive
43844,Dead
43845,Alive
43846,Dead
43847,Alive
43848,Dead
43849,Alive
43850,Dead
43851,Alive
43852,Dead
43853,Alive
43854,Dead
43855,Alive
43856,Dead
43857,Alive
43858,Dead
43859,Alive
43860,Dead
43861,Alive
43862,Dead
43863,Alive
43864,Dead
43865,Alive
43866,Dead
43867,Alive
43868,Dead
43869,Alive
43870,Dead
43871,Alive
43872,Dead
43873,Alive
43874,Dead
43875,Alive
43876,Dead
43877,Alive
43878,Dead
43879,Alive
43880,Dead
43881,Alive
43882,Dead
43883,Alive
43884,Dead
43885,Alive
43886,Dead
43887,Alive
43888,Dead
43889,Alive
43890,Dead
43891,Alive
43892,Dead
43893,Alive
43894,Dead
43895,Alive
43896,Dead
43897,Alive
43898,Dead
43899,Alive
43900,Dead
43901,Alive
43902,Dead
43903,Alive
43904,Dead
43905,Alive
43906,Dead
43907,Alive
43908,Dead
43909,Alive
43910,Dead
43911,Alive
43912,Dead
43913,Alive
43914,Dead
43915,Alive
43916,Dead
43917,Alive
43918,Dead
43919,Alive
43920,Dead
43921,Alive
43922,Dead
43923,Alive
43924,Dead
43925,Alive
43926,Dead
43927,Alive
43928,Dead
43929,Alive
43930,Dead
43931,Alive
43932,Dead
43933,Alive
43934,Dead
43935,Alive
43936,Dead
43937,Alive
43938,Dead
43939,Alive
43940,Dead
43941,Alive
43942,Dead
43943,Alive
43944,Dead
43945,Alive
43946,Dead
43947,Alive
43948,Dead
43949,Alive
43950,Dead
43951,Alive
43952,Dead
43953,Alive
43954,Dead
43955,Alive
43956,Dead
43957,Alive
43958,Dead
43959,Alive
43960,Dead
43961,Alive
43962,Dead
43963,Alive
43964,Dead
43965,Alive
43966,Dead
43967,Alive
43968,Dead
43969,Alive
43970,Dead
43971,Alive
43972,Dead
43973,Alive
43974,Dead
43975,Alive
43976,Dead
43977,Alive
43978,Dead
43979,Alive
43980,Dead
43981,Alive
43982,Dead
43983,Alive
43984,Dead
43985,Alive
43986,Dead
43987,Alive
43988,Dead
43989,Alive
43990,Dead
43991,Alive
43992,Dead
43993,Alive
43994,Dead
43995,Alive
43996,Dead
43997,Alive
43998,Dead
43999,Alive
44000,Dead
44001,Alive
44002,Dead
44003,Alive
44004,Dead
44005,Alive
44006,Dead
44007,Alive
44008,Dead
44009,Alive
44010,Dead
44011,Alive
44012,Dead
44013,Alive
44014,Dead
44015,Alive
44016,Dead
44017,Alive
44018,Dead
44019,Alive
44020,Dead
44021,Alive
44022,Dead
44023,Alive
44024,Dead
44025,Alive
44026,Dead
44027,Alive
44028,Dead
44029,Alive
44030,Dead
44031,Alive
44032,Dead
44033,Alive
44034,Dead
44035,Alive
44036,Dead
44037,Alive
44038,Dead
44039,Alive
44040,Dead
44041,Alive
44042,Dead
44043,Alive
44044,Dead
44045,Alive
44046,Dead
44047,Alive
44048,Dead
44049,Alive
44050,Dead
44051,Alive
44052,Dead
44053,Alive
44054,Dead
44055,Alive
44056,Dead
44057,Alive
44058,Dead
44059,Alive
44060,Dead
44061,Alive
44062,Dead
44063,Alive
44064,Dead
44065,Alive
44066,Dead
44067,Alive
44068,Dead
44069,Alive
44070,Dead
44071,Alive
44072,Dead
44073,Alive
44074,Dead
44075,Alive
44076,Dead
44077,Alive
44078,Dead
44079,Alive
44080,Dead
44081,Alive
44082,Dead
44083,Alive
44084,Dead
44085,Alive
44086,Dead
44087,Alive
44088,Dead
44089,Alive
44090,Dead
44091,Alive
44092,Dead
44093,Alive
44094,Dead
44095,Alive
44096,Dead
44097,Alive
44098,Dead
44099,Alive
44100,Dead
44101,Alive
44102,Dead
44103,Alive
44104,Dead
44105,Alive
44106,Dead
44107,Alive
44108,Dead
44109,Alive
44110,Dead
44111,Alive
44112,Dead
44113,Alive
44114,Dead
44115,Alive
44116,Dead
44117,Alive
44118,Dead
44119,Alive
44120,Dead
44121,Alive
44122,Dead
44123,Alive
44124,Dead
44125,Alive
44126,Dead
44127,Alive
44128,Dead
44129,Alive
44130,Dead
44131,Alive
44132,Dead
44133,Alive
44134,Dead
44135,Alive
44136,Dead
44137,Alive
44138,Dead
44139,Alive
44140,Dead
44141,Alive
44142,Dead
44143,Alive
44144,Dead
44145,Alive
44146,Dead
44147,Alive
44148,Dead
44149,Alive
44150,Dead
44151,Alive
44152,Dead
44153,Alive
44154,Dead
44155,Alive
44156,Dead
44157,Alive
44158,Dead
44159,Alive
44160,Dead
44161,Alive
44162,Dead
44163,Alive
44164,Dead
44165,Alive
44166,Dead
44167,Alive
44168,Dead
44169,Alive
44170,Dead
44171,Alive
44172,Dead
44173,Alive
44174,Dead
44175,Alive
44176,Dead
44177,Alive
44178,Dead
44179,Alive
44180,Dead
44181,Alive
44182,Dead
44183,Alive
44184,Dead
44185,Alive
44186,Dead
44187,Alive
44188,Dead
44189,Alive
44190,Dead
44191,Alive
44192,Dead
44193,Alive
44194,Dead
44195,Alive
44196,Dead
44197,Alive
44198,Dead
44199,Alive
44200,Dead
44201,Alive
44202,Dead
44203,Alive
44204,Dead
44205,Alive
44206,Dead
44207,Alive
44208,Dead
44209,Alive
44210,Dead
44211,Alive
44212,Dead
44213,Alive
44214,Dead
44215,Alive
44216,Dead
44217,Alive
44218,Dead
44219,Alive
44220,Dead
44221,Alive
44222,Dead
44223,Alive
44224,Dead
44225,Alive
44226,Dead
44227,Alive
44228,Dead
44229,Alive
44230,Dead
44231,Alive
44232,Dead
44233,Alive
44234,Dead
44235,Alive
44236,Dead
44237,Alive
44238,Dead
44239,Alive
44240,Dead
44241,Alive
44242,Dead
44243,Alive
44244,Dead
44245,Alive
44246,Dead
44247,Alive
44248,Dead
44249,Alive
44250,Dead
44251,Alive
44252,Dead
44253,Alive
44254,Dead
44255,Alive
44256,Dead
44257,Alive
44258,Dead
44259,Alive
44260,Dead
44261,Alive
44262,Dead
44263,Alive
44264,Dead
44265,Alive
44266,Dead
44267,Alive
44268,Dead
44269,Alive
44270,Dead
44271,Alive
44272,Dead
44273,Alive
44274,Dead
44275,Alive
44276,Dead
44277,Alive
44278,Dead
44279,Alive
44280,Dead
44281,Alive
44282,Dead
44283,Alive
44284,Dead
44285,Alive
44286,Dead
44287,Alive
44288,Dead
44289,Alive
44290,Dead
44291,Alive
44292,Dead
44293,Alive
44294,Dead
44295,Alive
44296,Dead
44297,Alive
44298,Dead
44299,Alive
44300,Dead
44301,Alive
44302,Dead
44303,Alive
44304,Dead
44305,Alive
44306,Dead
44307,Alive
44308,Dead
44309,Alive
44310,Dead
44311,Alive
44312,Dead
44313,Alive
44314,Dead
44315,Alive
44316,Dead
44317,Alive
44318,Dead
44319,Alive
44320,Dead
44321,Alive
44322,Dead
44323,Alive
44324,Dead
44325,Alive
44326,Dead
44327,Alive
44328,Dead
44329,Alive
44330,Dead
44331,Alive
44332,Dead
44333,Alive
44334,Dead
44335,Alive
44336,Dead
44337,Alive
44338,Dead
44339,Alive
44340,Dead
44341,Alive
44342,Dead
44343,Alive
44344,Dead
44345,Alive
44346,Dead
44347,Alive
44348,Dead
44349,Alive
44350,Dead
44351,Alive
44352,Dead
44353,Alive
44354,Dead
44355,Alive
44356,Dead
44357,Alive
44358,Dead
44359,Alive
44360,Dead
44361,Alive
44362,Dead
44363,Alive
44364,Dead
44365,Alive
44366,Dead
44367,Alive
44368,Dead
44369,Alive
44370,Dead
44371,Alive
44372,Dead
44373,Alive
44374,Dead
44375,Alive
44376,Dead
44377,Alive
44378,Dead
44379,Alive
44380,Dead
44381,Alive
44382,Dead
44383,Alive
44384,Dead
44385,Alive
44386,Dead
44387,Alive
44388,Dead
44389,Alive
44390,Dead
44391,Alive
44392,Dead
44393,Alive
44394,Dead
44395,Alive
44396,Dead
44397,Alive
44398,Dead
44399,Alive
44400,Dead
44401,Alive
44402,Dead
44403,Alive
44404,Dead
44405,Alive
44406,Dead
44407,Alive
44408,Dead
44409,Alive
44410,Dead
44411,Alive
44412,Dead
44413,Alive
44414,Dead
44415,Alive
44416,Dead
44417,Alive
44418,Dead
44419,Alive
44420,Dead
44421,Alive
44422,Dead
44423,Alive
44424,Dead
44425,Alive
44426,Dead
44427,Alive
44428,Dead
44429,Alive
44430,Dead
44431,Alive
44432,Dead
44433,Alive
44434,Dead
44435,Alive
44436,Dead
44437,Alive
44438,Dead
44439,Alive
44440,Dead
44441,Alive
44442,Dead
44443,Alive
44444,Dead
44445,Alive
44446,Dead
44447,Alive
44448,Dead
44449,Alive
44450,Dead
44451,Alive
44452,Dead
44453,Alive
44454,Dead
44455,Alive
44456,Dead
44457,Alive
44458,Dead
44459,Alive
44460,Dead
44461,Alive
44462,Dead
44463,Alive
44464,Dead
44465,Alive
44466,Dead
44467,Alive
44468,Dead
44469,Alive
44470,Dead
44471,Alive
44472,Dead
44473,Alive
44474,Dead
44475,Alive
44476,Dead
44477,Alive
44478,Dead
44479,Alive
44480,Dead
44481,Alive
44482,Dead
44483,Alive
44484,Dead
44485,Alive
44486,Dead
44487,Alive
44488,Dead
44489,Alive
44490,Dead
44491,Alive
44492,Dead
44493,Alive
44494,Dead
44495,Alive
44496,Dead
44497,Alive
44498,Dead
44499,Alive
44500,Dead
44501,Alive
44502,Dead
44503,Alive
44504,Dead
44505,Alive
44506,Dead
44507,Alive
44508,Dead
44509,Alive
44510,Dead
44511,Alive
44512,Dead
44513,Alive
44514,Dead
44515,Alive
44516,Dead
44517,Alive
44518,Dead
44519,Alive
44520,Dead
44521,Alive
44522,Dead
44523,Alive
44524,Dead
44525,Alive
44526,Dead
44527,Alive
44528,Dead
44529,Alive
44530,Dead
44531,Alive
44532,Dead
44533,Alive
44534,Dead
44535,Alive
44536,Dead
44537,Alive
44538,Dead
44539,Alive
44540,Dead
44541,Alive
44542,Dead
44543,Alive
44544,Dead
44545,Alive
44546,Dead
44547,Alive
44548,Dead
44549,Alive
44550,Dead
44551,Alive
44552,Dead
44553,Alive
44554,Dead
44555,Alive
44556,Dead
44557,Alive
44558,Dead
44559,Alive
44560,Dead
44561,Alive
44562,Dead
44563,Alive
44564,Dead
44565,Alive
44566,Dead
44567,Alive
44568,Dead
44569,Alive
44570,Dead
44571,Alive
44572,Dead
44573,Alive
44574,Dead
44575,Alive
44576,Dead
44577,Alive
44578,Dead
44579,Alive
44580,Dead
44581,Alive
44582,Dead
44583,Alive
44584,Dead
44585,Alive
44586,Dead
44587,Alive
44588,Dead
44589,Alive
44590,Dead
44591,Alive
44592,Dead
44593,Alive
44594,Dead
44595,Alive
44596,Dead
44597,Alive
44598,Dead
44599,Alive
44600,Dead
44601,Alive
44602,Dead
44603,Alive
44604,Dead
44605,Alive
44606,Dead
44607,Alive
44608,Dead
44609,Alive
44610,Dead
44611,Alive
44612,Dead
44613,Alive
44614,Dead
44615,Alive
44616,Dead
44617,Alive
44618,Dead
44619,Alive
44620,Dead
44621,Alive
44622,Dead
44623,Alive
44624,Dead
44625,Alive
44626,Dead
44627,Alive
44628,Dead
44629,Alive
44630,Dead
44631,Alive
44632,Dead
44633,Alive
44634,Dead
44635,Alive
44636,Dead
44637,Alive
44638,Dead
44639,Alive
44640,Dead
44641,Alive
44642,Dead
44643,Alive
44644,Dead
44645,Alive
44646,Dead
44647,Alive
44648,Dead
44649,Alive
44650,Dead
44651,Alive
44652,Dead
44653,Alive
44654,Dead
44655,Alive
44656,Dead
44657,Alive
44658,Dead
44659,Alive
44660,Dead
44661,Alive
44662,Dead
44663,Alive
44664,Dead
44665,Alive
44666,Dead
44667,Alive
44668,Dead
44669,Alive
44670,Dead
44671,Alive
44672,Dead
44673,Alive
44674,Dead
44675,Alive
44676,Dead
44677,Alive
44678,Dead
44679,Alive
44680,Dead
44681,Alive
44682,Dead
44683,Alive
44684,Dead
44685,Alive
44686,Dead
44687,Alive
44688,Dead
44689,Alive
44690,Dead
44691,Alive
44692,Dead
44693,Alive
44694,Dead
44695,Alive
44696,Dead
44697,Alive
44698,Dead
44699,Alive
44700,Dead
44701,Alive
44702,Dead
44703,Alive
44704,Dead
44705,Alive
44706,Dead
44707,Alive
44708,Dead
44709,Alive
44710,Dead
44711,Alive
44712,Dead
44713,Alive
44714,Dead
44715,Alive
44716,Dead
44717,Alive
44718,Dead
44719,Alive
44720,Dead
44721,Alive
44722,Dead
44723,Alive
44724,Dead
44725,Alive
44726,Dead
44727,Alive
44728,Dead
44729,Alive
44730,Dead
44731,Alive
44732,Dead
44733,Alive
44734,Dead
44735,Alive
44736,Dead
44737,Alive
44738,Dead
44739,Alive
44740,Dead
44741,Alive
44742,Dead
44743,Alive
44744,Dead
44745,Alive
44746,Dead
44747,Alive
44748,Dead
44749,Alive
44750,Dead
44751,Alive
44752,Dead
44753,Alive
44754,Dead
44755,Alive
44756,Dead
44757,Alive
44758,Dead
44759,Alive
44760,Dead
44761,Alive
44762,Dead
44763,Alive
44764,Dead
44765,Alive
44766,Dead
44767,Alive
44768,Dead
44769,Alive
44770,Dead
44771,Alive
44772,Dead
44773,Alive
44774,Dead
44775,Alive
44776,Dead
44777,Alive
44778,Dead
44779,Alive
44780,Dead
44781,Alive
44782,Dead
44783,Alive
44784,Dead
44785,Alive
44786,Dead
44787,Alive
44788,Dead
44789,Alive
44790,Dead
44791,Alive
44792,Dead
44793,Alive
44794,Dead
44795,Alive
44796,Dead
44797,Alive
44798,Dead
44799,Alive
44800,Dead
44801,Alive
44802,Dead
44803,Alive
44804,Dead
44805,Alive
44806,Dead
44807,Alive
44808,Dead
44809,Alive
44810,Dead
44811,Alive
44812,Dead
44813,Alive
44814,Dead
44815,Alive
44816,Dead
44817,Alive
44818,Dead
44819,Alive
44820,Dead
44821,Alive
44822,Dead
44823,Alive
44824,Dead
44825,Alive
44826,Dead
44827,Alive
44828,Dead
44829,Alive
44830,Dead
44831,Alive
44832,Dead
44833,Alive
44834,Dead
44835,Alive
44836,Dead
44837,Alive
44838,Dead
44839,Alive
44840,Dead
44841,Alive
44842,Dead
44843,Alive
44844,Dead
44845,Alive
44846,Dead
44847,Alive
44848,Dead
44849,Alive
44850,Dead
44851,Alive
44852,Dead
44853,Alive
44854,Dead
44855,Alive
44856,Dead
44857,Alive
44858,Dead
44859,Alive
44860,Dead
44861,Alive
44862,Dead
44863,Alive
44864,Dead
44865,Alive
44866,Dead
44867,Alive
44868,Dead
44869,Alive
44870,Dead
44871,Alive
44872,Dead
44873,Alive
44874,Dead
44875,Alive
44876,Dead
44877,Alive
44878,Dead
44879,Alive
44880,Dead
44881,Alive
44882,Dead
44883,Alive
44884,Dead
44885,Alive
44886,Dead
44887,Alive
44888,Dead
44889,Alive
44890,Dead
44891,Alive
44892,Dead
44893,Alive
44894,Dead
44895,Alive
44896,Dead
44897,Alive
44898,Dead
44899,Alive
44900,Dead
44901,Alive
44902,Dead
44903,Alive
44904,Dead
44905,Alive
44906,Dead
44907,Alive
44908,Dead
44909,Alive
44910,Dead
44911,Alive
44912,Dead
44913,Alive
44914,Dead
44915,Alive
44916,Dead
44917,Alive
44918,Dead
44919,Alive
44920,Dead
44921,Alive
44922,Dead
44923,Alive
44924,Dead
44925,Alive
44926,Dead
44927,Alive
44928,Dead
44929,Alive
44930,Dead
44931,Alive
44932,Dead
44933,Alive
44934,Dead
44935,Alive
44936,Dead
44937,Alive
44938,Dead
44939,Alive
44940,Dead
44941,Alive
44942,Dead
44943,Alive
44944,Dead
44945,Alive
44946,Dead
44947,Alive
44948,Dead
44949,Alive
44950,Dead
44951,Alive
44952,Dead
44953,Alive
44954,Dead
44955,Alive
44956,Dead
44957,Alive
44958,Dead
44959,Alive
44960,Dead
44961,Alive
44962,Dead
44963,Alive
44964,Dead
44965,Alive
44966,Dead
44967,Alive
44968,Dead
44969,Alive
44970,Dead
44971,Alive
44972,Dead
44973,Alive
44974,Dead
44975,Alive
44976,Dead
44977,Alive
44978,Dead
44979,Alive
44980,Dead
44981,Alive
44982,Dead
44983,Alive
44984,Dead
44985,Alive
44986,Dead
44987,Alive
44988,Dead
44989,Alive
44990,Dead
44991,Alive
44992,Dead
44993,Alive
44994,Dead
44995,Alive
44996,Dead
44997,Alive
44998,Dead
44999,Alive
45000,Dead
45001,Alive
45002,Dead
45003,Alive
45004,Dead
45005,Alive
45006,Dead
45007,Alive
45008,Dead
45009,Alive
45010,Dead
45011,Alive
45012,Dead
45013,Alive
45014,Dead
45015,Alive
45016,Dead
45017,Alive
45018,Dead
45019,Alive
45020,Dead
45021,Alive
45022,Dead
45023,Alive
45024,Dead
45025,Alive
45026,Dead
45027,Alive
45028,Dead
45029,Alive
45030,Dead
45031,Alive
45032,Dead
45033,Alive
45034,Dead
45035,Alive
45036,Dead
45037,Alive
45038,Dead
45039,Alive
45040,Dead
45041,Alive
45042,Dead
45043,Alive
45044,Dead
45045,Alive
45046,Dead
45047,Alive
45048,Dead
45049,Alive
45050,Dead
45051,Alive
45052,Dead
45053,Alive
45054,Dead
45055,Alive
45056,Dead
45057,Alive
45058,Dead
45059,Alive
45060,Dead
45061,Alive
45062,Dead
45063,Alive
45064,Dead
45065,Alive
45066,Dead
45067,Alive
45068,Dead
45069,Alive
45070,Dead
45071,Alive
45072,Dead
45073,Alive
45074,Dead
45075,Alive
45076,Dead
45077,Alive
45078,Dead
45079,Alive
45080,Dead
45081,Alive
45082,Dead
45083,Alive
45084,Dead
45085,Alive
45086,Dead
45087,Alive
45088,Dead
45089,Alive
45090,Dead
45091,Alive
45092,Dead
45093,Alive
45094,Dead
45095,Alive
45096,Dead
45097,Alive
45098,Dead
45099,Alive
45100,Dead
45101,Alive
45102,Dead
45103,Alive
45104,Dead
45105,Alive
45106,Dead
45107,Alive
45108,Dead
45109,Alive
45110,Dead
45111,Alive
45112,Dead
45113,Alive
45114,Dead
45115,Alive
45116,Dead
45117,Alive
45118,Dead
45119,Alive
45120,Dead
45121,Alive
45122,Dead
45123,Alive
45124,Dead
45125,Alive
45126,Dead
45127,Alive
45128,Dead
45129,Alive
45130,Dead
45131,Alive
45132,Dead
45133,Alive
45134,Dead
45135,Alive
45136,Dead
45137,Alive
45138,Dead
45139,Alive
45140,Dead
45141,Alive
45142,Dead
45143,Alive
45144,Dead
45145,Alive
45146,Dead
45147,Alive
45148,Dead
45149,Alive
45150,Dead
45151,Alive
45152,Dead
45153,Alive
45154,Dead
45155,Alive
45156,Dead
45157,Alive
45158,Dead
45159,Alive
45160,Dead
45161,Alive
45162,Dead
45163,Alive
45164,Dead
45165,Alive
45166,Dead
45167,Alive
45168,Dead
45169,Alive
45170,Dead
45171,Alive
45172,Dead
45173,Alive
45174,Dead
45175,Alive
45176,Dead
45177,Alive
45178,Dead
45179,Alive
45180,Dead
45181,Alive
45182,Dead
45183,Alive
45184,Dead
45185,Alive
45186,Dead
45187,Alive
45188,Dead
45189,Alive
45190,Dead
45191,Alive
45192,Dead
45193,Alive
45194,Dead
45195,Alive
45196,Dead
45197,Alive
45198,Dead
45199,Alive
45200,Dead
45201,Alive
45202,Dead
45203,Alive
45204,Dead
45205,Alive
45206,Dead
45207,Alive
45208,Dead
45209,Alive
45210,Dead
45211,Alive
45212,Dead
45213,Alive
45214,Dead
45215,Alive
45216,Dead
45217,Alive
45218,Dead
45219,Alive
45220,Dead
45221,Alive
45222,Dead
45223,Alive
45224,Dead
45225,Alive
45226,Dead
45227,Alive
45228,Dead
45229,Alive
45230,Dead
45231,Alive
45232,Dead
45233,Alive
45234,Dead
45235,Alive
45236,Dead
45237,Alive
45238,Dead
45239,Alive
45240,Dead
45241,Alive
45242,Dead
45243,Alive
45244,Dead
45245,Alive
45246,Dead
45247,Alive
45248,Dead
45249,Alive
45250,Dead
45251,Alive
45252,Dead
45253,Alive
45254,Dead
45255,Alive
45256,Dead
45257,Alive
45258,Dead
45259,Alive
45260,Dead
45261,Alive
45262,Dead
45263,Alive
45264,Dead
45265,Alive
45266,Dead
45267,Alive
45268,Dead
45269,Alive
45270,Dead
45271,Alive
45272,Dead
45273,Alive
45274,Dead
45275,Alive
45276,Dead
45277,Alive
45278,Dead
45279,Alive
45280,Dead
45281,Alive
45282,Dead
45283,Alive
45284,Dead
45285,Alive
45286,Dead
45287,Alive
45288,Dead
45289,Alive
45290,Dead
45291,Alive
45292,Dead
45293,Alive
45294,Dead
45295,Alive
45296,Dead
45297,Alive
45298,Dead
45299,Alive
45300,Dead
45301,Alive
45302,Dead
45303,Alive
45304,Dead
45305,Alive
45306,Dead
45307,Alive
45308,Dead
45309,Alive
45310,Dead
45311,Alive
45312,Dead
45313,Alive
45314,Dead
45315,Alive
45316,Dead
45317,Alive
45318,Dead
45319,Alive
45320,Dead
45321,Alive
45322,Dead
45323,Alive
45324,Dead
45325,Alive
45326,Dead
45327,Alive
45328,Dead
45329,Alive
45330,Dead
45331,Alive
45332,Dead
45333,Alive
45334,Dead
45335,Alive
45336,Dead
45337,Alive
45338,Dead
45339,Alive
45340,Dead
45341,Alive
45342,Dead
45343,Alive
45344,Dead
45345,Alive
45346,Dead
45347,Alive
45348,Dead
45349,Alive
45350,Dead
45351,Alive
45352,Dead
45353,Alive
45354,Dead
45355,Alive
45356,Dead
45357,Alive
45358,Dead
45359,Alive
45360,Dead
45361,Alive
45362,Dead
45363,Alive
45364,Dead
45365,Alive
45366,Dead
45367,Alive
45368,Dead
45369,Alive
45370,Dead
45371,Alive
45372,Dead
45373,Alive
45374,Dead
45375,Alive
45376,Dead
45377,Alive
45378,Dead
45379,Alive
45380,Dead
45381,Alive
45382,Dead
45383,Alive
45384,Dead
45385,Alive
45386,Dead
45387,Alive
45388,Dead
45389,Alive
45390,Dead
45391,Alive
45392,Dead
45393,Alive
45394,Dead
45395,Alive
45396,Dead
45397,Alive
45398,Dead
45399,Alive
45400,Dead
45401,Alive
45402,Dead
45403,Alive
45404,Dead
45405,Alive
45406,Dead
45407,Alive
45408,Dead
45409,Alive
45410,Dead
45411,Alive
45412,Dead
45413,Alive
45414,Dead
45415,Alive
45416,Dead
45417,Alive
45418,Dead
45419,Alive
45420,Dead
45421,Alive
45422,Dead
45423,Alive
45424,Dead
45425,Alive
45426,Dead
45427,Alive
45428,Dead
45429,Alive
45430,Dead
45431,Alive
45432,Dead
45433,Alive
45434,Dead
45435,Alive
45436,Dead
45437,Alive
45438,Dead
45439,Alive
45440,Dead
45441,Alive
45442,Dead
45443,Alive
45444,Dead
45445,Alive
45446,Dead
45447,Alive
45448,Dead
45449,Alive
45450,Dead
45451,Alive
45452,Dead
45453,Alive
45454,Dead
45455,Alive
45456,Dead
45457,Alive
45458,Dead
45459,Alive
45460,Dead
45461,Alive
45462,Dead
45463,Alive
45464,Dead
45465,Alive
45466,Dead
45467,Alive
45468,Dead
45469,Alive
45470,Dead
45471,Alive
45472,Dead
45473,Alive
45474,Dead
45475,Alive
45476,Dead
45477,Alive
45478,Dead
45479,Alive
45480,Dead
45481,Alive
45482,Dead
45483,Alive
45484,Dead
45485,Alive
45486,Dead
45487,Alive
45488,Dead
45489,Alive
45490,Dead
45491,Alive
45492,Dead
45493,Alive
45494,Dead
45495,Alive
45496,Dead
45497,Alive
45498,Dead
45499,Alive
45500,Dead
45501,Alive
45502,Dead
45503,Alive
45504,Dead
45505,Alive
45506,Dead
45507,Alive
45508,Dead
45509,Alive
45510,Dead
45511,Alive
45512,Dead
45513,Alive
45514,Dead
45515,Alive
45516,Dead
45517,Alive
45518,Dead
45519,Alive
45520,Dead
45521,Alive
45522,Dead
45523,Alive
45524,Dead
45525,Alive
45526,Dead
45527,Alive
45528,Dead
45529,Alive
45530,Dead
45531,Alive
45532,Dead
45533,Alive
45534,Dead
45535,Alive
45536,Dead
45537,Alive
45538,Dead
45539,Alive
45540,Dead
45541,Alive
45542,Dead
45543,Alive
45544,Dead
45545,Alive
45546,Dead
45547,Alive
45548,Dead
45549,Alive
45550,Dead
45551,Alive
45552,Dead
45553,Alive
45554,Dead
45555,Alive
45556,Dead
45557,Alive
45558,Dead
45559,Alive
45560,Dead
45561,Alive
45562,Dead
45563,Alive
45564,Dead
45565,Alive
45566,Dead
45567,Alive
45568,Dead
45569,Alive
45570,Dead
45571,Alive
45572,Dead
45573,Alive
45574,Dead
45575,Alive
45576,Dead
45577,Alive
45578,Dead
45579,Alive
45580,Dead
45581,Alive
45582,Dead
45583,Alive
45584,Dead
45585,Alive
45586,Dead
45587,Alive
45588,Dead
45589,Alive
45590,Dead
45591,Alive
45592,Dead
45593,Alive
45594,Dead
45595,Alive
45596,Dead
45597,Alive
45598,Dead
45599,Alive
45600,Dead
45601,Alive
45602,Dead
45603,Alive
45604,Dead
45605,Alive
45606,Dead
45607,Alive
45608,Dead
45609,Alive
45610,Dead
45611,Alive
45612,Dead
45613,Alive
45614,Dead
45615,Alive
45616,Dead
45617,Alive
45618,Dead
45619,Alive
45620,Dead
45621,Alive
45622,Dead
45623,Alive
45624,Dead
45625,Alive
45626,Dead
45627,Alive
45628,Dead
45629,Alive
45630,Dead
45631,Alive
45632,Dead
45633,Alive
45634,Dead
45635,Alive
45636,Dead
45637,Alive
45638,Dead
45639,Alive
45640,Dead
45641,Alive
45642,Dead
45643,Alive
45644,Dead
45645,Alive
45646,Dead
45647,Alive
45648,Dead
45649,Alive
45650,Dead
45651,Alive
45652,Dead
45653,Alive
45654,Dead
45655,Alive
45656,Dead
45657,Alive
45658,Dead
45659,Alive
45660,Dead
45661,Alive
45662,Dead
45663,Alive
45664,Dead
45665,Alive
45666,Dead
45667,Alive
45668,Dead
45669,Alive
45670,Dead
45671,Alive
45672,Dead
45673,Alive
45674,Dead
45675,Alive
45676,Dead
45677,Alive
45678,Dead
45679,Alive
45680,Dead
45681,Alive
45682,Dead
45683,Alive
45684,Dead
45685,Alive
45686,Dead
45687,Alive
45688,Dead
45689,Alive
45690,Dead
45691,Alive
45692,Dead
45693,Alive
45694,Dead
45695,Alive
45696,Dead
45697,Alive
45698,Dead
45699,Alive
45700,Dead
45701,Alive
45702,Dead
45703,Alive
45704,Dead
45705,Alive
45706,Dead
45707,Alive
45708,Dead
45709,Alive
45710,Dead
45711,Alive
45712,Dead
45713,Alive
45714,Dead
45715,Alive
45716,Dead
45717,Alive
45718,Dead
45719,Alive
45720,Dead
45721,Alive
45722,Dead
45723,Alive
45724,Dead
45725,Alive
45726,Dead
45727,Alive
45728,Dead
45729,Alive
45730,Dead
45731,Alive
45732,Dead
45733,Alive
45734,Dead
45735,Alive
45736,Dead
45737,Alive
45738,Dead
45739,Alive
45740,Dead
45741,Alive
45742,Dead
45743,Alive
45744,Dead
45745,Alive
45746,Dead
45747,Alive
45748,Dead
45749,Alive
45750,Dead
45751,Alive
45752,Dead
45753,Alive
45754,Dead
45755,Alive
45756,Dead
45757,Alive
45758,Dead
45759,Alive
45760,Dead
45761,Alive
45762,Dead
45763,Alive
45764,Dead
45765,Alive
45766,Dead
45767,Alive
45768,Dead
45769,Alive
45770,Dead
45771,Alive
45772,Dead
45773,Alive
45774,Dead
45775,Alive
45776,Dead
45777,Alive
45778,Dead
45779,Alive
45780,Dead
45781,Alive
45782,Dead
45783,Alive
45784,Dead
45785,Alive
45786,Dead
45787,Alive
45788,Dead
45789,Alive
45790,Dead
45791,Alive
45792,Dead
45793,Alive
45794,Dead
45795,Alive
45796,Dead
45797,Alive
45798,Dead
45799,Alive
45800,Dead
45801,Alive
45802,Dead
45803,Alive
45804,Dead
45805,Alive
45806,Dead
45807,Alive
45808,Dead
45809,Alive
45810,Dead
45811,Alive
45812,Dead
45813,Alive
45814,Dead
45815,Alive
45816,Dead
45817,Alive
45818,Dead
45819,Alive
45820,Dead
45821,Alive
45822,Dead
45823,Alive
45824,Dead
45825,Alive
45826,Dead
45827,Alive
45828,Dead
45829,Alive
45830,Dead
45831,Alive
45832,Dead
45833,Alive
45834,Dead
45835,Alive
45836,Dead
45837,Alive
45838,Dead
45839,Alive
45840,Dead
45841,Alive
45842,Dead
45843,Alive
45844,Dead
45845,Alive
45846,Dead
45847,Alive
45848,Dead
45849,Alive
45850,Dead
45851,Alive
45852,Dead
45853,Alive
45854,Dead
45855,Alive
45856,Dead
45857,Alive
45858,Dead
45859,Alive
45860,Dead
45861,Alive
45862,Dead
45863,Alive
45864,Dead
45865,Alive
45866,Dead
45867,Alive
45868,Dead
45869,Alive
45870,Dead
45871,Alive
45872,Dead
45873,Alive
45874,Dead
45875,Alive
45876,Dead
45877,Alive
45878,Dead
45879,Alive
45880,Dead
45881,Alive
45882,Dead
45883,Alive
45884,Dead
45885,Alive
45886,Dead
45887,Alive
45888,Dead
45889,Alive
45890,Dead
45891,Alive
45892,Dead
45893,Alive
45894,Dead
45895,Alive
45896,Dead
45897,Alive
45898,Dead
45899,Alive
45900,Dead
45901,Alive
45902,Dead
45903,Alive
45904,Dead
45905,Alive
45906,Dead
45907,Alive
45908,Dead
45909,Alive
45910,Dead
45911,Alive
45912,Dead
45913,Alive
45914,Dead
45915,Alive
45916,Dead
45917,Alive
45918,Dead
45919,Alive
45920,Dead
45921,Alive
45922,Dead
45923,Alive
45924,Dead
45925,Alive
45926,Dead
45927,Alive
45928,Dead
45929,Alive
45930,Dead
45931,Alive
45932,Dead
45933,Alive
45934,Dead
45935,Alive
45936,Dead
45937,Alive
45938,Dead
45939,Alive
45940,Dead
45941,Alive
45942,Dead
45943,Alive
45944,Dead
45945,Alive
45946,Dead
45947,Alive
45948,Dead
45949,Alive
45950,Dead
45951,Alive
45952,Dead
45953,Alive
45954,Dead
45955,Alive
45956,Dead
45957,Alive
45958,Dead
45959,Alive
45960,Dead
45961,Alive
45962,Dead
45963,Alive
45964,Dead
45965,Alive
45966,Dead
45967,Alive
45968,Dead
45969,Alive
45970,Dead
45971,Alive
45972,Dead
45973,Alive
45974,Dead
45975,Alive
45976,Dead
45977,Alive
45978,Dead
45979,Alive
45980,Dead
45981,Alive
45982,Dead
45983,Alive
45984,Dead
45985,Alive
45986,Dead
45987,Alive
45988,Dead
45989,Alive
45990,Dead
45991,Alive
45992,Dead
45993,Alive
45994,Dead
45995,Alive
45996,Dead
45997,Alive
45998,Dead
45999,Alive
46000,Dead
46001,Alive
46002,Dead
46003,Alive
46004,Dead
46005,Alive
46006,Dead
46007,Alive
46008,Dead
46009,Alive
46010,Dead
46011,Alive
46012,Dead
46013,Alive
46014,Dead
46015,Alive
46016,Dead
46017,Alive
46018,Dead
46019,Alive
46020,Dead
46021,Alive
46022,Dead
46023,Alive
46024,Dead
46025,Alive
46026,Dead
46027,Alive
46028,Dead
46029,Alive
46030,Dead
46031,Alive
46032,Dead
46033,Alive
46034,Dead
46035,Alive
46036,Dead
46037,Alive
46038,Dead
46039,Alive
46040,Dead
46041,Alive
46042,Dead
46043,Alive
46044,Dead
46045,Alive
46046,Dead
46047,Alive
46048,Dead
46049,Alive
46050,Dead
46051,Alive
46052,Dead
46053,Alive
46054,Dead
46055,Alive
46056,Dead
46057,Alive
46058,Dead
46059,Alive
46060,Dead
46061,Alive
46062,Dead
46063,Alive
46064,Dead
46065,Alive
46066,Dead
46067,Alive
46068,Dead
46069,Alive
46070,Dead
46071,Alive
46072,Dead
46073,Alive
46074,Dead
46075,Alive
46076,Dead
46077,Alive
46078,Dead
46079,Alive
46080,Dead
46081,Alive
46082,Dead
46083,Alive
46084,Dead
46085,Alive
46086,Dead
46087,Alive
46088,Dead
46089,Alive
46090,Dead
46091,Alive
46092,Dead
46093,Alive
46094,Dead
46095,Alive
46096,Dead
46097,Alive
46098,Dead
46099,Alive
46100,Dead
46101,Alive
46102,Dead
46103,Alive
46104,Dead
46105,Alive
46106,Dead
46107,Alive
46108,Dead
46109,Alive
46110,Dead
46111,Alive
46112,Dead
46113,Alive
46114,Dead
46115,Alive
46116,Dead
46117,Alive
46118,Dead
46119,Alive
46120,Dead
46121,Alive
46122,Dead
46123,Alive
46124,Dead
46125,Alive
46126,Dead
46127,Alive
46128,Dead
46129,Alive
46130,Dead
46131,Alive
46132,Dead
46133,Alive
46134,Dead
46135,Alive
46136,Dead
46137,Alive
46138,Dead
46139,Alive
46140,Dead
46141,Alive
46142,Dead
46143,Alive
46144,Dead
46145,Alive
46146,Dead
46147,Alive
46148,Dead
46149,Alive
46150,Dead
46151,Alive
46152,Dead
46153,Alive
46154,Dead
46155,Alive
46156,Dead
46157,Alive
46158,Dead
46159,Alive
46160,Dead
46161,Alive
46162,Dead
46163,Alive
46164,Dead
46165,Alive
46166,Dead
46167,Alive
46168,Dead
46169,Alive
46170,Dead
46171,Alive
46172,Dead
46173,Alive
46174,Dead
46175,Alive
46176,Dead
46177,Alive
46178,Dead
46179,Alive
46180,Dead
46181,Alive
46182,Dead
46183,Alive
46184,Dead
46185,Alive
46186,Dead
46187,Alive
46188,Dead
46189,Alive
46190,Dead
46191,Alive
46192,Dead
46193,Alive
46194,Dead
46195,Alive
46196,Dead
46197,Alive
46198,Dead
46199,Alive
46200,Dead
46201,Alive
46202,Dead
46203,Alive
46204,Dead
46205,Alive
46206,Dead
46207,Alive
46208,Dead
46209,Alive
46210,Dead
46211,Alive
46212,Dead
46213,Alive
46214,Dead
46215,Alive
46216,Dead
46217,Alive
46218,Dead
46219,Alive
46220,Dead
46221,Alive
46222,Dead
46223,Alive
46224,Dead
46225,Alive
46226,Dead
46227,Alive
46228,Dead
46229,Alive
46230,Dead
46231,Alive
46232,Dead
46233,Alive
46234,Dead
46235,Alive
46236,Dead
46237,Alive
46238,Dead
46239,Alive
46240,Dead
46241,Alive
46242,Dead
46243,Alive
46244,Dead
46245,Alive
46246,Dead
46247,Alive
46248,Dead
46249,Alive
46250,Dead
46251,Alive
46252,Dead
46253,Alive
46254,Dead
46255,Alive
46256,Dead
46257,Alive
46258,Dead
46259,Alive
46260,Dead
46261,Alive
46262,Dead
46263,Alive
46264,Dead
46265,Alive
46266,Dead
46267,Alive
46268,Dead
46269,Alive
46270,Dead
46271,Alive
46272,Dead
46273,Alive
46274,Dead
46275,Alive
46276,Dead
46277,Alive
46278,Dead
46279,Alive
46280,Dead
46281,Alive
46282,Dead
46283,Alive
46284,Dead
46285,Alive
46286,Dead
46287,Alive
46288,Dead
46289,Alive
46290,Dead
46291,Alive
46292,Dead
46293,Alive
46294,Dead
46295,Alive
46296,Dead
46297,Alive
46298,Dead
46299,Alive
46300,Dead
46301,Alive
46302,Dead
46303,Alive
46304,Dead
46305,Alive
46306,Dead
46307,Alive
46308,Dead
46309,Alive
46310,Dead
46311,Alive
46312,Dead
46313,Alive
46314,Dead
46315,Alive
46316,Dead
46317,Alive
46318,Dead
46319,Alive
46320,Dead
46321,Alive
46322,Dead
46323,Alive
46324,Dead
46325,Alive
46326,Dead
46327,Alive
46328,Dead
46329,Alive
46330,Dead
46331,Alive
46332,Dead
46333,Alive
46334,Dead
46335,Alive
46336,Dead
46337,Alive
46338,Dead
46339,Alive
46340,Dead
46341,Alive
46342,Dead
46343,Alive
46344,Dead
46345,Alive
46346,Dead
46347,Alive
46348,Dead
46349,Alive
46350,Dead
46351,Alive
46352,Dead
46353,Alive
46354,Dead
46355,Alive
46356,Dead
46357,Alive
46358,Dead
46359,Alive
46360,Dead
46361,Alive
46362,Dead
46363,Alive
46364,Dead
46365,Alive
46366,Dead
46367,Alive
46368,Dead
46369,Alive
46370,Dead
46371,Alive
46372,Dead
46373,Alive
46374,Dead
46375,Alive
46376,Dead
46377,Alive
46378,Dead
46379,Alive
46380,Dead
46381,Alive
46382,Dead
46383,Alive
46384,Dead
46385,Alive
46386,Dead
46387,Alive
46388,Dead
46389,Alive
46390,Dead
46391,Alive
46392,Dead
46393,Alive
46394,Dead
46395,Alive
46396,Dead
46397,Alive
46398,Dead
46399,Alive
46400,Dead
46401,Alive
46402,Dead
46403,Alive
46404,Dead
46405,Alive
46406,Dead
46407,Alive
46408,Dead
46409,Alive
46410,Dead
46411,Alive
46412,Dead
46413,Alive
46414,Dead
46415,Alive
46416,Dead
46417,Alive
46418,Dead
46419,Alive
46420,Dead
46421,Alive
46422,Dead
46423,Alive
46424,Dead
46425,Alive
46426,Dead
46427,Alive
46428,Dead
46429,Alive
46430,Dead
46431,Alive
46432,Dead
46433,Alive
46434,Dead
46435,Alive
46436,Dead
46437,Alive
46438,Dead
46439,Alive
46440,Dead
46441,Alive
46442,Dead
46443,Alive
46444,Dead
46445,Alive
46446,Dead
46447,Alive
46448,Dead
46449,Alive
46450,Dead
46451,Alive
46452,Dead
46453,Alive
46454,Dead
46455,Alive
46456,Dead
46457,Alive
46458,Dead
46459,Alive
46460,Dead
46461,Alive
46462,Dead
46463,Alive
46464,Dead
46465,Alive
46466,Dead
46467,Alive
46468,Dead
46469,Alive
46470,Dead
46471,Alive
46472,Dead
46473,Alive
46474,Dead
46475,Alive
46476,Dead
46477,Alive
46478,Dead
46479,Alive
46480,Dead
46481,Alive
46482,Dead
46483,Alive
46484,Dead
46485,Alive
46486,Dead
46487,Alive
46488,Dead
46489,Alive
46490,Dead
46491,Alive
46492,Dead
46493,Alive
46494,Dead
46495,Alive
46496,Dead
46497,Alive
46498,Dead
46499,Alive
46500,Dead
46501,Alive
46502,Dead
46503,Alive
46504,Dead
46505,Alive
46506,Dead
46507,Alive
46508,Dead
46509,Alive
46510,Dead
46511,Alive
46512,Dead
46513,Alive
46514,Dead
46515,Alive
46516,Dead
46517,Alive
46518,Dead
46519,Alive
46520,Dead
46521,Alive
46522,Dead
46523,Alive
46524,Dead
46525,Alive
46526,Dead
46527,Alive
46528,Dead
46529,Alive
46530,Dead
46531,Alive
46532,Dead
46533,Alive
46534,Dead
46535,Alive
46536,Dead
46537,Alive
46538,Dead
46539,Alive
46540,Dead
46541,Alive
46542,Dead
46543,Alive
46544,Dead
46545,Alive
46546,Dead
46547,Alive
46548,Dead
46549,Alive
46550,Dead
46551,Alive
46552,Dead
46553,Alive
46554,Dead
46555,Alive
46556,Dead
46557,Alive
46558,Dead
46559,Alive
46560,Dead
46561,Alive
46562,Dead
46563,Alive
46564,Dead
46565,Alive
46566,Dead
46567,Alive
46568,Dead
46569,Alive
46570,Dead
46571,Alive
46572,Dead
46573,Alive
46574,Dead
46575,Alive
46576,Dead
46577,Alive
46578,Dead
46579,Alive
46580,Dead
46581,Alive
46582,Dead
46583,Alive
46584,Dead
46585,Alive
46586,Dead
46587,Alive
46588,Dead
46589,Alive
46590,Dead
46591,Alive
46592,Dead
46593,Alive
46594,Dead
46595,Alive
46596,Dead
46597,Alive
46598,Dead
46599,Alive
46600,Dead
46601,Alive
46602,Dead
46603,Alive
46604,Dead
46605,Alive
46606,Dead
46607,Alive
46608,Dead
46609,Alive
46610,Dead
46611,Alive
46612,Dead
46613,Alive
46614,Dead
46615,Alive
46616,Dead
46617,Alive
46618,Dead
46619,Alive
46620,Dead
46621,Alive
46622,Dead
46623,Alive
46624,Dead
46625,Alive
46626,Dead
46627,Alive
46628,Dead
46629,Alive
46630,Dead
46631,Alive
46632,Dead
46633,Alive
46634,Dead
46635,Alive
46636,Dead
46637,Alive
46638,Dead
46639,Alive
46640,Dead
46641,Alive
46642,Dead
46643,Alive
46644,Dead
46645,Alive
46646,Dead
46647,Alive
46648,Dead
46649,Alive
46650,Dead
46651,Alive
46652,Dead
46653,Alive
46654,Dead
46655,Alive
46656,Dead
46657,Alive
46658,Dead
46659,Alive
46660,Dead
46661,Alive
46662,Dead
46663,Alive
46664,Dead
46665,Alive
46666,Dead
46667,Alive
46668,Dead
46669,Alive
46670,Dead
46671,Alive
46672,Dead
46673,Alive
46674,Dead
46675,Alive
46676,Dead
46677,Alive
46678,Dead
46679,Alive
46680,Dead
46681,Alive
46682,Dead
46683,Alive
46684,Dead
46685,Alive
46686,Dead
46687,Alive
46688,Dead
46689,Alive
46690,Dead
46691,Alive
46692,Dead
46693,Alive
46694,Dead
46695,Alive
46696,Dead
46697,Alive
46698,Dead
46699,Alive
46700,Dead
46701,Alive
46702,Dead
46703,Alive
46704,Dead
46705,Alive
46706,Dead
46707,Alive
46708,Dead
46709,Alive
46710,Dead
46711,Alive
46712,Dead
46713,Alive
46714,Dead
46715,Alive
46716,Dead
46717,Alive
46718,Dead
46719,Alive
46720,Dead
46721,Alive
46722,Dead
46723,Alive
46724,Dead
46725,Alive
46726,Dead
46727,Alive
46728,Dead
46729,Alive
46730,Dead
46731,Alive
46732,Dead
46733,Alive
46734,Dead
46735,Alive
46736,Dead
46737,Alive
46738,Dead
46739,Alive
46740,Dead
46741,Alive
46742,Dead
46743,Alive
46744,Dead
46745,Alive
46746,Dead
46747,Alive
46748,Dead
46749,Alive
46750,Dead
46751,Alive
46752,Dead
46753,Alive
46754,Dead
46755,Alive
46756,Dead
46757,Alive
46758,Dead
46759,Alive
46760,Dead
46761,Alive
46762,Dead
46763,Alive
46764,Dead
46765,Alive
46766,Dead
46767,Alive
46768,Dead
46769,Alive
46770,Dead
46771,Alive
46772,Dead
46773,Alive
46774,Dead
46775,Alive
46776,Dead
46777,Alive
46778,Dead
46779,Alive
46780,Dead
46781,Alive
46782,Dead
46783,Alive
46784,Dead
46785,Alive
46786,Dead
46787,Alive
46788,Dead
46789,Alive
46790,Dead
46791,Alive
46792,Dead
46793,Alive
46794,Dead
46795,Alive
46796,Dead
46797,Alive
46798,Dead
46799,Alive
46800,Dead
46801,Alive
46802,Dead
46803,Alive
46804,Dead
46805,Alive
46806,Dead
46807,Alive
46808,Dead
46809,Alive
46810,Dead
46811,Alive
46812,Dead
46813,Alive
46814,Dead
46815,Alive
46816,Dead
46817,Alive
46818,Dead
46819,Alive
46820,Dead
46821,Alive
46822,Dead
46823,Alive
46824,Dead
46825,Alive
46826,Dead
46827,Alive
46828,Dead
46829,Alive
46830,Dead
46831,Alive
46832,Dead
46833,Alive
46834,Dead
46835,Alive
46836,Dead
46837,Alive
46838,Dead
46839,Alive
46840,Dead
46841,Alive
46842,Dead
46843,Alive
46844,Dead
46845,Alive
46846,Dead
46847,Alive
46848,Dead
46849,Alive
46850,Dead
46851,Alive
46852,Dead
46853,Alive
46854,Dead
46855,Alive
46856,Dead
46857,Alive
46858,Dead
46859,Alive
46860,Dead
46861,Alive
46862,Dead
46863,Alive
46864,Dead
46865,Alive
46866,Dead
46867,Alive
46868,Dead
46869,Alive
46870,Dead
46871,Alive
46872,Dead
46873,Alive
46874,Dead
46875,Alive
46876,Dead
46877,Alive
46878,Dead
46879,Alive
46880,Dead
46881,Alive
46882,Dead
46883,Alive
46884,Dead
46885,Alive
46886,Dead
46887,Alive
46888,Dead
46889,Alive
46890,Dead
46891,Alive
46892,Dead
46893,Alive
46894,Dead
46895,Alive
46896,Dead
46897,Alive
46898,Dead
46899,Alive
46900,Dead
46901,Alive
46902,Dead
46903,Alive
46904,Dead
46905,Alive
46906,Dead
46907,Alive
46908,Dead
46909,Alive
46910,Dead
46911,Alive
46912,Dead
46913,Alive
46914,Dead
46915,Alive
46916,Dead
46917,Alive
46918,Dead
46919,Alive
46920,Dead
46921,Alive
46922,Dead
46923,Alive
46924,Dead
46925,Alive
46926,Dead
46927,Alive
46928,Dead
46929,Alive
46930,Dead
46931,Alive
46932,Dead
46933,Alive
46934,Dead
46935,Alive
46936,Dead
46937,Alive
46938,Dead
46939,Alive
46940,Dead
46941,Alive
46942,Dead
46943,Alive
46944,Dead
46945,Alive
46946,Dead
46947,Alive
46948,Dead
46949,Alive
46950,Dead
46951,Alive
46952,Dead
46953,Alive
46954,Dead
46955,Alive
46956,Dead
46957,Alive
46958,Dead
46959,Alive
46960,Dead
46961,Alive
46962,Dead
46963,Alive
46964,Dead
46965,Alive
46966,Dead
46967,Alive
46968,Dead
46969,Alive
46970,Dead
46971,Alive
46972,Dead
46973,Alive
46974,Dead
46975,Alive
46976,Dead
46977,Alive
46978,Dead
46979,Alive
46980,Dead
46981,Alive
46982,Dead
46983,Alive
46984,Dead
46985,Alive
46986,Dead
46987,Alive
46988,Dead
46989,Alive
46990,Dead
46991,Alive
46992,Dead
46993,Alive
46994,Dead
46995,Alive
46996,Dead
46997,Alive
46998,Dead
46999,Alive
47000,Dead
47001,Alive
47002,Dead
47003,Alive
47004,Dead
47005,Alive
47006,Dead
47007,Alive
47008,Dead
47009,Alive
47010,Dead
47011,Alive
47012,Dead
47013,Alive
47014,Dead
47015,Alive
47016,Dead
47017,Alive
47018,Dead
47019,Alive
47020,Dead
47021,Alive
47022,Dead
47023,Alive
47024,Dead
47025,Alive
47026,Dead
47027,Alive
47028,Dead
47029,Alive
47030,Dead
47031,Alive
47032,Dead
47033,Alive
47034,Dead
47035,Alive
47036,Dead
47037,Alive
47038,Dead
47039,Alive
47040,Dead
47041,Alive
47042,Dead
47043,Alive
47044,Dead
47045,Alive
47046,Dead
47047,Alive
47048,Dead
47049,Alive
47050,Dead
47051,Alive
47052,Dead
47053,Alive
47054,Dead
47055,Alive
47056,Dead
47057,Alive
47058,Dead
47059,Alive
47060,Dead
47061,Alive
47062,Dead
47063,Alive
47064,Dead
47065,Alive
47066,Dead
47067,Alive
47068,Dead
47069,Alive
47070,Dead
47071,Alive
47072,Dead
47073,Alive
47074,Dead
47075,Alive
47076,Dead
47077,Alive
47078,Dead
47079,Alive
47080,Dead
47081,Alive
47082,Dead
47083,Alive
47084,Dead
47085,Alive
47086,Dead
47087,Alive
47088,Dead
47089,Alive
47090,Dead
47091,Alive
47092,Dead
47093,Alive
47094,Dead
47095,Alive
47096,Dead
47097,Alive
47098,Dead
47099,Alive
47100,Dead
47101,Alive
47102,Dead
47103,Alive
47104,Dead
47105,Alive
47106,Dead
47107,Alive
47108,Dead
47109,Alive
47110,Dead
47111,Alive
47112,Dead
47113,Alive
47114,Dead
47115,Alive
47116,Dead
47117,Alive
47118,Dead
47119,Alive
47120,Dead
47121,Alive
47122,Dead
47123,Alive
47124,Dead
47125,Alive
47126,Dead
47127,Alive
47128,Dead
47129,Alive
47130,Dead
47131,Alive
47132,Dead
47133,Alive
47134,Dead
47135,Alive
47136,Dead
47137,Alive
47138,Dead
47139,Alive
47140,Dead
47141,Alive
47142,Dead
47143,Alive
47144,Dead
47145,Alive
47146,Dead
47147,Alive
47148,Dead
47149,Alive
47150,Dead
47151,Alive
47152,Dead
47153,Alive
47154,Dead
47155,Alive
47156,Dead
47157,Alive
47158,Dead
47159,Alive
47160,Dead
47161,Alive
47162,Dead
47163,Alive
47164,Dead
47165,Alive
47166,Dead
47167,Alive
47168,Dead
47169,Alive
47170,Dead
47171,Alive
47172,Dead
47173,Alive
47174,Dead
47175,Alive
47176,Dead
47177,Alive
47178,Dead
47179,Alive
47180,Dead
47181,Alive
47182,Dead
47183,Alive
47184,Dead
47185,Alive
47186,Dead
47187,Alive
47188,Dead
47189,Alive
47190,Dead
47191,Alive
47192,Dead
47193,Alive
47194,Dead
47195,Alive
47196,Dead
47197,Alive
47198,Dead
47199,Alive
47200,Dead
47201,Alive
47202,Dead
47203,Alive
47204,Dead
47205,Alive
47206,Dead
47207,Alive
47208,Dead
47209,Alive
47210,Dead
47211,Alive
47212,Dead
47213,Alive
47214,Dead
47215,Alive
47216,Dead
47217,Alive
47218,Dead
47219,Alive
47220,Dead
47221,Alive
47222,Dead
47223,Alive
47224,Dead
47225,Alive
47226,Dead
47227,Alive
47228,Dead
47229,Alive
47230,Dead
47231,Alive
47232,Dead
47233,Alive
47234,Dead
47235,Alive
47236,Dead
47237,Alive
47238,Dead
47239,Alive
47240,Dead
47241,Alive
47242,Dead
47243,Alive
47244,Dead
47245,Alive
47246,Dead
47247,Alive
47248,Dead
47249,Alive
47250,Dead
47251,Alive
47252,Dead
47253,Alive
47254,Dead
47255,Alive
47256,Dead
47257,Alive
47258,Dead
47259,Alive
47260,Dead
47261,Alive
47262,Dead
47263,Alive
47264,Dead
47265,Alive
47266,Dead
47267,Alive
47268,Dead
47269,Alive
47270,Dead
47271,Alive
47272,Dead
47273,Alive
47274,Dead
47275,Alive
47276,Dead
47277,Alive
47278,Dead
47279,Alive
47280,Dead
47281,Alive
47282,Dead
47283,Alive
47284,Dead
47285,Alive
47286,Dead
47287,Alive
47288,Dead
47289,Alive
47290,Dead
47291,Alive
47292,Dead
47293,Alive
47294,Dead
47295,Alive
47296,Dead
47297,Alive
47298,Dead
47299,Alive
47300,Dead
47301,Alive
47302,Dead
47303,Alive
47304,Dead
47305,Alive
47306,Dead
47307,Alive
47308,Dead
47309,Alive
47310,Dead
47311,Alive
47312,Dead
47313,Alive
47314,Dead
47315,Alive
47316,Dead
47317,Alive
47318,Dead
47319,Alive
47320,Dead
47321,Alive
47322,Dead
47323,Alive
47324,Dead
47325,Alive
47326,Dead
47327,Alive
47328,Dead
47329,Alive
47330,Dead
47331,Alive
47332,Dead
47333,Alive
47334,Dead
47335,Alive
47336,Dead
47337,Alive
47338,Dead
47339,Alive
47340,Dead
47341,Alive
47342,Dead
47343,Alive
47344,Dead
47345,Alive
47346,Dead
47347,Alive
47348,Dead
47349,Alive
47350,Dead
47351,Alive
47352,Dead
47353,Alive
47354,Dead
47355,Alive
47356,Dead
47357,Alive
47358,Dead
47359,Alive
47360,Dead
47361,Alive
47362,Dead
47363,Alive
47364,Dead
47365,Alive
47366,Dead
47367,Alive
47368,Dead
47369,Alive
47370,Dead
47371,Alive
47372,Dead
47373,Alive
47374,Dead
47375,Alive
47376,Dead
47377,Alive
47378,Dead
47379,Alive
47380,Dead
47381,Alive
47382,Dead
47383,Alive
47384,Dead
47385,Alive
47386,Dead
47387,Alive
47388,Dead
47389,Alive
47390,Dead
47391,Alive
47392,Dead
47393,Alive
47394,Dead
47395,Alive
47396,Dead
47397,Alive
47398,Dead
47399,Alive
47400,Dead
47401,Alive
47402,Dead
47403,Alive
47404,Dead
47405,Alive
47406,Dead
47407,Alive
47408,Dead
47409,Alive
47410,Dead
47411,Alive
47412,Dead
47413,Alive
47414,Dead
47415,Alive
47416,Dead
47417,Alive
47418,Dead
47419,Alive
47420,Dead
47421,Alive
47422,Dead
47423,Alive
47424,Dead
47425,Alive
47426,Dead
47427,Alive
47428,Dead
47429,Alive
47430,Dead
47431,Alive
47432,Dead
47433,Alive
47434,Dead
47435,Alive
47436,Dead
47437,Alive
47438,Dead
47439,Alive
47440,Dead
47441,Alive
47442,Dead
47443,Alive
47444,Dead
47445,Alive
47446,Dead
47447,Alive
47448,Dead
47449,Alive
47450,Dead
47451,Alive
47452,Dead
47453,Alive
47454,Dead
47455,Alive
47456,Dead
47457,Alive
47458,Dead
47459,Alive
47460,Dead
47461,Alive
47462,Dead
47463,Alive
47464,Dead
47465,Alive
47466,Dead
47467,Alive
47468,Dead
47469,Alive
47470,Dead
47471,Alive
47472,Dead
47473,Alive
47474,Dead
47475,Alive
47476,Dead
47477,Alive
47478,Dead
47479,Alive
47480,Dead
47481,Alive
47482,Dead
47483,Alive
47484,Dead
47485,Alive
47486,Dead
47487,Alive
47488,Dead
47489,Alive
47490,Dead
47491,Alive
47492,Dead
47493,Alive
47494,Dead
47495,Alive
47496,Dead
47497,Alive
47498,Dead
47499,Alive
47500,Dead
47501,Alive
47502,Dead
47503,Alive
47504,Dead
47505,Alive
47506,Dead
47507,Alive
47508,Dead
47509,Alive
47510,Dead
47511,Alive
47512,Dead
47513,Alive
47514,Dead
47515,Alive
47516,Dead
47517,Alive
47518,Dead
47519,Alive
47520,Dead
47521,Alive
47522,Dead
47523,Alive
47524,Dead
47525,Alive
47526,Dead
47527,Alive
47528,Dead
47529,Alive
47530,Dead
47531,Alive
47532,Dead
47533,Alive
47534,Dead
47535,Alive
47536,Dead
47537,Alive
47538,Dead
47539,Alive
47540,Dead
47541,Alive
47542,Dead
47543,Alive
47544,Dead
47545,Alive
47546,Dead
47547,Alive
47548,Dead
47549,Alive
47550,Dead
47551,Alive
47552,Dead
47553,Alive
47554,Dead
47555,Alive
47556,Dead
47557,Alive
47558,Dead
47559,Alive
47560,Dead
47561,Alive
47562,Dead
47563,Alive
47564,Dead
47565,Alive
47566,Dead
47567,Alive
47568,Dead
47569,Alive
47570,Dead
47571,Alive
47572,Dead
47573,Alive
47574,Dead
47575,Alive
47576,Dead
47577,Alive
47578,Dead
47579,Alive
47580,Dead
47581,Alive
47582,Dead
47583,Alive
47584,Dead
47585,Alive
47586,Dead
47587,Alive
47588,Dead
47589,Alive
47590,Dead
47591,Alive
47592,Dead
47593,Alive
47594,Dead
47595,Alive
47596,Dead
47597,Alive
47598,Dead
47599,Alive
47600,Dead
47601,Alive
47602,Dead
47603,Alive
47604,Dead
47605,Alive
47606,Dead
47607,Alive
47608,Dead
47609,Alive
47610,Dead
47611,Alive
47612,Dead
47613,Alive
47614,Dead
47615,Alive
47616,Dead
47617,Alive
47618,Dead
47619,Alive
47620,Dead
47621,Alive
47622,Dead
47623,Alive
47624,Dead
47625,Alive
47626,Dead
47627,Alive
47628,Dead
47629,Alive
47630,Dead
47631,Alive
47632,Dead
47633,Alive
47634,Dead
47635,Alive
47636,Dead
47637,Alive
47638,Dead
47639,Alive
47640,Dead
47641,Alive
47642,Dead
47643,Alive
47644,Dead
47645,Alive
47646,Dead
47647,Alive
47648,Dead
47649,Alive
47650,Dead
47651,Alive
47652,Dead
47653,Alive
47654,Dead
47655,Alive
47656,Dead
47657,Alive
47658,Dead
47659,Alive
47660,Dead
47661,Alive
47662,Dead
47663,Alive
47664,Dead
47665,Alive
47666,Dead
47667,Alive
47668,Dead
47669,Alive
47670,Dead
47671,Alive
47672,Dead
47673,Alive
47674,Dead
47675,Alive
47676,Dead
47677,Alive
47678,Dead
47679,Alive
47680,Dead
47681,Alive
47682,Dead
47683,Alive
47684,Dead
47685,Alive
47686,Dead
47687,Alive
47688,Dead
47689,Alive
47690,Dead
47691,Alive
47692,Dead
47693,Alive
47694,Dead
47695,Alive
47696,Dead
47697,Alive
47698,Dead
47699,Alive
47700,Dead
47701,Alive
47702,Dead
47703,Alive
47704,Dead
47705,Alive
47706,Dead
47707,Alive
47708,Dead
47709,Alive
47710,Dead
47711,Alive
47712,Dead
47713,Alive
47714,Dead
47715,Alive
47716,Dead
47717,Alive
47718,Dead
47719,Alive
47720,Dead
47721,Alive
47722,Dead
47723,Alive
47724,Dead
47725,Alive
47726,Dead
47727,Alive
47728,Dead
47729,Alive
47730,Dead
47731,Alive
47732,Dead
47733,Alive
47734,Dead
47735,Alive
47736,Dead
47737,Alive
47738,Dead
47739,Alive
47740,Dead
47741,Alive
47742,Dead
47743,Alive
47744,Dead
47745,Alive
47746,Dead
47747,Alive
47748,Dead
47749,Alive
47750,Dead
47751,Alive
47752,Dead
47753,Alive
47754,Dead
47755,Alive
47756,Dead
47757,Alive
47758,Dead
47759,Alive
47760,Dead
47761,Alive
47762,Dead
47763,Alive
47764,Dead
47765,Alive
47766,Dead
47767,Alive
47768,Dead
47769,Alive
47770,Dead
47771,Alive
47772,Dead
47773,Alive
47774,Dead
47775,Alive
47776,Dead
47777,Alive
47778,Dead
47779,Alive
47780,Dead
47781,Alive
47782,Dead
47783,Alive
47784,Dead
47785,Alive
47786,Dead
47787,Alive
47788,Dead
47789,Alive
47790,Dead
47791,Alive
47792,Dead
47793,Alive
47794,Dead
47795,Alive
47796,Dead
47797,Alive
47798,Dead
47799,Alive
47800,Dead
47801,Alive
47802,Dead
47803,Alive
47804,Dead
47805,Alive
47806,Dead
47807,Alive
47808,Dead
47809,Alive
47810,Dead
47811,Alive
47812,Dead
47813,Alive
47814,Dead
47815,Alive
47816,Dead
47817,Alive
47818,Dead
47819,Alive
47820,Dead
47821,Alive
47822,Dead
47823,Alive
47824,Dead
47825,Alive
47826,Dead
47827,Alive
47828,Dead
47829,Alive
47830,Dead
47831,Alive
47832,Dead
47833,Alive
47834,Dead
47835,Alive
47836,Dead
47837,Alive
47838,Dead
47839,Alive
47840,Dead
47841,Alive
47842,Dead
47843,Alive
47844,Dead
47845,Alive
47846,Dead
47847,Alive
47848,Dead
47849,Alive
47850,Dead
47851,Alive
47852,Dead
47853,Alive
47854,Dead
47855,Alive
47856,Dead
47857,Alive
47858,Dead
47859,Alive
47860,Dead
47861,Alive
47862,Dead
47863,Alive
47864,Dead
47865,Alive
47866,Dead
47867,Alive
47868,Dead
47869,Alive
47870,Dead
47871,Alive
47872,Dead
47873,Alive
47874,Dead
47875,Alive
47876,Dead
47877,Alive
47878,Dead
47879,Alive
47880,Dead
47881,Alive
47882,Dead
47883,Alive
47884,Dead
47885,Alive
47886,Dead
47887,Alive
47888,Dead
47889,Alive
47890,Dead
47891,Alive
47892,Dead
47893,Alive
47894,Dead
47895,Alive
47896,Dead
47897,Alive
47898,Dead
47899,Alive
47900,Dead
47901,Alive
47902,Dead
47903,Alive
47904,Dead
47905,Alive
47906,Dead
47907,Alive
47908,Dead
47909,Alive
47910,Dead
47911,Alive
47912,Dead
47913,Alive
47914,Dead
47915,Alive
47916,Dead
47917,Alive
47918,Dead
47919,Alive
47920,Dead
47921,Alive
47922,Dead
47923,Alive
47924,Dead
47925,Alive
47926,Dead
47927,Alive
47928,Dead
47929,Alive
47930,Dead
47931,Alive
47932,Dead
47933,Alive
47934,Dead
47935,Alive
47936,Dead
47937,Alive
47938,Dead
47939,Alive
47940,Dead
47941,Alive
47942,Dead
47943,Alive
47944,Dead
47945,Alive
47946,Dead
47947,Alive
47948,Dead
47949,Alive
47950,Dead
47951,Alive
47952,Dead
47953,Alive
47954,Dead
47955,Alive
47956,Dead
47957,Alive
47958,Dead
47959,Alive
47960,Dead
47961,Alive
47962,Dead
47963,Alive
47964,Dead
47965,Alive
47966,Dead
47967,Alive
47968,Dead
47969,Alive
47970,Dead
47971,Alive
47972,Dead
47973,Alive
47974,Dead
47975,Alive
47976,Dead
47977,Alive
47978,Dead
47979,Alive
47980,Dead
47981,Alive
47982,Dead
47983,Alive
47984,Dead
47985,Alive
47986,Dead
47987,Alive
47988,Dead
47989,Alive
47990,Dead
47991,Alive
47992,Dead
47993,Alive
47994,Dead
47995,Alive
47996,Dead
47997,Alive
47998,Dead
47999,Alive
48000,Dead
48001,Alive
48002,Dead
48003,Alive
48004,Dead
48005,Alive
48006,Dead
48007,Alive
48008,Dead
48009,Alive
48010,Dead
48011,Alive
48012,Dead
48013,Alive
48014,Dead
48015,Alive
48016,Dead
48017,Alive
48018,Dead
48019,Alive
48020,Dead
48021,Alive
48022,Dead
48023,Alive
48024,Dead
48025,Alive
48026,Dead
48027,Alive
48028,Dead
48029,Alive
48030,Dead
48031,Alive
48032,Dead
48033,Alive
48034,Dead
48035,Alive
48036,Dead
48037,Alive
48038,Dead
48039,Alive
48040,Dead
48041,Alive
48042,Dead
48043,Alive
48044,Dead
48045,Alive
48046,Dead
48047,Alive
48048,Dead
48049,Alive
48050,Dead
48051,Alive
48052,Dead
48053,Alive
48054,Dead
48055,Alive
48056,Dead
48057,Alive
48058,Dead
48059,Alive
48060,Dead
48061,Alive
48062,Dead
48063,Alive
48064,Dead
48065,Alive
48066,Dead
48067,Alive
48068,Dead
48069,Alive
48070,Dead
48071,Alive
48072,Dead
48073,Alive
48074,Dead
48075,Alive
48076,Dead
48077,Alive
48078,Dead
48079,Alive
48080,Dead
48081,Alive
48082,Dead
48083,Alive
48084,Dead
48085,Alive
48086,Dead
48087,Alive
48088,Dead
48089,Alive
48090,Dead
48091,Alive
48092,Dead
48093,Alive
48094,Dead
48095,Alive
48096,Dead
48097,Alive
48098,Dead
48099,Alive
48100,Dead
48101,Alive
48102,Dead
48103,Alive
48104,Dead
48105,Alive
48106,Dead
48107,Alive
48108,Dead
48109,Alive
48110,Dead
48111,Alive
48112,Dead
48113,Alive
48114,Dead
48115,Alive
48116,Dead
48117,Alive
48118,Dead
48119,Alive
48120,Dead
48121,Alive
48122,Dead
48123,Alive
48124,Dead
48125,Alive
48126,Dead
48127,Alive
48128,Dead
48129,Alive
48130,Dead
48131,Alive
48132,Dead
48133,Alive
48134,Dead
48135,Alive
48136,Dead
48137,Alive
48138,Dead
48139,Alive
48140,Dead
48141,Alive
48142,Dead
48143,Alive
48144,Dead
48145,Alive
48146,Dead
48147,Alive
48148,Dead
48149,Alive
48150,Dead
48151,Alive
48152,Dead
48153,Alive
48154,Dead
48155,Alive
48156,Dead
48157,Alive
48158,Dead
48159,Alive
48160,Dead
48161,Alive
48162,Dead
48163,Alive
48164,Dead
48165,Alive
48166,Dead
48167,Alive
48168,Dead
48169,Alive
48170,Dead
48171,Alive
48172,Dead
48173,Alive
48174,Dead
48175,Alive
48176,Dead
48177,Alive
48178,Dead
48179,Alive
48180,Dead
48181,Alive
48182,Dead
48183,Alive
48184,Dead
48185,Alive
48186,Dead
48187,Alive
48188,Dead
48189,Alive
48190,Dead
48191,Alive
48192,Dead
48193,Alive
48194,Dead
48195,Alive
48196,Dead
48197,Alive
48198,Dead
48199,Alive
48200,Dead
48201,Alive
48202,Dead
48203,Alive
48204,Dead
48205,Alive
48206,Dead
48207,Alive
48208,Dead
48209,Alive
48210,Dead
48211,Alive
48212,Dead
48213,Alive
48214,Dead
48215,Alive
48216,Dead
48217,Alive
48218,Dead
48219,Alive
48220,Dead
48221,Alive
48222,Dead
48223,Alive
48224,Dead
48225,Alive
48226,Dead
48227,Alive
48228,Dead
48229,Alive
48230,Dead
48231,Alive
48232,Dead
48233,Alive
48234,Dead
48235,Alive
48236,Dead
48237,Alive
48238,Dead
48239,Alive
48240,Dead
48241,Alive
48242,Dead
48243,Alive
48244,Dead
48245,Alive
48246,Dead
48247,Alive
48248,Dead
48249,Alive
48250,Dead
48251,Alive
48252,Dead
48253,Alive
48254,Dead
48255,Alive
48256,Dead
48257,Alive
48258,Dead
48259,Alive
48260,Dead
48261,Alive
48262,Dead
48263,Alive
48264,Dead
48265,Alive
48266,Dead
48267,Alive
48268,Dead
48269,Alive
48270,Dead
48271,Alive
48272,Dead
48273,Alive
48274,Dead
48275,Alive
48276,Dead
48277,Alive
48278,Dead
48279,Alive
48280,Dead
48281,Alive
48282,Dead
48283,Alive
48284,Dead
48285,Alive
48286,Dead
48287,Alive
48288,Dead
48289,Alive
48290,Dead
48291,Alive
48292,Dead
48293,Alive
48294,Dead
48295,Alive
48296,Dead
48297,Alive
48298,Dead
48299,Alive
48300,Dead
48301,Alive
48302,Dead
48303,Alive
48304,Dead
48305,Alive
48306,Dead
48307,Alive
48308,Dead
48309,Alive
48310,Dead
48311,Alive
48312,Dead
48313,Alive
48314,Dead
48315,Alive
48316,Dead
48317,Alive
48318,Dead
48319,Alive
48320,Dead
48321,Alive
48322,Dead
48323,Alive
48324,Dead
48325,Alive
48326,Dead
48327,Alive
48328,Dead
48329,Alive
48330,Dead
48331,Alive
48332,Dead
48333,Alive
48334,Dead
48335,Alive
48336,Dead
48337,Alive
48338,Dead
48339,Alive
48340,Dead
48341,Alive
48342,Dead
48343,Alive
48344,Dead
48345,Alive
48346,Dead
48347,Alive
48348,Dead
48349,Alive
48350,Dead
48351,Alive
48352,Dead
48353,Alive
48354,Dead
48355,Alive
48356,Dead
48357,Alive
48358,Dead
48359,Alive
48360,Dead
48361,Alive
48362,Dead
48363,Alive
48364,Dead
48365,Alive
48366,Dead
48367,Alive
48368,Dead
48369,Alive
48370,Dead
48371,Alive
48372,Dead
48373,Alive
48374,Dead
48375,Alive
48376,Dead
48377,Alive
48378,Dead
48379,Alive
48380,Dead
48381,Alive
48382,Dead
48383,Alive
48384,Dead
48385,Alive
48386,Dead
48387,Alive
48388,Dead
48389,Alive
48390,Dead
48391,Alive
48392,Dead
48393,Alive
48394,Dead
48395,Alive
48396,Dead
48397,Alive
48398,Dead
48399,Alive
48400,Dead
48401,Alive
48402,Dead
48403,Alive
48404,Dead
48405,Alive
48406,Dead
48407,Alive
48408,Dead
48409,Alive
48410,Dead
48411,Alive
48412,Dead
48413,Alive
48414,Dead
48415,Alive
48416,Dead
48417,Alive
48418,Dead
48419,Alive
48420,Dead
48421,Alive
48422,Dead
48423,Alive
48424,Dead
48425,Alive
48426,Dead
48427,Alive
48428,Dead
48429,Alive
48430,Dead
48431,Alive
48432,Dead
48433,Alive
48434,Dead
48435,Alive
48436,Dead
48437,Alive
48438,Dead
48439,Alive
48440,Dead
48441,Alive
48442,Dead
48443,Alive
48444,Dead
48445,Alive
48446,Dead
48447,Alive
48448,Dead
48449,Alive
48450,Dead
48451,Alive
48452,Dead
48453,Alive
48454,Dead
48455,Alive
48456,Dead
48457,Alive
48458,Dead
48459,Alive
48460,Dead
48461,Alive
48462,Dead
48463,Alive
48464,Dead
48465,Alive
48466,Dead
48467,Alive
48468,Dead
48469,Alive
48470,Dead
48471,Alive
48472,Dead
48473,Alive
48474,Dead
48475,Alive
48476,Dead
48477,Alive
48478,Dead
48479,Alive
48480,Dead
48481,Alive
48482,Dead
48483,Alive
48484,Dead
48485,Alive
48486,Dead
48487,Alive
48488,Dead
48489,Alive
48490,Dead
48491,Alive
48492,Dead
48493,Alive
48494,Dead
48495,Alive
48496,Dead
48497,Alive
48498,Dead
48499,Alive
48500,Dead
48501,Alive
48502,Dead
48503,Alive
48504,Dead
48505,Alive
48506,Dead
48507,Alive
48508,Dead
48509,Alive
48510,Dead
48511,Alive
48512,Dead
48513,Alive
48514,Dead
48515,Alive
48516,Dead
48517,Alive
48518,Dead
48519,Alive
48520,Dead
48521,Alive
48522,Dead
48523,Alive
48524,Dead
48525,Alive
48526,Dead
48527,Alive
48528,Dead
48529,Alive
48530,Dead
48531,Alive
48532,Dead
48533,Alive
48534,Dead
48535,Alive
48536,Dead
48537,Alive
48538,Dead
48539,Alive
48540,Dead
48541,Alive
48542,Dead
48543,Alive
48544,Dead
48545,Alive
48546,Dead
48547,Alive
48548,Dead
48549,Alive
48550,Dead
48551,Alive
48552,Dead
48553,Alive
48554,Dead
48555,Alive
48556,Dead
48557,Alive
48558,Dead
48559,Alive
48560,Dead
48561,Alive
48562,Dead
48563,Alive
48564,Dead
48565,Alive
48566,Dead
48567,Alive
48568,Dead
48569,Alive
48570,Dead
48571,Alive
48572,Dead
48573,Alive
48574,Dead
48575,Alive
48576,Dead
48577,Alive
48578,Dead
48579,Alive
48580,Dead
48581,Alive
48582,Dead
48583,Alive
48584,Dead
48585,Alive
48586,Dead
48587,Alive
48588,Dead
48589,Alive
48590,Dead
48591,Alive
48592,Dead
48593,Alive
48594,Dead
48595,Alive
48596,Dead
48597,Alive
48598,Dead
48599,Alive
48600,Dead
48601,Alive
48602,Dead
48603,Alive
48604,Dead
48605,Alive
48606,Dead
48607,Alive
48608,Dead
48609,Alive
48610,Dead
48611,Alive
48612,Dead
48613,Alive
48614,Dead
48615,Alive
48616,Dead
48617,Alive
48618,Dead
48619,Alive
48620,Dead
48621,Alive
48622,Dead
48623,Alive
48624,Dead
48625,Alive
48626,Dead
48627,Alive
48628,Dead
48629,Alive
48630,Dead
48631,Alive
48632,Dead
48633,Alive
48634,Dead
48635,Alive
48636,Dead
48637,Alive
48638,Dead
48639,Alive
48640,Dead
48641,Alive
48642,Dead
48643,Alive
48644,Dead
48645,Alive
48646,Dead
48647,Alive
48648,Dead
48649,Alive
48650,Dead
48651,Alive
48652,Dead
48653,Alive
48654,Dead
48655,Alive
48656,Dead
48657,Alive
48658,Dead
48659,Alive
48660,Dead
48661,Alive
48662,Dead
48663,Alive
48664,Dead
48665,Alive
48666,Dead
48667,Alive
48668,Dead
48669,Alive
48670,Dead
48671,Alive
48672,Dead
48673,Alive
48674,Dead
48675,Alive
48676,Dead
48677,Alive
48678,Dead
48679,Alive
48680,Dead
48681,Alive
48682,Dead
48683,Alive
48684,Dead
48685,Alive
48686,Dead
48687,Alive
48688,Dead
48689,Alive
48690,Dead
48691,Alive
48692,Dead
48693,Alive
48694,Dead
48695,Alive
48696,Dead
48697,Alive
48698,Dead
48699,Alive
48700,Dead
48701,Alive
48702,Dead
48703,Alive
48704,Dead
48705,Alive
48706,Dead
48707,Alive
48708,Dead
48709,Alive
48710,Dead
48711,Alive
48712,Dead
48713,Alive
48714,Dead
48715,Alive
48716,Dead
48717,Alive
48718,Dead
48719,Alive
48720,Dead
48721,Alive
48722,Dead
48723,Alive
48724,Dead
48725,Alive
48726,Dead
48727,Alive
48728,Dead
48729,Alive
48730,Dead
48731,Alive
48732,Dead
48733,Alive
48734,Dead
48735,Alive
48736,Dead
48737,Alive
48738,Dead
48739,Alive
48740,Dead
48741,Alive
48742,Dead
48743,Alive
48744,Dead
48745,Alive
48746,Dead
48747,Alive
48748,Dead
48749,Alive
48750,Dead
48751,Alive
48752,Dead
48753,Alive
48754,Dead
48755,Alive
48756,Dead
48757,Alive
48758,Dead
48759,Alive
48760,Dead
48761,Alive
48762,Dead
48763,Alive
48764,Dead
48765,Alive
48766,Dead
48767,Alive
48768,Dead
48769,Alive
48770,Dead
48771,Alive
48772,Dead
48773,Alive
48774,Dead
48775,Alive
48776,Dead
48777,Alive
48778,Dead
48779,Alive
48780,Dead
48781,Alive
48782,Dead
48783,Alive
48784,Dead
48785,Alive
48786,Dead
48787,Alive
48788,Dead
48789,Alive
48790,Dead
48791,Alive
48792,Dead
48793,Alive
48794,Dead
48795,Alive
48796,Dead
48797,Alive
48798,Dead
48799,Alive
48800,Dead
48801,Alive
48802,Dead
48803,Alive
48804,Dead
48805,Alive
48806,Dead
48807,Alive
48808,Dead
48809,Alive
48810,Dead
48811,Alive
48812,Dead
48813,Alive
48814,Dead
48815,Alive
48816,Dead
48817,Alive
48818,Dead
48819,Alive
48820,Dead
48821,Alive
48822,Dead
48823,Alive
48824,Dead
48825,Alive
48826,Dead
48827,Alive
48828,Dead
48829,Alive
48830,Dead
48831,Alive
48832,Dead
48833,Alive
48834,Dead
48835,Alive
48836,Dead
48837,Alive
48838,Dead
48839,Alive
48840,Dead
48841,Alive
48842,Dead
48843,Alive
48844,Dead
48845,Alive
48846,Dead
48847,Alive
48848,Dead
48849,Alive
48850,Dead
48851,Alive
48852,Dead
48853,Alive
48854,Dead
48855,Alive
48856,Dead
48857,Alive
48858,Dead
48859,Alive
48860,Dead
48861,Alive
48862,Dead
48863,Alive
48864,Dead
48865,Alive
48866,Dead
48867,Alive
48868,Dead
48869,Alive
48870,Dead
48871,Alive
48872,Dead
48873,Alive
48874,Dead
48875,Alive
48876,Dead
48877,Alive
48878,Dead
48879,Alive
48880,Dead
48881,Alive
48882,Dead
48883,Alive
48884,Dead
48885,Alive
48886,Dead
48887,Alive
48888,Dead
48889,Alive
48890,Dead
48891,Alive
48892,Dead
48893,Alive
48894,Dead
48895,Alive
48896,Dead
48897,Alive
48898,Dead
48899,Alive
48900,Dead
48901,Alive
48902,Dead
48903,Alive
48904,Dead
48905,Alive
48906,Dead
48907,Alive
48908,Dead
48909,Alive
48910,Dead
48911,Alive
48912,Dead
48913,Alive
48914,Dead
48915,Alive
48916,Dead
48917,Alive
48918,Dead
48919,Alive
48920,Dead
48921,Alive
48922,Dead
48923,Alive
48924,Dead
48925,Alive
48926,Dead
48927,Alive
48928,Dead
48929,Alive
48930,Dead
48931,Alive
48932,Dead
48933,Alive
48934,Dead
48935,Alive
48936,Dead
48937,Alive
48938,Dead
48939,Alive
48940,Dead
48941,Alive
48942,Dead
48943,Alive
48944,Dead
48945,Alive
48946,Dead
48947,Alive
48948,Dead
48949,Alive
48950,Dead
48951,Alive
48952,Dead
48953,Alive
48954,Dead
48955,Alive
48956,Dead
48957,Alive
48958,Dead
48959,Alive
48960,Dead
48961,Alive
48962,Dead
48963,Alive
48964,Dead
48965,Alive
48966,Dead
48967,Alive
48968,Dead
48969,Alive
48970,Dead
48971,Alive
48972,Dead
48973,Alive
48974,Dead
48975,Alive
48976,Dead
48977,Alive
48978,Dead
48979,Alive
48980,Dead
48981,Alive
48982,Dead
48983,Alive
48984,Dead
48985,Alive
48986,Dead
48987,Alive
48988,Dead
48989,Alive
48990,Dead
48991,Alive
48992,Dead
48993,Alive
48994,Dead
48995,Alive
48996,Dead
48997,Alive
48998,Dead
48999,Alive
49000,Dead
49001,Alive
49002,Dead
49003,Alive
49004,Dead
49005,Alive
49006,Dead
49007,Alive
49008,Dead
49009,Alive
49010,Dead
49011,Alive
49012,Dead
49013,Alive
49014,Dead
49015,Alive
49016,Dead
49017,Alive
49018,Dead
49019,Alive
49020,Dead
49021,Alive
49022,Dead
49023,Alive
49024,Dead
49025,Alive
49026,Dead
49027,Alive
49028,Dead
49029,Alive
49030,Dead
49031,Alive
49032,Dead
49033,Alive
49034,Dead
49035,Alive
49036,Dead
49037,Alive
49038,Dead
49039,Alive
49040,Dead
49041,Alive
49042,Dead
49043,Alive
49044,Dead
49045,Alive
49046,Dead
49047,Alive
49048,Dead
49049,Alive
49050,Dead
49051,Alive
49052,Dead
49053,Alive
49054,Dead
49055,Alive
49056,Dead
49057,Alive
49058,Dead
49059,Alive
49060,Dead
49061,Alive
49062,Dead
49063,Alive
49064,Dead
49065,Alive
49066,Dead
49067,Alive
49068,Dead
49069,Alive
49070,Dead
49071,Alive
49072,Dead
49073,Alive
49074,Dead
49075,Alive
49076,Dead
49077,Alive
49078,Dead
49079,Alive
49080,Dead
49081,Alive
49082,Dead
49083,Alive
49084,Dead
49085,Alive
49086,Dead
49087,Alive
49088,Dead
49089,Alive
49090,Dead
49091,Alive
49092,Dead
49093,Alive
49094,Dead
49095,Alive
49096,Dead
49097,Alive
49098,Dead
49099,Alive
49100,Dead
49101,Alive
49102,Dead
49103,Alive
49104,Dead
49105,Alive
49106,Dead
49107,Alive
49108,Dead
49109,Alive
49110,Dead
49111,Alive
49112,Dead
49113,Alive
49114,Dead
49115,Alive
49116,Dead
49117,Alive
49118,Dead
49119,Alive
49120,Dead
49121,Alive
49122,Dead
49123,Alive
49124,Dead
49125,Alive
49126,Dead
49127,Alive
49128,Dead
49129,Alive
49130,Dead
49131,Alive
49132,Dead
49133,Alive
49134,Dead
49135,Alive
49136,Dead
49137,Alive
49138,Dead
49139,Alive
49140,Dead
49141,Alive
49142,Dead
49143,Alive
49144,Dead
49145,Alive
49146,Dead
49147,Alive
49148,Dead
49149,Alive
49150,Dead
49151,Alive
49152,Dead
49153,Alive
49154,Dead
49155,Alive
49156,Dead
49157,Alive
49158,Dead
49159,Alive
49160,Dead
49161,Alive
49162,Dead
49163,Alive
49164,Dead
49165,Alive
49166,Dead
49167,Alive
49168,Dead
49169,Alive
49170,Dead
49171,Alive
49172,Dead
49173,Alive
49174,Dead
49175,Alive
49176,Dead
49177,Alive
49178,Dead
49179,Alive
49180,Dead
49181,Alive
49182,Dead
49183,Alive
49184,Dead
49185,Alive
49186,Dead
49187,Alive
49188,Dead
49189,Alive
49190,Dead
49191,Alive
49192,Dead
49193,Alive
49194,Dead
49195,Alive
49196,Dead
49197,Alive
49198,Dead
49199,Alive
49200,Dead
49201,Alive
49202,Dead
49203,Alive
49204,Dead
49205,Alive
49206,Dead
49207,Alive
49208,Dead
49209,Alive
49210,Dead
49211,Alive
49212,Dead
49213,Alive
49214,Dead
49215,Alive
49216,Dead
49217,Alive
49218,Dead
49219,Alive
49220,Dead
49221,Alive
49222,Dead
49223,Alive
49224,Dead
49225,Alive
49226,Dead
49227,Alive
49228,Dead
49229,Alive
49230,Dead
49231,Alive
49232,Dead
49233,Alive
49234,Dead
49235,Alive
49236,Dead
49237,Alive
49238,Dead
49239,Alive
49240,Dead
49241,Alive
49242,Dead
49243,Alive
49244,Dead
49245,Alive
49246,Dead
49247,Alive
49248,Dead
49249,Alive
49250,Dead
49251,Alive
49252,Dead
49253,Alive
49254,Dead
49255,Alive
49256,Dead
49257,Alive
49258,Dead
49259,Alive
49260,Dead
49261,Alive
49262,Dead
49263,Alive
49264,Dead
49265,Alive
49266,Dead
49267,Alive
49268,Dead
49269,Alive
49270,Dead
49271,Alive
49272,Dead
49273,Alive
49274,Dead
49275,Alive
49276,Dead
49277,Alive
49278,Dead
49279,Alive
49280,Dead
49281,Alive
49282,Dead
49283,Alive
49284,Dead
49285,Alive
49286,Dead
49287,Alive
49288,Dead
49289,Alive
49290,Dead
49291,Alive
49292,Dead
49293,Alive
49294,Dead
49295,Alive
49296,Dead
49297,Alive
49298,Dead
49299,Alive
49300,Dead
49301,Alive
49302,Dead
49303,Alive
49304,Dead
49305,Alive
49306,Dead
49307,Alive
49308,Dead
49309,Alive
49310,Dead
49311,Alive
49312,Dead
49313,Alive
49314,Dead
49315,Alive
49316,Dead
49317,Alive
49318,Dead
49319,Alive
49320,Dead
49321,Alive
49322,Dead
49323,Alive
49324,Dead
49325,Alive
49326,Dead
49327,Alive
49328,Dead
49329,Alive
49330,Dead
49331,Alive
49332,Dead
49333,Alive
49334,Dead
49335,Alive
49336,Dead
49337,Alive
49338,Dead
49339,Alive
49340,Dead
49341,Alive
49342,Dead
49343,Alive
49344,Dead
49345,Alive
49346,Dead
49347,Alive
49348,Dead
49349,Alive
49350,Dead
49351,Alive
49352,Dead
49353,Alive
49354,Dead
49355,Alive
49356,Dead
49357,Alive
49358,Dead
49359,Alive
49360,Dead
49361,Alive
49362,Dead
49363,Alive
49364,Dead
49365,Alive
49366,Dead
49367,Alive
49368,Dead
49369,Alive
49370,Dead
49371,Alive
49372,Dead
49373,Alive
49374,Dead
49375,Alive
49376,Dead
49377,Alive
49378,Dead
49379,Alive
49380,Dead
49381,Alive
49382,Dead
49383,Alive
49384,Dead
49385,Alive
49386,Dead
49387,Alive
49388,Dead
49389,Alive
49390,Dead
49391,Alive
49392,Dead
49393,Alive
49394,Dead
49395,Alive
49396,Dead
49397,Alive
49398,Dead
49399,Alive
49400,Dead
49401,Alive
49402,Dead
49403,Alive
49404,Dead
49405,Alive
49406,Dead
49407,Alive
49408,Dead
49409,Alive
49410,Dead
49411,Alive
49412,Dead
49413,Alive
49414,Dead
49415,Alive
49416,Dead
49417,Alive
49418,Dead
49419,Alive
49420,Dead
49421,Alive
49422,Dead
49423,Alive
49424,Dead
49425,Alive
49426,Dead
49427,Alive
49428,Dead
49429,Alive
49430,Dead
49431,Alive
49432,Dead
49433,Alive
49434,Dead
49435,Alive
49436,Dead
49437,Alive
49438,Dead
49439,Alive
49440,Dead
49441,Alive
49442,Dead
49443,Alive
49444,Dead
49445,Alive
49446,Dead
49447,Alive
49448,Dead
49449,Alive
49450,Dead
49451,Alive
49452,Dead
49453,Alive
49454,Dead
49455,Alive
49456,Dead
49457,Alive
49458,Dead
49459,Alive
49460,Dead
49461,Alive
49462,Dead
49463,Alive
49464,Dead
49465,Alive
49466,Dead
49467,Alive
49468,Dead
49469,Alive
49470,Dead
49471,Alive
49472,Dead
49473,Alive
49474,Dead
49475,Alive
49476,Dead
49477,Alive
49478,Dead
49479,Alive
49480,Dead
49481,Alive
49482,Dead
49483,Alive
49484,Dead
49485,Alive
49486,Dead
49487,Alive
49488,Dead
49489,Alive
49490,Dead
49491,Alive
49492,Dead
49493,Alive
49494,Dead
49495,Alive
49496,Dead
49497,Alive
49498,Dead
49499,Alive
49500,Dead
49501,Alive
49502,Dead
49503,Alive
49504,Dead
49505,Alive
49506,Dead
49507,Alive
49508,Dead
49509,Alive
49510,Dead
49511,Alive
49512,Dead
49513,Alive
49514,Dead
49515,Alive
49516,Dead
49517,Alive
49518,Dead
49519,Alive
49520,Dead
49521,Alive
49522,Dead
49523,Alive
49524,Dead
49525,Alive
49526,Dead
49527,Alive
49528,Dead
49529,Alive
49530,Dead
49531,Alive
49532,Dead
49533,Alive
49534,Dead
49535,Alive
49536,Dead
49537,Alive
49538,Dead
49539,Alive
49540,Dead
49541,Alive
49542,Dead
49543,Alive
49544,Dead
49545,Alive
49546,Dead
49547,Alive
49548,Dead
49549,Alive
49550,Dead
49551,Alive
49552,Dead
49553,Alive
49554,Dead
49555,Alive
49556,Dead
49557,Alive
49558,Dead
49559,Alive
49560,Dead
49561,Alive
49562,Dead
49563,Alive
49564,Dead
49565,Alive
49566,Dead
49567,Alive
49568,Dead
49569,Alive
49570,Dead
49571,Alive
49572,Dead
49573,Alive
49574,Dead
49575,Alive
49576,Dead
49577,Alive
49578,Dead
49579,Alive
49580,Dead
49581,Alive
49582,Dead
49583,Alive
49584,Dead
49585,Alive
49586,Dead
49587,Alive
49588,Dead
49589,Alive
49590,Dead
49591,Alive
49592,Dead
49593,Alive
49594,Dead
49595,Alive
49596,Dead
49597,Alive
49598,Dead
49599,Alive
49600,Dead
49601,Alive
49602,Dead
49603,Alive
49604,Dead
49605,Alive
49606,Dead
49607,Alive
49608,Dead
49609,Alive
49610,Dead
49611,Alive
49612,Dead
49613,Alive
49614,Dead
49615,Alive
49616,Dead
49617,Alive
49618,Dead
49619,Alive
49620,Dead
49621,Alive
49622,Dead
49623,Alive
49624,Dead
49625,Alive
49626,Dead
49627,Alive
49628,Dead
49629,Alive
49630,Dead
49631,Alive
49632,Dead
49633,Alive
49634,Dead
49635,Alive
49636,Dead
49637,Alive
49638,Dead
49639,Alive
49640,Dead
49641,Alive
49642,Dead
49643,Alive
49644,Dead
49645,Alive
49646,Dead
49647,Alive
49648,Dead
49649,Alive
49650,Dead
49651,Alive
49652,Dead
49653,Alive
49654,Dead
49655,Alive
49656,Dead
49657,Alive
49658,Dead
49659,Alive
49660,Dead
49661,Alive
49662,Dead
49663,Alive
49664,Dead
49665,Alive
49666,Dead
49667,Alive
49668,Dead
49669,Alive
49670,Dead
49671,Alive
49672,Dead
49673,Alive
49674,Dead
49675,Alive
49676,Dead
49677,Alive
49678,Dead
49679,Alive
49680,Dead
49681,Alive
49682,Dead
49683,Alive
49684,Dead
49685,Alive
49686,Dead
49687,Alive
49688,Dead
49689,Alive
49690,Dead
49691,Alive
49692,Dead
49693,Alive
49694,Dead
49695,Alive
49696,Dead
49697,Alive
49698,Dead
49699,Alive
49700,Dead
49701,Alive
49702,Dead
49703,Alive
49704,Dead
49705,Alive
49706,Dead
49707,Alive
49708,Dead
49709,Alive
49710,Dead
49711,Alive
49712,Dead
49713,Alive
49714,Dead
49715,Alive
49716,Dead
49717,Alive
49718,Dead
49719,Alive
49720,Dead
49721,Alive
49722,Dead
49723,Alive
49724,Dead
49725,Alive
49726,Dead
49727,Alive
49728,Dead
49729,Alive
49730,Dead
49731,Alive
49732,Dead
49733,Alive
49734,Dead
49735,Alive
49736,Dead
49737,Alive
49738,Dead
49739,Alive
49740,Dead
49741,Alive
49742,Dead
49743,Alive
49744,Dead
49745,Alive
49746,Dead
49747,Alive
49748,Dead
49749,Alive
49750,Dead
49751,Alive
49752,Dead
49753,Alive
49754,Dead
49755,Alive
49756,Dead
49757,Alive
49758,Dead
49759,Alive
49760,Dead
49761,Alive
49762,Dead
49763,Alive
49764,Dead
49765,Alive
49766,Dead
49767,Alive
49768,Dead
49769,Alive
49770,Dead
49771,Alive
49772,Dead
49773,Alive
49774,Dead
49775,Alive
49776,Dead
49777,Alive
49778,Dead
49779,Alive
49780,Dead
49781,Alive
49782,Dead
49783,Alive
49784,Dead
49785,Alive
49786,Dead
49787,Alive
49788,Dead
49789,Alive
49790,Dead
49791,Alive
49792,Dead
49793,Alive
49794,Dead
49795,Alive
49796,Dead
49797,Alive
49798,Dead
49799,Alive
49800,Dead
49801,Alive
49802,Dead
49803,Alive
49804,Dead
49805,Alive
49806,Dead
49807,Alive
49808,Dead
49809,Alive
49810,Dead
49811,Alive
49812,Dead
49813,Alive
49814,Dead
49815,Alive
49816,Dead
49817,Alive
49818,Dead
49819,Alive
49820,Dead
49821,Alive
49822,Dead
49823,Alive
49824,Dead
49825,Alive
49826,Dead
49827,Alive
49828,Dead
49829,Alive
49830,Dead
49831,Alive
49832,Dead
49833,Alive
49834,Dead
49835,Alive
49836,Dead
49837,Alive
49838,Dead
49839,Alive
49840,Dead
49841,Alive
49842,Dead
49843,Alive
49844,Dead
49845,Alive
49846,Dead
49847,Alive
49848,Dead
49849,Alive
49850,Dead
49851,Alive
49852,Dead
49853,Alive
49854,Dead
49855,Alive
49856,Dead
49857,Alive
49858,Dead
49859,Alive
49860,Dead
49861,Alive
49862,Dead
49863,Alive
49864,Dead
49865,Alive
49866,Dead
49867,Alive
49868,Dead
49869,Alive
49870,Dead
49871,Alive
49872,Dead
49873,Alive
49874,Dead
49875,Alive
49876,Dead
49877,Alive
49878,Dead
49879,Alive
49880,Dead
49881,Alive
49882,Dead
49883,Alive
49884,Dead
49885,Alive
49886,Dead
49887,Alive
49888,Dead
49889,Alive
49890,Dead
49891,Alive
49892,Dead
49893,Alive
49894,Dead
49895,Alive
49896,Dead
49897,Alive
49898,Dead
49899,Alive
49900,Dead
49901,Alive
49902,Dead
49903,Alive
49904,Dead
49905,Alive
49906,Dead
49907,Alive
49908,Dead
49909,Alive
49910,Dead
49911,Alive
49912,Dead
49913,Alive
49914,Dead
49915,Alive
49916,Dead
49917,Alive
49918,Dead
49919,Alive
49920,Dead
49921,Alive
49922,Dead
49923,Alive
49924,Dead
49925,Alive
49926,Dead
49927,Alive
49928,Dead
49929,Alive
49930,Dead
49931,Alive
49932,Dead
49933,Alive
49934,Dead
49935,Alive
49936,Dead
49937,Alive
49938,Dead
49939,Alive
49940,Dead
49941,Alive
49942,Dead
49943,Alive
49944,Dead
49945,Alive
49946,Dead
49947,Alive
49948,Dead
49949,Alive
49950,Dead
49951,Alive
49952,Dead
49953,Alive
49954,Dead
49955,Alive
49956,Dead
49957,Alive
49958,Dead
49959,Alive
49960,Dead
49961,Alive
49962,Dead
49963,Alive
49964,Dead
49965,Alive
49966,Dead
49967,Alive
49968,Dead
49969,Alive
49970,Dead
49971,Alive
49972,Dead
49973,Alive
49974,Dead
49975,Alive
49976,Dead
49977,Alive
49978,Dead
49979,Alive
49980,Dead
49981,Alive
49982,Dead
49983,Alive
49984,Dead
49985,Alive
49986,Dead
49987,Alive
49988,Dead
49989,Alive
49990,Dead
49991,Alive
49992,Dead
49993,Alive
49994,Dead
49995,Alive
49996,Dead
49997,Alive
49998,Dead
49999,Alive
50000,Dead
50001,Alive
50002,Dead
50003,Alive
50004,Dead
50005,Alive
50006,Dead
50007,Alive
50008,Dead
50009,Alive
50010,Dead
50011,Alive
50012,Dead
50013,Alive
50014,Dead
50015,Alive
50016,Dead
50017,Alive
50018,Dead
50019,Alive
50020,Dead
50021,Alive
50022,Dead
50023,Alive
50024,Dead
50025,Alive
50026,Dead
50027,Alive
50028,Dead
50029,Alive
50030,Dead
50031,Alive
50032,Dead
50033,Alive
50034,Dead
50035,Alive
50036,Dead
50037,Alive
50038,Dead
50039,Alive
50040,Dead
50041,Alive
50042,Dead
50043,Alive
50044,Dead
50045,Alive
50046,Dead
50047,Alive
50048,Dead
50049,Alive
50050,Dead
50051,Alive
50052,Dead
50053,Alive
50054,Dead
50055,Alive
50056,Dead
50057,Alive
50058,Dead
50059,Alive
50060,Dead
50061,Alive
50062,Dead
50063,Alive
50064,Dead
50065,Alive
50066,Dead
50067,Alive
50068,Dead
50069,Alive
50070,Dead
50071,Alive
50072,Dead
50073,Alive
50074,Dead
50075,Alive
50076,Dead
50077,Alive
50078,Dead
50079,Alive
50080,Dead
50081,Alive
50082,Dead
50083,Alive
50084,Dead
50085,Alive
50086,Dead
50087,Alive
50088,Dead
50089,Alive
50090,Dead
50091,Alive
50092,Dead
50093,Alive
50094,Dead
50095,Alive
50096,Dead
50097,Alive
50098,Dead
50099,Alive
50100,Dead
50101,Alive
50102,Dead
50103,Alive
50104,Dead
50105,Alive
50106,Dead
50107,Alive
50108,Dead
50109,Alive
50110,Dead
50111,Alive
50112,Dead
50113,Alive
50114,Dead
50115,Alive
50116,Dead
50117,Alive
50118,Dead
50119,Alive
50120,Dead
50121,Alive
50122,Dead
50123,Alive
50124,Dead
50125,Alive
50126,Dead
50127,Alive
50128,Dead
50129,Alive
50130,Dead
50131,Alive
50132,Dead
50133,Alive
50134,Dead
50135,Alive
50136,Dead
50137,Alive
50138,Dead
50139,Alive
50140,Dead
50141,Alive
50142,Dead
50143,Alive
50144,Dead
50145,Alive
50146,Dead
50147,Alive
50148,Dead
50149,Alive
50150,Dead
50151,Alive
50152,Dead
50153,Alive
50154,Dead
50155,Alive
50156,Dead
50157,Alive
50158,Dead
50159,Alive
50160,Dead
50161,Alive
50162,Dead
50163,Alive
50164,Dead
50165,Alive
50166,Dead
50167,Alive
50168,Dead
50169,Alive
50170,Dead
50171,Alive
50172,Dead
50173,Alive
50174,Dead
50175,Alive
50176,Dead
50177,Alive
50178,Dead
50179,Alive
50180,Dead
50181,Alive
50182,Dead
50183,Alive
50184,Dead
50185,Alive
50186,Dead
50187,Alive
50188,Dead
50189,Alive
50190,Dead
50191,Alive
50192,Dead
50193,Alive
50194,Dead
50195,Alive
50196,Dead
50197,Alive
50198,Dead
50199,Alive
50200,Dead
50201,Alive
50202,Dead
50203,Alive
50204,Dead
50205,Alive
50206,Dead
50207,Alive
50208,Dead
50209,Alive
50210,Dead
50211,Alive
50212,Dead
50213,Alive
50214,Dead
50215,Alive
50216,Dead
50217,Alive
50218,Dead
50219,Alive
50220,Dead
50221,Alive
50222,Dead
50223,Alive
50224,Dead
50225,Alive
50226,Dead
50227,Alive
50228,Dead
50229,Alive
50230,Dead
50231,Alive
50232,Dead
50233,Alive
50234,Dead
50235,Alive
50236,Dead
50237,Alive
50238,Dead
50239,Alive
50240,Dead
50241,Alive
50242,Dead
50243,Alive
50244,Dead
50245,Alive
50246,Dead
50247,Alive
50248,Dead
50249,Alive
50250,Dead
50251,Alive
50252,Dead
50253,Alive
50254,Dead
50255,Alive
50256,Dead
50257,Alive
50258,Dead
50259,Alive
50260,Dead
50261,Alive
50262,Dead
50263,Alive
50264,Dead
50265,Alive
50266,Dead
50267,Alive
50268,Dead
50269,Alive
50270,Dead
50271,Alive
50272,Dead
50273,Alive
50274,Dead
50275,Alive
50276,Dead
50277,Alive
50278,Dead
50279,Alive
50280,Dead
50281,Alive
50282,Dead
50283,Alive
50284,Dead
50285,Alive
50286,Dead
50287,Alive
50288,Dead
50289,Alive
50290,Dead
50291,Alive
50292,Dead
50293,Alive
50294,Dead
50295,Alive
50296,Dead
50297,Alive
50298,Dead
50299,Alive
50300,Dead
50301,Alive
50302,Dead
50303,Alive
50304,Dead
50305,Alive
50306,Dead
50307,Alive
50308,Dead
50309,Alive
50310,Dead
50311,Alive
50312,Dead
50313,Alive
50314,Dead
50315,Alive
50316,Dead
50317,Alive
50318,Dead
50319,Alive
50320,Dead
50321,Alive
50322,Dead
50323,Alive
50324,Dead
50325,Alive
50326,Dead
50327,Alive
50328,Dead
50329,Alive
50330,Dead
50331,Alive
50332,Dead
50333,Alive
50334,Dead
50335,Alive
50336,Dead
50337,Alive
50338,Dead
50339,Alive
50340,Dead
50341,Alive
50342,Dead
50343,Alive
50344,Dead
50345,Alive
50346,Dead
50347,Alive
50348,Dead
50349,Alive
50350,Dead
50351,Alive
50352,Dead
50353,Alive
50354,Dead
50355,Alive
50356,Dead
50357,Alive
50358,Dead
50359,Alive
50360,Dead
50361,Alive
50362,Dead
50363,Alive
50364,Dead
50365,Alive
50366,Dead
50367,Alive
50368,Dead
50369,Alive
50370,Dead
50371,Alive
50372,Dead
50373,Alive
50374,Dead
50375,Alive
50376,Dead
50377,Alive
50378,Dead
50379,Alive
50380,Dead
50381,Alive
50382,Dead
50383,Alive
50384,Dead
50385,Alive
50386,Dead
50387,Alive
50388,Dead
50389,Alive
50390,Dead
50391,Alive
50392,Dead
50393,Alive
50394,Dead
50395,Alive
50396,Dead
50397,Alive
50398,Dead
50399,Alive
50400,Dead
50401,Alive
50402,Dead
50403,Alive
50404,Dead
50405,Alive
50406,Dead
50407,Alive
50408,Dead
50409,Alive
50410,Dead
50411,Alive
50412,Dead
50413,Alive
50414,Dead
50415,Alive
50416,Dead
50417,Alive
50418,Dead
50419,Alive
50420,Dead
50421,Alive
50422,Dead
50423,Alive
50424,Dead
50425,Alive
50426,Dead
50427,Alive
50428,Dead
50429,Alive
50430,Dead
50431,Alive
50432,Dead
50433,Alive
50434,Dead
50435,Alive
50436,Dead
50437,Alive
50438,Dead
50439,Alive
50440,Dead
50441,Alive
50442,Dead
50443,Alive
50444,Dead
50445,Alive
50446,Dead
50447,Alive
50448,Dead
50449,Alive
50450,Dead
50451,Alive
50452,Dead
50453,Alive
50454,Dead
50455,Alive
50456,Dead
50457,Alive
50458,Dead
50459,Alive
50460,Dead
50461,Alive
50462,Dead
50463,Alive
50464,Dead
50465,Alive
50466,Dead
50467,Alive
50468,Dead
50469,Alive
50470,Dead
50471,Alive
50472,Dead
50473,Alive
50474,Dead
50475,Alive
50476,Dead
50477,Alive
50478,Dead
50479,Alive
50480,Dead
50481,Alive
50482,Dead
50483,Alive
50484,Dead
50485,Alive
50486,Dead
50487,Alive
50488,Dead
50489,Alive
50490,Dead
50491,Alive
50492,Dead
50493,Alive
50494,Dead
50495,Alive
50496,Dead
50497,Alive
50498,Dead
50499,Alive
50500,Dead
50501,Alive
50502,Dead
50503,Alive
50504,Dead
50505,Alive
50506,Dead
50507,Alive
50508,Dead
50509,Alive
50510,Dead
50511,Alive
50512,Dead
50513,Alive
50514,Dead
50515,Alive
50516,Dead
50517,Alive
50518,Dead
50519,Alive
50520,Dead
50521,Alive
50522,Dead
50523,Alive
50524,Dead
50525,Alive
50526,Dead
50527,Alive
50528,Dead
50529,Alive
50530,Dead
50531,Alive
50532,Dead
50533,Alive
50534,Dead
50535,Alive
50536,Dead
50537,Alive
50538,Dead
50539,Alive
50540,Dead
50541,Alive
50542,Dead
50543,Alive
50544,Dead
50545,Alive
50546,Dead
50547,Alive
50548,Dead
50549,Alive
50550,Dead
50551,Alive
50552,Dead
50553,Alive
50554,Dead
50555,Alive
50556,Dead
50557,Alive
50558,Dead
50559,Alive
50560,Dead
50561,Alive
50562,Dead
50563,Alive
50564,Dead
50565,Alive
50566,Dead
50567,Alive
50568,Dead
50569,Alive
50570,Dead
50571,Alive
50572,Dead
50573,Alive
50574,Dead
50575,Alive
50576,Dead
50577,Alive
50578,Dead
50579,Alive
50580,Dead
50581,Alive
50582,Dead
50583,Alive
50584,Dead
50585,Alive
50586,Dead
50587,Alive
50588,Dead
50589,Alive
50590,Dead
50591,Alive
50592,Dead
50593,Alive
50594,Dead
50595,Alive
50596,Dead
50597,Alive
50598,Dead
50599,Alive
50600,Dead
50601,Alive
50602,Dead
50603,Alive
50604,Dead
50605,Alive
50606,Dead
50607,Alive
50608,Dead
50609,Alive
50610,Dead
50611,Alive
50612,Dead
50613,Alive
50614,Dead
50615,Alive
50616,Dead
50617,Alive
50618,Dead
50619,Alive
50620,Dead
50621,Alive
50622,Dead
50623,Alive
50624,Dead
50625,Alive
50626,Dead
50627,Alive
50628,Dead
50629,Alive
50630,Dead
50631,Alive
50632,Dead
50633,Alive
50634,Dead
50635,Alive
50636,Dead
50637,Alive
50638,Dead
50639,Alive
50640,Dead
50641,Alive
50642,Dead
50643,Alive
50644,Dead
50645,Alive
50646,Dead
50647,Alive
50648,Dead
50649,Alive
50650,Dead
50651,Alive
50652,Dead
50653,Alive
50654,Dead
50655,Alive
50656,Dead
50657,Alive
50658,Dead
50659,Alive
50660,Dead
50661,Alive
50662,Dead
50663,Alive
50664,Dead
50665,Alive
50666,Dead
50667,Alive
50668,Dead
50669,Alive
50670,Dead
50671,Alive
50672,Dead
50673,Alive
50674,Dead
50675,Alive
50676,Dead
50677,Alive
50678,Dead
50679,Alive
50680,Dead
50681,Alive
50682,Dead
50683,Alive
50684,Dead
50685,Alive
50686,Dead
50687,Alive
50688,Dead
50689,Alive
50690,Dead
50691,Alive
50692,Dead
50693,Alive
50694,Dead
50695,Alive
50696,Dead
50697,Alive
50698,Dead
50699,Alive
50700,Dead
50701,Alive
50702,Dead
50703,Alive
50704,Dead
50705,Alive
50706,Dead
50707,Alive
50708,Dead
50709,Alive
50710,Dead
50711,Alive
50712,Dead
50713,Alive
50714,Dead
50715,Alive
50716,Dead
50717,Alive
50718,Dead
50719,Alive
50720,Dead
50721,Alive
50722,Dead
50723,Alive
50724,Dead
50725,Alive
50726,Dead
50727,Alive
50728,Dead
50729,Alive
50730,Dead
50731,Alive
50732,Dead
50733,Alive
50734,Dead
50735,Alive
50736,Dead
50737,Alive
50738,Dead
50739,Alive
50740,Dead
50741,Alive
50742,Dead
50743,Alive
50744,Dead
50745,Alive
50746,Dead
50747,Alive
50748,Dead
50749,Alive
50750,Dead
50751,Alive
50752,Dead
50753,Alive
50754,Dead
50755,Alive
50756,Dead
50757,Alive
50758,Dead
50759,Alive
50760,Dead
50761,Alive
50762,Dead
50763,Alive
50764,Dead
50765,Alive
50766,Dead
50767,Alive
50768,Dead
50769,Alive
50770,Dead
50771,Alive
50772,Dead
50773,Alive
50774,Dead
50775,Alive
50776,Dead
50777,Alive
50778,Dead
50779,Alive
50780,Dead
50781,Alive
50782,Dead
50783,Alive
50784,Dead
50785,Alive
50786,Dead
50787,Alive
50788,Dead
50789,Alive
50790,Dead
50791,Alive
50792,Dead
50793,Alive
50794,Dead
50795,Alive
50796,Dead
50797,Alive
50798,Dead
50799,Alive
50800,Dead
50801,Alive
50802,Dead
50803,Alive
50804,Dead
50805,Alive
50806,Dead
50807,Alive
50808,Dead
50809,Alive
50810,Dead
50811,Alive
50812,Dead
50813,Alive
50814,Dead
50815,Alive
50816,Dead
50817,Alive
50818,Dead
50819,Alive
50820,Dead
50821,Alive
50822,Dead
50823,Alive
50824,Dead
50825,Alive
50826,Dead
50827,Alive
50828,Dead
50829,Alive
50830,Dead
50831,Alive
50832,Dead
50833,Alive
50834,Dead
50835,Alive
50836,Dead
50837,Alive
50838,Dead
50839,Alive
50840,Dead
50841,Alive
50842,Dead
50843,Alive
50844,Dead
50845,Alive
50846,Dead
50847,Alive
50848,Dead
50849,Alive
50850,Dead
50851,Alive
50852,Dead
50853,Alive
50854,Dead
50855,Alive
50856,Dead
50857,Alive
50858,Dead
50859,Alive
50860,Dead
50861,Alive
50862,Dead
50863,Alive
50864,Dead
50865,Alive
50866,Dead
50867,Alive
50868,Dead
50869,Alive
50870,Dead
50871,Alive
50872,Dead
50873,Alive
50874,Dead
50875,Alive
50876,Dead
50877,Alive
50878,Dead
50879,Alive
50880,Dead
50881,Alive
50882,Dead
50883,Alive
50884,Dead
50885,Alive
50886,Dead
50887,Alive
50888,Dead
50889,Alive
50890,Dead
50891,Alive
50892,Dead
50893,Alive
50894,Dead
50895,Alive
50896,Dead
50897,Alive
50898,Dead
50899,Alive
50900,Dead
50901,Alive
50902,Dead
50903,Alive
50904,Dead
50905,Alive
50906,Dead
50907,Alive
50908,Dead
50909,Alive
50910,Dead
50911,Alive
50912,Dead
50913,Alive
50914,Dead
50915,Alive
50916,Dead
50917,Alive
50918,Dead
50919,Alive
50920,Dead
50921,Alive
50922,Dead
50923,Alive
50924,Dead
50925,Alive
50926,Dead
50927,Alive
50928,Dead
50929,Alive
50930,Dead
50931,Alive
50932,Dead
50933,Alive
50934,Dead
50935,Alive
50936,Dead
50937,Alive
50938,Dead
50939,Alive
50940,Dead
50941,Alive
50942,Dead
50943,Alive
50944,Dead
50945,Alive
50946,Dead
50947,Alive
50948,Dead
50949,Alive
50950,Dead
50951,Alive
50952,Dead
50953,Alive
50954,Dead
50955,Alive
50956,Dead
50957,Alive
50958,Dead
50959,Alive
50960,Dead
50961,Alive
50962,Dead
50963,Alive
50964,Dead
50965,Alive
50966,Dead
50967,Alive
50968,Dead
50969,Alive
50970,Dead
50971,Alive
50972,Dead
50973,Alive
50974,Dead
50975,Alive
50976,Dead
50977,Alive
50978,Dead
50979,Alive
50980,Dead
50981,Alive
50982,Dead
50983,Alive
50984,Dead
50985,Alive
50986,Dead
50987,Alive
50988,Dead
50989,Alive
50990,Dead
50991,Alive
50992,Dead
50993,Alive
50994,Dead
50995,Alive
50996,Dead
50997,Alive
50998,Dead
50999,Alive
51000,Dead
51001,Alive
51002,Dead
51003,Alive
51004,Dead
51005,Alive
51006,Dead
51007,Alive
51008,Dead
51009,Alive
51010,Dead
51011,Alive
51012,Dead
51013,Alive
51014,Dead
51015,Alive
51016,Dead
51017,Alive
51018,Dead
51019,Alive
51020,Dead
51021,Alive
51022,Dead
51023,Alive
51024,Dead
51025,Alive
51026,Dead
51027,Alive
51028,Dead
51029,Alive
51030,Dead
51031,Alive
51032,Dead
51033,Alive
51034,Dead
51035,Alive
51036,Dead
51037,Alive
51038,Dead
51039,Alive
51040,Dead
51041,Alive
51042,Dead
51043,Alive
51044,Dead
51045,Alive
51046,Dead
51047,Alive
51048,Dead
51049,Alive
51050,Dead
51051,Alive
51052,Dead
51053,Alive
51054,Dead
51055,Alive
51056,Dead
51057,Alive
51058,Dead
51059,Alive
51060,Dead
51061,Alive
51062,Dead
51063,Alive
51064,Dead
51065,Alive
51066,Dead
51067,Alive
51068,Dead
51069,Alive
51070,Dead
51071,Alive
51072,Dead
51073,Alive
51074,Dead
51075,Alive
51076,Dead
51077,Alive
51078,Dead
51079,Alive
51080,Dead
51081,Alive
51082,Dead
51083,Alive
51084,Dead
51085,Alive
51086,Dead
51087,Alive
51088,Dead
51089,Alive
51090,Dead
51091,Alive
51092,Dead
51093,Alive
51094,Dead
51095,Alive
51096,Dead
51097,Alive
51098,Dead
51099,Alive
51100,Dead
51101,Alive
51102,Dead
51103,Alive
51104,Dead
51105,Alive
51106,Dead
51107,Alive
51108,Dead
51109,Alive
51110,Dead
51111,Alive
51112,Dead
51113,Alive
51114,Dead
51115,Alive
51116,Dead
51117,Alive
51118,Dead
51119,Alive
51120,Dead
51121,Alive
51122,Dead
51123,Alive
51124,Dead
51125,Alive
51126,Dead
51127,Alive
51128,Dead
51129,Alive
51130,Dead
51131,Alive
51132,Dead
51133,Alive
51134,Dead
51135,Alive
51136,Dead
51137,Alive
51138,Dead
51139,Alive
51140,Dead
51141,Alive
51142,Dead
51143,Alive
51144,Dead
51145,Alive
51146,Dead
51147,Alive
51148,Dead
51149,Alive
51150,Dead
51151,Alive
51152,Dead
51153,Alive
51154,Dead
51155,Alive
51156,Dead
51157,Alive
51158,Dead
51159,Alive
51160,Dead
51161,Alive
51162,Dead
51163,Alive
51164,Dead
51165,Alive
51166,Dead
51167,Alive
51168,Dead
51169,Alive
51170,Dead
51171,Alive
51172,Dead
51173,Alive
51174,Dead
51175,Alive
51176,Dead
51177,Alive
51178,Dead
51179,Alive
51180,Dead
51181,Alive
51182,Dead
51183,Alive
51184,Dead
51185,Alive
51186,Dead
51187,Alive
51188,Dead
51189,Alive
51190,Dead
51191,Alive
51192,Dead
51193,Alive
51194,Dead
51195,Alive
51196,Dead
51197,Alive
51198,Dead
51199,Alive
51200,Dead
51201,Alive
51202,Dead
51203,Alive
51204,Dead
51205,Alive
51206,Dead
51207,Alive
51208,Dead
51209,Alive
51210,Dead
51211,Alive
51212,Dead
51213,Alive
51214,Dead
51215,Alive
51216,Dead
51217,Alive
51218,Dead
51219,Alive
51220,Dead
51221,Alive
51222,Dead
51223,Alive
51224,Dead
51225,Alive
51226,Dead
51227,Alive
51228,Dead
51229,Alive
51230,Dead
51231,Alive
51232,Dead
51233,Alive
51234,Dead
51235,Alive
51236,Dead
51237,Alive
51238,Dead
51239,Alive
51240,Dead
51241,Alive
51242,Dead
51243,Alive
51244,Dead
51245,Alive
51246,Dead
51247,Alive
51248,Dead
51249,Alive
51250,Dead
51251,Alive
51252,Dead
51253,Alive
51254,Dead
51255,Alive
51256,Dead
51257,Alive
51258,Dead
51259,Alive
51260,Dead
51261,Alive
51262,Dead
51263,Alive
51264,Dead
51265,Alive
51266,Dead
51267,Alive
51268,Dead
51269,Alive
51270,Dead
51271,Alive
51272,Dead
51273,Alive
51274,Dead
51275,Alive
51276,Dead
51277,Alive
51278,Dead
51279,Alive
51280,Dead
51281,Alive
51282,Dead
51283,Alive
51284,Dead
51285,Alive
51286,Dead
51287,Alive
51288,Dead
51289,Alive
51290,Dead
51291,Alive
51292,Dead
51293,Alive
51294,Dead
51295,Alive
51296,Dead
51297,Alive
51298,Dead
51299,Alive
51300,Dead
51301,Alive
51302,Dead
51303,Alive
51304,Dead
51305,Alive
51306,Dead
51307,Alive
51308,Dead
51309,Alive
51310,Dead
51311,Alive
51312,Dead
51313,Alive
51314,Dead
51315,Alive
51316,Dead
51317,Alive
51318,Dead
51319,Alive
51320,Dead
51321,Alive
51322,Dead
51323,Alive
51324,Dead
51325,Alive
51326,Dead
51327,Alive
51328,Dead
51329,Alive
51330,Dead
51331,Alive
51332,Dead
51333,Alive
51334,Dead
51335,Alive
51336,Dead
51337,Alive
51338,Dead
51339,Alive
51340,Dead
51341,Alive
51342,Dead
51343,Alive
51344,Dead
51345,Alive
51346,Dead
51347,Alive
51348,Dead
51349,Alive
51350,Dead
51351,Alive
51352,Dead
51353,Alive
51354,Dead
51355,Alive
51356,Dead
51357,Alive
51358,Dead
51359,Alive
51360,Dead
51361,Alive
51362,Dead
51363,Alive
51364,Dead
51365,Alive
51366,Dead
51367,Alive
51368,Dead
51369,Alive
51370,Dead
51371,Alive
51372,Dead
51373,Alive
51374,Dead
51375,Alive
51376,Dead
51377,Alive
51378,Dead
51379,Alive
51380,Dead
51381,Alive
51382,Dead
51383,Alive
51384,Dead
51385,Alive
51386,Dead
51387,Alive
51388,Dead
51389,Alive
51390,Dead
51391,Alive
51392,Dead
51393,Alive
51394,Dead
51395,Alive
51396,Dead
51397,Alive
51398,Dead
51399,Alive
51400,Dead
51401,Alive
51402,Dead
51403,Alive
51404,Dead
51405,Alive
51406,Dead
51407,Alive
51408,Dead
51409,Alive
51410,Dead
51411,Alive
51412,Dead
51413,Alive
51414,Dead
51415,Alive
51416,Dead
51417,Alive
51418,Dead
51419,Alive
51420,Dead
51421,Alive
51422,Dead
51423,Alive
51424,Dead
51425,Alive
51426,Dead
51427,Alive
51428,Dead
51429,Alive
51430,Dead
51431,Alive
51432,Dead
51433,Alive
51434,Dead
51435,Alive
51436,Dead
51437,Alive
51438,Dead
51439,Alive
51440,Dead
51441,Alive
51442,Dead
51443,Alive
51444,Dead
51445,Alive
51446,Dead
51447,Alive
51448,Dead
51449,Alive
51450,Dead
51451,Alive
51452,Dead
51453,Alive
51454,Dead
51455,Alive
51456,Dead
51457,Alive
51458,Dead
51459,Alive
51460,Dead
51461,Alive
51462,Dead
51463,Alive
51464,Dead
51465,Alive
51466,Dead
51467,Alive
51468,Dead
51469,Alive
51470,Dead
51471,Alive
51472,Dead
51473,Alive
51474,Dead
51475,Alive
51476,Dead
51477,Alive
51478,Dead
51479,Alive
51480,Dead
51481,Alive
51482,Dead
51483,Alive
51484,Dead
51485,Alive
51486,Dead
51487,Alive
51488,Dead
51489,Alive
51490,Dead
51491,Alive
51492,Dead
51493,Alive
51494,Dead
51495,Alive
51496,Dead
51497,Alive
51498,Dead
51499,Alive
51500,Dead
51501,Alive
51502,Dead
51503,Alive
51504,Dead
51505,Alive
51506,Dead
51507,Alive
51508,Dead
51509,Alive
51510,Dead
51511,Alive
51512,Dead
51513,Alive
51514,Dead
51515,Alive
51516,Dead
51517,Alive
51518,Dead
51519,Alive
51520,Dead
51521,Alive
51522,Dead
51523,Alive
51524,Dead
51525,Alive
51526,Dead
51527,Alive
51528,Dead
51529,Alive
51530,Dead
51531,Alive
51532,Dead
51533,Alive
51534,Dead
51535,Alive
51536,Dead
51537,Alive
51538,Dead
51539,Alive
51540,Dead
51541,Alive
51542,Dead
51543,Alive
51544,Dead
51545,Alive
51546,Dead
51547,Alive
51548,Dead
51549,Alive
51550,Dead
51551,Alive
51552,Dead
51553,Alive
51554,Dead
51555,Alive
51556,Dead
51557,Alive
51558,Dead
51559,Alive
51560,Dead
51561,Alive
51562,Dead
51563,Alive
51564,Dead
51565,Alive
51566,Dead
51567,Alive
51568,Dead
51569,Alive
51570,Dead
51571,Alive
51572,Dead
51573,Alive
51574,Dead
51575,Alive
51576,Dead
51577,Alive
51578,Dead
51579,Alive
51580,Dead
51581,Alive
51582,Dead
51583,Alive
51584,Dead
51585,Alive
51586,Dead
51587,Alive
51588,Dead
51589,Alive
51590,Dead
51591,Alive
51592,Dead
51593,Alive
51594,Dead
51595,Alive
51596,Dead
51597,Alive
51598,Dead
51599,Alive
51600,Dead
51601,Alive
51602,Dead
51603,Alive
51604,Dead
51605,Alive
51606,Dead
51607,Alive
51608,Dead
51609,Alive
51610,Dead
51611,Alive
51612,Dead
51613,Alive
51614,Dead
51615,Alive
51616,Dead
51617,Alive
51618,Dead
51619,Alive
51620,Dead
51621,Alive
51622,Dead
51623,Alive
51624,Dead
51625,Alive
51626,Dead
51627,Alive
51628,Dead
51629,Alive
51630,Dead
51631,Alive
51632,Dead
51633,Alive
51634,Dead
51635,Alive
51636,Dead
51637,Alive
51638,Dead
51639,Alive
51640,Dead
51641,Alive
51642,Dead
51643,Alive
51644,Dead
51645,Alive
51646,Dead
51647,Alive
51648,Dead
51649,Alive
51650,Dead
51651,Alive
51652,Dead
51653,Alive
51654,Dead
51655,Alive
51656,Dead
51657,Alive
51658,Dead
51659,Alive
51660,Dead
51661,Alive
51662,Dead
51663,Alive
51664,Dead
51665,Alive
51666,Dead
51667,Alive
51668,Dead
51669,Alive
51670,Dead
51671,Alive
51672,Dead
51673,Alive
51674,Dead
51675,Alive
51676,Dead
51677,Alive
51678,Dead
51679,Alive
51680,Dead
51681,Alive
51682,Dead
51683,Alive
51684,Dead
51685,Alive
51686,Dead
51687,Alive
51688,Dead
51689,Alive
51690,Dead
51691,Alive
51692,Dead
51693,Alive
51694,Dead
51695,Alive
51696,Dead
51697,Alive
51698,Dead
51699,Alive
51700,Dead
51701,Alive
51702,Dead
51703,Alive
51704,Dead
51705,Alive
51706,Dead
51707,Alive
51708,Dead
51709,Alive
51710,Dead
51711,Alive
51712,Dead
51713,Alive
51714,Dead
51715,Alive
51716,Dead
51717,Alive
51718,Dead
51719,Alive
51720,Dead
51721,Alive
51722,Dead
51723,Alive
51724,Dead
51725,Alive
51726,Dead
51727,Alive
51728,Dead
51729,Alive
51730,Dead
51731,Alive
51732,Dead
51733,Alive
51734,Dead
51735,Alive
51736,Dead
51737,Alive
51738,Dead
51739,Alive
51740,Dead
51741,Alive
51742,Dead
51743,Alive
51744,Dead
51745,Alive
51746,Dead
51747,Alive
51748,Dead
51749,Alive
51750,Dead
51751,Alive
51752,Dead
51753,Alive
51754,Dead
51755,Alive
51756,Dead
51757,Alive
51758,Dead
51759,Alive
51760,Dead
51761,Alive
51762,Dead
51763,Alive
51764,Dead
51765,Alive
51766,Dead
51767,Alive
51768,Dead
51769,Alive
51770,Dead
51771,Alive
51772,Dead
51773,Alive
51774,Dead
51775,Alive
51776,Dead
51777,Alive
51778,Dead
51779,Alive
51780,Dead
51781,Alive
51782,Dead
51783,Alive
51784,Dead
51785,Alive
51786,Dead
51787,Alive
51788,Dead
51789,Alive
51790,Dead
51791,Alive
51792,Dead
51793,Alive
51794,Dead
51795,Alive
51796,Dead
51797,Alive
51798,Dead
51799,Alive
51800,Dead
51801,Alive
51802,Dead
51803,Alive
51804,Dead
51805,Alive
51806,Dead
51807,Alive
51808,Dead
51809,Alive
51810,Dead
51811,Alive
51812,Dead
51813,Alive
51814,Dead
51815,Alive
51816,Dead
51817,Alive
51818,Dead
51819,Alive
51820,Dead
51821,Alive
51822,Dead
51823,Alive
51824,Dead
51825,Alive
51826,Dead
51827,Alive
51828,Dead
51829,Alive
51830,Dead
51831,Alive
51832,Dead
51833,Alive
51834,Dead
51835,Alive
51836,Dead
51837,Alive
51838,Dead
51839,Alive
51840,Dead
51841,Alive
51842,Dead
51843,Alive
51844,Dead
51845,Alive
51846,Dead
51847,Alive
51848,Dead
51849,Alive
51850,Dead
51851,Alive
51852,Dead
51853,Alive
51854,Dead
51855,Alive
51856,Dead
51857,Alive
51858,Dead
51859,Alive
51860,Dead
51861,Alive
51862,Dead
51863,Alive
51864,Dead
51865,Alive
51866,Dead
51867,Alive
51868,Dead
51869,Alive
51870,Dead
51871,Alive
51872,Dead
51873,Alive
51874,Dead
51875,Alive
51876,Dead
51877,Alive
51878,Dead
51879,Alive
51880,Dead
51881,Alive
51882,Dead
51883,Alive
51884,Dead
51885,Alive
51886,Dead
51887,Alive
51888,Dead
51889,Alive
51890,Dead
51891,Alive
51892,Dead
51893,Alive
51894,Dead
51895,Alive
51896,Dead
51897,Alive
51898,Dead
51899,Alive
51900,Dead
51901,Alive
51902,Dead
51903,Alive
51904,Dead
51905,Alive
51906,Dead
51907,Alive
51908,Dead
51909,Alive
51910,Dead
51911,Alive
51912,Dead
51913,Alive
51914,Dead
51915,Alive
51916,Dead
51917,Alive
51918,Dead
51919,Alive
51920,Dead
51921,Alive
51922,Dead
51923,Alive
51924,Dead
51925,Alive
51926,Dead
51927,Alive
51928,Dead
51929,Alive
51930,Dead
51931,Alive
51932,Dead
51933,Alive
51934,Dead
51935,Alive
51936,Dead
51937,Alive
51938,Dead
51939,Alive
51940,Dead
51941,Alive
51942,Dead
51943,Alive
51944,Dead
51945,Alive
51946,Dead
51947,Alive
51948,Dead
51949,Alive
51950,Dead
51951,Alive
51952,Dead
51953,Alive
51954,Dead
51955,Alive
51956,Dead
51957,Alive
51958,Dead
51959,Alive
51960,Dead
51961,Alive
51962,Dead
51963,Alive
51964,Dead
51965,Alive
51966,Dead
51967,Alive
51968,Dead
51969,Alive
51970,Dead
51971,Alive
51972,Dead
51973,Alive
51974,Dead
51975,Alive
51976,Dead
51977,Alive
51978,Dead
51979,Alive
51980,Dead
51981,Alive
51982,Dead
51983,Alive
51984,Dead
51985,Alive
51986,Dead
51987,Alive
51988,Dead
51989,Alive
51990,Dead
51991,Alive
51992,Dead
51993,Alive
51994,Dead
51995,Alive
51996,Dead
51997,Alive
51998,Dead
51999,Alive
52000,Dead
52001,Alive
52002,Dead
52003,Alive
52004,Dead
52005,Alive
52006,Dead
52007,Alive
52008,Dead
52009,Alive
52010,Dead
52011,Alive
52012,Dead
52013,Alive
52014,Dead
52015,Alive
52016,Dead
52017,Alive
52018,Dead
52019,Alive
52020,Dead
52021,Alive
52022,Dead
52023,Alive
52024,Dead
52025,Alive
52026,Dead
52027,Alive
52028,Dead
52029,Alive
52030,Dead
52031,Alive
52032,Dead
52033,Alive
52034,Dead
52035,Alive
52036,Dead
52037,Alive
52038,Dead
52039,Alive
52040,Dead
52041,Alive
52042,Dead
52043,Alive
52044,Dead
52045,Alive
52046,Dead
52047,Alive
52048,Dead
52049,Alive
52050,Dead
52051,Alive
52052,Dead
52053,Alive
52054,Dead
52055,Alive
52056,Dead
52057,Alive
52058,Dead
52059,Alive
52060,Dead
52061,Alive
52062,Dead
52063,Alive
52064,Dead
52065,Alive
52066,Dead
52067,Alive
52068,Dead
52069,Alive
52070,Dead
52071,Alive
52072,Dead
52073,Alive
52074,Dead
52075,Alive
52076,Dead
52077,Alive
52078,Dead
52079,Alive
52080,Dead
52081,Alive
52082,Dead
52083,Alive
52084,Dead
52085,Alive
52086,Dead
52087,Alive
52088,Dead
52089,Alive
52090,Dead
52091,Alive
52092,Dead
52093,Alive
52094,Dead
52095,Alive
52096,Dead
52097,Alive
52098,Dead
52099,Alive
52100,Dead
52101,Alive
52102,Dead
52103,Alive
52104,Dead
52105,Alive
52106,Dead
52107,Alive
52108,Dead
52109,Alive
52110,Dead
52111,Alive
52112,Dead
52113,Alive
52114,Dead
52115,Alive
52116,Dead
52117,Alive
52118,Dead
52119,Alive
52120,Dead
52121,Alive
52122,Dead
52123,Alive
52124,Dead
52125,Alive
52126,Dead
52127,Alive
52128,Dead
52129,Alive
52130,Dead
52131,Alive
52132,Dead
52133,Alive
52134,Dead
52135,Alive
52136,Dead
52137,Alive
52138,Dead
52139,Alive
52140,Dead
52141,Alive
52142,Dead
52143,Alive
52144,Dead
52145,Alive
52146,Dead
52147,Alive
52148,Dead
52149,Alive
52150,Dead
52151,Alive
52152,Dead
52153,Alive
52154,Dead
52155,Alive
52156,Dead
52157,Alive
52158,Dead
52159,Alive
52160,Dead
52161,Alive
52162,Dead
52163,Alive
52164,Dead
52165,Alive
52166,Dead
52167,Alive
52168,Dead
52169,Alive
52170,Dead
52171,Alive
52172,Dead
52173,Alive
52174,Dead
52175,Alive
52176,Dead
52177,Alive
52178,Dead
52179,Alive
52180,Dead
52181,Alive
52182,Dead
52183,Alive
52184,Dead
52185,Alive
52186,Dead
52187,Alive
52188,Dead
52189,Alive
52190,Dead
52191,Alive
52192,Dead
52193,Alive
52194,Dead
52195,Alive
52196,Dead
52197,Alive
52198,Dead
52199,Alive
52200,Dead
52201,Alive
52202,Dead
52203,Alive
52204,Dead
52205,Alive
52206,Dead
52207,Alive
52208,Dead
52209,Alive
52210,Dead
52211,Alive
52212,Dead
52213,Alive
52214,Dead
52215,Alive
52216,Dead
52217,Alive
52218,Dead
52219,Alive
52220,Dead
52221,Alive
52222,Dead
52223,Alive
52224,Dead
52225,Alive
52226,Dead
52227,Alive
52228,Dead
52229,Alive
52230,Dead
52231,Alive
52232,Dead
52233,Alive
52234,Dead
52235,Alive
52236,Dead
52237,Alive
52238,Dead
52239,Alive
52240,Dead
52241,Alive
52242,Dead
52243,Alive
52244,Dead
52245,Alive
52246,Dead
52247,Alive
52248,Dead
52249,Alive
52250,Dead
52251,Alive
52252,Dead
52253,Alive
52254,Dead
52255,Alive
52256,Dead
52257,Alive
52258,Dead
52259,Alive
52260,Dead
52261,Alive
52262,Dead
52263,Alive
52264,Dead
52265,Alive
52266,Dead
52267,Alive
52268,Dead
52269,Alive
52270,Dead
52271,Alive
52272,Dead
52273,Alive
52274,Dead
52275,Alive
52276,Dead
52277,Alive
52278,Dead
52279,Alive
52280,Dead
52281,Alive
52282,Dead
52283,Alive
52284,Dead
52285,Alive
52286,Dead
52287,Alive
52288,Dead
52289,Alive
52290,Dead
52291,Alive
52292,Dead
52293,Alive
52294,Dead
52295,Alive
52296,Dead
52297,Alive
52298,Dead
52299,Alive
52300,Dead
52301,Alive
52302,Dead
52303,Alive
52304,Dead
52305,Alive
52306,Dead
52307,Alive
52308,Dead
52309,Alive
52310,Dead
52311,Alive
52312,Dead
52313,Alive
52314,Dead
52315,Alive
52316,Dead
52317,Alive
52318,Dead
52319,Alive
52320,Dead
52321,Alive
52322,Dead
52323,Alive
52324,Dead
52325,Alive
52326,Dead
52327,Alive
52328,Dead
52329,Alive
52330,Dead
52331,Alive
52332,Dead
52333,Alive
52334,Dead
52335,Alive
52336,Dead
52337,Alive
52338,Dead
52339,Alive
52340,Dead
52341,Alive
52342,Dead
52343,Alive
52344,Dead
52345,Alive
52346,Dead
52347,Alive
52348,Dead
52349,Alive
52350,Dead
52351,Alive
52352,Dead
52353,Alive
52354,Dead
52355,Alive
52356,Dead
52357,Alive
52358,Dead
52359,Alive
52360,Dead
52361,Alive
52362,Dead
52363,Alive
52364,Dead
52365,Alive
52366,Dead
52367,Alive
52368,Dead
52369,Alive
52370,Dead
52371,Alive
52372,Dead
52373,Alive
52374,Dead
52375,Alive
52376,Dead
52377,Alive
52378,Dead
52379,Alive
52380,Dead
52381,Alive
52382,Dead
52383,Alive
52384,Dead
52385,Alive
52386,Dead
52387,Alive
52388,Dead
52389,Alive
52390,Dead
52391,Alive
52392,Dead
52393,Alive
52394,Dead
52395,Alive
52396,Dead
52397,Alive
52398,Dead
52399,Alive
52400,Dead
52401,Alive
52402,Dead
52403,Alive
52404,Dead
52405,Alive
52406,Dead
52407,Alive
52408,Dead
52409,Alive
52410,Dead
52411,Alive
52412,Dead
52413,Alive
52414,Dead
52415,Alive
52416,Dead
52417,Alive
52418,Dead
52419,Alive
52420,Dead
52421,Alive
52422,Dead
52423,Alive
52424,Dead
52425,Alive
52426,Dead
52427,Alive
52428,Dead
52429,Alive
52430,Dead
52431,Alive
52432,Dead
52433,Alive
52434,Dead
52435,Alive
52436,Dead
52437,Alive
52438,Dead
52439,Alive
52440,Dead
52441,Alive
52442,Dead
52443,Alive
52444,Dead
52445,Alive
52446,Dead
52447,Alive
52448,Dead
52449,Alive
52450,Dead
52451,Alive
52452,Dead
52453,Alive
52454,Dead
52455,Alive
52456,Dead
52457,Alive
52458,Dead
52459,Alive
52460,Dead
52461,Alive
52462,Dead
52463,Alive
52464,Dead
52465,Alive
52466,Dead
52467,Alive
52468,Dead
52469,Alive
52470,Dead
52471,Alive
52472,Dead
52473,Alive
52474,Dead
52475,Alive
52476,Dead
52477,Alive
52478,Dead
52479,Alive
52480,Dead
52481,Alive
52482,Dead
52483,Alive
52484,Dead
52485,Alive
52486,Dead
52487,Alive
52488,Dead
52489,Alive
52490,Dead
52491,Alive
52492,Dead
52493,Alive
52494,Dead
52495,Alive
52496,Dead
52497,Alive
52498,Dead
52499,Alive
52500,Dead
52501,Alive
52502,Dead
52503,Alive
52504,Dead
52505,Alive
52506,Dead
52507,Alive
52508,Dead
52509,Alive
52510,Dead
52511,Alive
52512,Dead
52513,Alive
52514,Dead
52515,Alive
52516,Dead
52517,Alive
52518,Dead
52519,Alive
52520,Dead
52521,Alive
52522,Dead
52523,Alive
52524,Dead
52525,Alive
52526,Dead
52527,Alive
52528,Dead
52529,Alive
52530,Dead
52531,Alive
52532,Dead
52533,Alive
52534,Dead
52535,Alive
52536,Dead
52537,Alive
52538,Dead
52539,Alive
52540,Dead
52541,Alive
52542,Dead
52543,Alive
52544,Dead
52545,Alive
52546,Dead
52547,Alive
52548,Dead
52549,Alive
52550,Dead
52551,Alive
52552,Dead
52553,Alive
52554,Dead
52555,Alive
52556,Dead
52557,Alive
52558,Dead
52559,Alive
52560,Dead
52561,Alive
52562,Dead
52563,Alive
52564,Dead
52565,Alive
52566,Dead
52567,Alive
52568,Dead
52569,Alive
52570,Dead
52571,Alive
52572,Dead
52573,Alive
52574,Dead
52575,Alive
52576,Dead
52577,Alive
52578,Dead
52579,Alive
52580,Dead
52581,Alive
52582,Dead
52583,Alive
52584,Dead
52585,Alive
52586,Dead
52587,Alive
52588,Dead
52589,Alive
52590,Dead
52591,Alive
52592,Dead
52593,Alive
52594,Dead
52595,Alive
52596,Dead
52597,Alive
52598,Dead
52599,Alive
52600,Dead
52601,Alive
52602,Dead
52603,Alive
52604,Dead
52605,Alive
52606,Dead
52607,Alive
52608,Dead
52609,Alive
52610,Dead
52611,Alive
52612,Dead
52613,Alive
52614,Dead
52615,Alive
52616,Dead
52617,Alive
52618,Dead
52619,Alive
52620,Dead
52621,Alive
52622,Dead
52623,Alive
52624,Dead
52625,Alive
52626,Dead
52627,Alive
52628,Dead
52629,Alive
52630,Dead
52631,Alive
52632,Dead
52633,Alive
52634,Dead
52635,Alive
52636,Dead
52637,Alive
52638,Dead
52639,Alive
52640,Dead
52641,Alive
52642,Dead
52643,Alive
52644,Dead
52645,Alive
52646,Dead
52647,Alive
52648,Dead
52649,Alive
52650,Dead
52651,Alive
52652,Dead
52653,Alive
52654,Dead
52655,Alive
52656,Dead
52657,Alive
52658,Dead
52659,Alive
52660,Dead
52661,Alive
52662,Dead
52663,Alive
52664,Dead
52665,Alive
52666,Dead
52667,Alive
52668,Dead
52669,Alive
52670,Dead
52671,Alive
52672,Dead
52673,Alive
52674,Dead
52675,Alive
52676,Dead
52677,Alive
52678,Dead
52679,Alive
52680,Dead
52681,Alive
52682,Dead
52683,Alive
52684,Dead
52685,Alive
52686,Dead
52687,Alive
52688,Dead
52689,Alive
52690,Dead
52691,Alive
52692,Dead
52693,Alive
52694,Dead
52695,Alive
52696,Dead
52697,Alive
52698,Dead
52699,Alive
52700,Dead
52701,Alive
52702,Dead
52703,Alive
52704,Dead
52705,Alive
52706,Dead
52707,Alive
52708,Dead
52709,Alive
52710,Dead
52711,Alive
52712,Dead
52713,Alive
52714,Dead
52715,Alive
52716,Dead
52717,Alive
52718,Dead
52719,Alive
52720,Dead
52721,Alive
52722,Dead
52723,Alive
52724,Dead
52725,Alive
52726,Dead
52727,Alive
52728,Dead
52729,Alive
52730,Dead
52731,Alive
52732,Dead
52733,Alive
52734,Dead
52735,Alive
52736,Dead
52737,Alive
52738,Dead
52739,Alive
52740,Dead
52741,Alive
52742,Dead
52743,Alive
52744,Dead
52745,Alive
52746,Dead
52747,Alive
52748,Dead
52749,Alive
52750,Dead
52751,Alive
52752,Dead
52753,Alive
52754,Dead
52755,Alive
52756,Dead
52757,Alive
52758,Dead
52759,Alive
52760,Dead
52761,Alive
52762,Dead
52763,Alive
52764,Dead
52765,Alive
52766,Dead
52767,Alive
52768,Dead
52769,Alive
52770,Dead
52771,Alive
52772,Dead
52773,Alive
52774,Dead
52775,Alive
52776,Dead
52777,Alive
52778,Dead
52779,Alive
52780,Dead
52781,Alive
52782,Dead
52783,Alive
52784,Dead
52785,Alive
52786,Dead
52787,Alive
52788,Dead
52789,Alive
52790,Dead
52791,Alive
52792,Dead
52793,Alive
52794,Dead
52795,Alive
52796,Dead
52797,Alive
52798,Dead
52799,Alive
52800,Dead
52801,Alive
52802,Dead
52803,Alive
52804,Dead
52805,Alive
52806,Dead
52807,Alive
52808,Dead
52809,Alive
52810,Dead
52811,Alive
52812,Dead
52813,Alive
52814,Dead
52815,Alive
52816,Dead
52817,Alive
52818,Dead
52819,Alive
52820,Dead
52821,Alive
52822,Dead
52823,Alive
52824,Dead
52825,Alive
52826,Dead
52827,Alive
52828,Dead
52829,Alive
52830,Dead
52831,Alive
52832,Dead
52833,Alive
52834,Dead
52835,Alive
52836,Dead
52837,Alive
52838,Dead
52839,Alive
52840,Dead
52841,Alive
52842,Dead
52843,Alive
52844,Dead
52845,Alive
52846,Dead
52847,Alive
52848,Dead
52849,Alive
52850,Dead
52851,Alive
52852,Dead
52853,Alive
52854,Dead
52855,Alive
52856,Dead
52857,Alive
52858,Dead
52859,Alive
52860,Dead
52861,Alive
52862,Dead
52863,Alive
52864,Dead
52865,Alive
52866,Dead
52867,Alive
52868,Dead
52869,Alive
52870,Dead
52871,Alive
52872,Dead
52873,Alive
52874,Dead
52875,Alive
52876,Dead
52877,Alive
52878,Dead
52879,Alive
52880,Dead
52881,Alive
52882,Dead
52883,Alive
52884,Dead
52885,Alive
52886,Dead
52887,Alive
52888,Dead
52889,Alive
52890,Dead
52891,Alive
52892,Dead
52893,Alive
52894,Dead
52895,Alive
52896,Dead
52897,Alive
52898,Dead
52899,Alive
52900,Dead
52901,Alive
52902,Dead
52903,Alive
52904,Dead
52905,Alive
52906,Dead
52907,Alive
52908,Dead
52909,Alive
52910,Dead
52911,Alive
52912,Dead
52913,Alive
52914,Dead
52915,Alive
52916,Dead
52917,Alive
52918,Dead
52919,Alive
52920,Dead
52921,Alive
52922,Dead
52923,Alive
52924,Dead
52925,Alive
52926,Dead
52927,Alive
52928,Dead
52929,Alive
52930,Dead
52931,Alive
52932,Dead
52933,Alive
52934,Dead
52935,Alive
52936,Dead
52937,Alive
52938,Dead
52939,Alive
52940,Dead
52941,Alive
52942,Dead
52943,Alive
52944,Dead
52945,Alive
52946,Dead
52947,Alive
52948,Dead
52949,Alive
52950,Dead
52951,Alive
52952,Dead
52953,Alive
52954,Dead
52955,Alive
52956,Dead
52957,Alive
52958,Dead
52959,Alive
52960,Dead
52961,Alive
52962,Dead
52963,Alive
52964,Dead
52965,Alive
52966,Dead
52967,Alive
52968,Dead
52969,Alive
52970,Dead
52971,Alive
52972,Dead
52973,Alive
52974,Dead
52975,Alive
52976,Dead
52977,Alive
52978,Dead
52979,Alive
52980,Dead
52981,Alive
52982,Dead
52983,Alive
52984,Dead
52985,Alive
52986,Dead
52987,Alive
52988,Dead
52989,Alive
52990,Dead
52991,Alive
52992,Dead
52993,Alive
52994,Dead
52995,Alive
52996,Dead
52997,Alive
52998,Dead
52999,Alive
53000,Dead
53001,Alive
53002,Dead
53003,Alive
53004,Dead
53005,Alive
53006,Dead
53007,Alive
53008,Dead
53009,Alive
53010,Dead
53011,Alive
53012,Dead
53013,Alive
53014,Dead
53015,Alive
53016,Dead
53017,Alive
53018,Dead
53019,Alive
53020,Dead
53021,Alive
53022,Dead
53023,Alive
53024,Dead
53025,Alive
53026,Dead
53027,Alive
53028,Dead
53029,Alive
53030,Dead
53031,Alive
53032,Dead
53033,Alive
53034,Dead
53035,Alive
53036,Dead
53037,Alive
53038,Dead
53039,Alive
53040,Dead
53041,Alive
53042,Dead
53043,Alive
53044,Dead
53045,Alive
53046,Dead
53047,Alive
53048,Dead
53049,Alive
53050,Dead
53051,Alive
53052,Dead
53053,Alive
53054,Dead
53055,Alive
53056,Dead
53057,Alive
53058,Dead
53059,Alive
53060,Dead
53061,Alive
53062,Dead
53063,Alive
53064,Dead
53065,Alive
53066,Dead
53067,Alive
53068,Dead
53069,Alive
53070,Dead
53071,Alive
53072,Dead
53073,Alive
53074,Dead
53075,Alive
53076,Dead
53077,Alive
53078,Dead
53079,Alive
53080,Dead
53081,Alive
53082,Dead
53083,Alive
53084,Dead
53085,Alive
53086,Dead
53087,Alive
53088,Dead
53089,Alive
53090,Dead
53091,Alive
53092,Dead
53093,Alive
53094,Dead
53095,Alive
53096,Dead
53097,Alive
53098,Dead
53099,Alive
53100,Dead
53101,Alive
53102,Dead
53103,Alive
53104,Dead
53105,Alive
53106,Dead
53107,Alive
53108,Dead
53109,Alive
53110,Dead
53111,Alive
53112,Dead
53113,Alive
53114,Dead
53115,Alive
53116,Dead
53117,Alive
53118,Dead
53119,Alive
53120,Dead
53121,Alive
53122,Dead
53123,Alive
53124,Dead
53125,Alive
53126,Dead
53127,Alive
53128,Dead
53129,Alive
53130,Dead
53131,Alive
53132,Dead
53133,Alive
53134,Dead
53135,Alive
53136,Dead
53137,Alive
53138,Dead
53139,Alive
53140,Dead
53141,Alive
53142,Dead
53143,Alive
53144,Dead
53145,Alive
53146,Dead
53147,Alive
53148,Dead
53149,Alive
53150,Dead
53151,Alive
53152,Dead
53153,Alive
53154,Dead
53155,Alive
53156,Dead
53157,Alive
53158,Dead
53159,Alive
53160,Dead
53161,Alive
53162,Dead
53163,Alive
53164,Dead
53165,Alive
53166,Dead
53167,Alive
53168,Dead
53169,Alive
53170,Dead
53171,Alive
53172,Dead
53173,Alive
53174,Dead
53175,Alive
53176,Dead
53177,Alive
53178,Dead
53179,Alive
53180,Dead
53181,Alive
53182,Dead
53183,Alive
53184,Dead
53185,Alive
53186,Dead
53187,Alive
53188,Dead
53189,Alive
53190,Dead
53191,Alive
53192,Dead
53193,Alive
53194,Dead
53195,Alive
53196,Dead
53197,Alive
53198,Dead
53199,Alive
53200,Dead
53201,Alive
53202,Dead
53203,Alive
53204,Dead
53205,Alive
53206,Dead
53207,Alive
53208,Dead
53209,Alive
53210,Dead
53211,Alive
53212,Dead
53213,Alive
53214,Dead
53215,Alive
53216,Dead
53217,Alive
53218,Dead
53219,Alive
53220,Dead
53221,Alive
53222,Dead
53223,Alive
53224,Dead
53225,Alive
53226,Dead
53227,Alive
53228,Dead
53229,Alive
53230,Dead
53231,Alive
53232,Dead
53233,Alive
53234,Dead
53235,Alive
53236,Dead
53237,Alive
53238,Dead
53239,Alive
53240,Dead
53241,Alive
53242,Dead
53243,Alive
53244,Dead
53245,Alive
53246,Dead
53247,Alive
53248,Dead
53249,Alive
53250,Dead
53251,Alive
53252,Dead
53253,Alive
53254,Dead
53255,Alive
53256,Dead
53257,Alive
53258,Dead
53259,Alive
53260,Dead
53261,Alive
53262,Dead
53263,Alive
53264,Dead
53265,Alive
53266,Dead
53267,Alive
53268,Dead
53269,Alive
53270,Dead
53271,Alive
53272,Dead
53273,Alive
53274,Dead
53275,Alive
53276,Dead
53277,Alive
53278,Dead
53279,Alive
53280,Dead
53281,Alive
53282,Dead
53283,Alive
53284,Dead
53285,Alive
53286,Dead
53287,Alive
53288,Dead
53289,Alive
53290,Dead
53291,Alive
53292,Dead
53293,Alive
53294,Dead
53295,Alive
53296,Dead
53297,Alive
53298,Dead
53299,Alive
53300,Dead
53301,Alive
53302,Dead
53303,Alive
53304,Dead
53305,Alive
53306,Dead
53307,Alive
53308,Dead
53309,Alive
53310,Dead
53311,Alive
53312,Dead
53313,Alive
53314,Dead
53315,Alive
53316,Dead
53317,Alive
53318,Dead
53319,Alive
53320,Dead
53321,Alive
53322,Dead
53323,Alive
53324,Dead
53325,Alive
53326,Dead
53327,Alive
53328,Dead
53329,Alive
53330,Dead
53331,Alive
53332,Dead
53333,Alive
53334,Dead
53335,Alive
53336,Dead
53337,Alive
53338,Dead
53339,Alive
53340,Dead
53341,Alive
53342,Dead
53343,Alive
53344,Dead
53345,Alive
53346,Dead
53347,Alive
53348,Dead
53349,Alive
53350,Dead
53351,Alive
53352,Dead
53353,Alive
53354,Dead
53355,Alive
53356,Dead
53357,Alive
53358,Dead
53359,Alive
53360,Dead
53361,Alive
53362,Dead
53363,Alive
53364,Dead
53365,Alive
53366,Dead
53367,Alive
53368,Dead
53369,Alive
53370,Dead
53371,Alive
53372,Dead
53373,Alive
53374,Dead
53375,Alive
53376,Dead
53377,Alive
53378,Dead
53379,Alive
53380,Dead
53381,Alive
53382,Dead
53383,Alive
53384,Dead
53385,Alive
53386,Dead
53387,Alive
53388,Dead
53389,Alive
53390,Dead
53391,Alive
53392,Dead
53393,Alive
53394,Dead
53395,Alive
53396,Dead
53397,Alive
53398,Dead
53399,Alive
53400,Dead
53401,Alive
53402,Dead
53403,Alive
53404,Dead
53405,Alive
53406,Dead
53407,Alive
53408,Dead
53409,Alive
53410,Dead
53411,Alive
53412,Dead
53413,Alive
53414,Dead
53415,Alive
53416,Dead
53417,Alive
53418,Dead
53419,Alive
53420,Dead
53421,Alive
53422,Dead
53423,Alive
53424,Dead
53425,Alive
53426,Dead
53427,Alive
53428,Dead
53429,Alive
53430,Dead
53431,Alive
53432,Dead
53433,Alive
53434,Dead
53435,Alive
53436,Dead
53437,Alive
53438,Dead
53439,Alive
53440,Dead
53441,Alive
53442,Dead
53443,Alive
53444,Dead
53445,Alive
53446,Dead
53447,Alive
53448,Dead
53449,Alive
53450,Dead
53451,Alive
53452,Dead
53453,Alive
53454,Dead
53455,Alive
53456,Dead
53457,Alive
53458,Dead
53459,Alive
53460,Dead
53461,Alive
53462,Dead
53463,Alive
53464,Dead
53465,Alive
53466,Dead
53467,Alive
53468,Dead
53469,Alive
53470,Dead
53471,Alive
53472,Dead
53473,Alive
53474,Dead
53475,Alive
53476,Dead
53477,Alive
53478,Dead
53479,Alive
53480,Dead
53481,Alive
53482,Dead
53483,Alive
53484,Dead
53485,Alive
53486,Dead
53487,Alive
53488,Dead
53489,Alive
53490,Dead
53491,Alive
53492,Dead
53493,Alive
53494,Dead
53495,Alive
53496,Dead
53497,Alive
53498,Dead
53499,Alive
53500,Dead
53501,Alive
53502,Dead
53503,Alive
53504,Dead
53505,Alive
53506,Dead
53507,Alive
53508,Dead
53509,Alive
53510,Dead
53511,Alive
53512,Dead
53513,Alive
53514,Dead
53515,Alive
53516,Dead
53517,Alive
53518,Dead
53519,Alive
53520,Dead
53521,Alive
53522,Dead
53523,Alive
53524,Dead
53525,Alive
53526,Dead
53527,Alive
53528,Dead
53529,Alive
53530,Dead
53531,Alive
53532,Dead
53533,Alive
53534,Dead
53535,Alive
53536,Dead
53537,Alive
53538,Dead
53539,Alive
53540,Dead
53541,Alive
53542,Dead
53543,Alive
53544,Dead
53545,Alive
53546,Dead
53547,Alive
53548,Dead
53549,Alive
53550,Dead
53551,Alive
53552,Dead
53553,Alive
53554,Dead
53555,Alive
53556,Dead
53557,Alive
53558,Dead
53559,Alive
53560,Dead
53561,Alive
53562,Dead
53563,Alive
53564,Dead
53565,Alive
53566,Dead
53567,Alive
53568,Dead
53569,Alive
53570,Dead
53571,Alive
53572,Dead
53573,Alive
53574,Dead
53575,Alive
53576,Dead
53577,Alive
53578,Dead
53579,Alive
53580,Dead
53581,Alive
53582,Dead
53583,Alive
53584,Dead
53585,Alive
53586,Dead
53587,Alive
53588,Dead
53589,Alive
53590,Dead
53591,Alive
53592,Dead
53593,Alive
53594,Dead
53595,Alive
53596,Dead
53597,Alive
53598,Dead
53599,Alive
53600,Dead
53601,Alive
53602,Dead
53603,Alive
53604,Dead
53605,Alive
53606,Dead
53607,Alive
53608,Dead
53609,Alive
53610,Dead
53611,Alive
53612,Dead
53613,Alive
53614,Dead
53615,Alive
53616,Dead
53617,Alive
53618,Dead
53619,Alive
53620,Dead
53621,Alive
53622,Dead
53623,Alive
53624,Dead
53625,Alive
53626,Dead
53627,Alive
53628,Dead
53629,Alive
53630,Dead
53631,Alive
53632,Dead
53633,Alive
53634,Dead
53635,Alive
53636,Dead
53637,Alive
53638,Dead
53639,Alive
53640,Dead
53641,Alive
53642,Dead
53643,Alive
53644,Dead
53645,Alive
53646,Dead
53647,Alive
53648,Dead
53649,Alive
53650,Dead
53651,Alive
53652,Dead
53653,Alive
53654,Dead
53655,Alive
53656,Dead
53657,Alive
53658,Dead
53659,Alive
53660,Dead
53661,Alive
53662,Dead
53663,Alive
53664,Dead
53665,Alive
53666,Dead
53667,Alive
53668,Dead
53669,Alive
53670,Dead
53671,Alive
53672,Dead
53673,Alive
53674,Dead
53675,Alive
53676,Dead
53677,Alive
53678,Dead
53679,Alive
53680,Dead
53681,Alive
53682,Dead
53683,Alive
53684,Dead
53685,Alive
53686,Dead
53687,Alive
53688,Dead
53689,Alive
53690,Dead
53691,Alive
53692,Dead
53693,Alive
53694,Dead
53695,Alive
53696,Dead
53697,Alive
53698,Dead
53699,Alive
53700,Dead
53701,Alive
53702,Dead
53703,Alive
53704,Dead
53705,Alive
53706,Dead
53707,Alive
53708,Dead
53709,Alive
53710,Dead
53711,Alive
53712,Dead
53713,Alive
53714,Dead
53715,Alive
53716,Dead
53717,Alive
53718,Dead
53719,Alive
53720,Dead
53721,Alive
53722,Dead
53723,Alive
53724,Dead
53725,Alive
53726,Dead
53727,Alive
53728,Dead
53729,Alive
53730,Dead
53731,Alive
53732,Dead
53733,Alive
53734,Dead
53735,Alive
53736,Dead
53737,Alive
53738,Dead
53739,Alive
53740,Dead
53741,Alive
53742,Dead
53743,Alive
53744,Dead
53745,Alive
53746,Dead
53747,Alive
53748,Dead
53749,Alive
53750,Dead
53751,Alive
53752,Dead
53753,Alive
53754,Dead
53755,Alive
53756,Dead
53757,Alive
53758,Dead
53759,Alive
53760,Dead
53761,Alive
53762,Dead
53763,Alive
53764,Dead
53765,Alive
53766,Dead
53767,Alive
53768,Dead
53769,Alive
53770,Dead
53771,Alive
53772,Dead
53773,Alive
53774,Dead
53775,Alive
53776,Dead
53777,Alive
53778,Dead
53779,Alive
53780,Dead
53781,Alive
53782,Dead
53783,Alive
53784,Dead
53785,Alive
53786,Dead
53787,Alive
53788,Dead
53789,Alive
53790,Dead
53791,Alive
53792,Dead
53793,Alive
53794,Dead
53795,Alive
53796,Dead
53797,Alive
53798,Dead
53799,Alive
53800,Dead
53801,Alive
53802,Dead
53803,Alive
53804,Dead
53805,Alive
53806,Dead
53807,Alive
53808,Dead
53809,Alive
53810,Dead
53811,Alive
53812,Dead
53813,Alive
53814,Dead
53815,Alive
53816,Dead
53817,Alive
53818,Dead
53819,Alive
53820,Dead
53821,Alive
53822,Dead
53823,Alive
53824,Dead
53825,Alive
53826,Dead
53827,Alive
53828,Dead
53829,Alive
53830,Dead
53831,Alive
53832,Dead
53833,Alive
53834,Dead
53835,Alive
53836,Dead
53837,Alive
53838,Dead
53839,Alive
53840,Dead
53841,Alive
53842,Dead
53843,Alive
53844,Dead
53845,Alive
53846,Dead
53847,Alive
53848,Dead
53849,Alive
53850,Dead
53851,Alive
53852,Dead
53853,Alive
53854,Dead
53855,Alive
53856,Dead
53857,Alive
53858,Dead
53859,Alive
53860,Dead
53861,Alive
53862,Dead
53863,Alive
53864,Dead
53865,Alive
53866,Dead
53867,Alive
53868,Dead
53869,Alive
53870,Dead
53871,Alive
53872,Dead
53873,Alive
53874,Dead
53875,Alive
53876,Dead
53877,Alive
53878,Dead
53879,Alive
53880,Dead
53881,Alive
53882,Dead
53883,Alive
53884,Dead
53885,Alive
53886,Dead
53887,Alive
53888,Dead
53889,Alive
53890,Dead
53891,Alive
53892,Dead
53893,Alive
53894,Dead
53895,Alive
53896,Dead
53897,Alive
53898,Dead
53899,Alive
53900,Dead
53901,Alive
53902,Dead
53903,Alive
53904,Dead
53905,Alive
53906,Dead
53907,Alive
53908,Dead
53909,Alive
53910,Dead
53911,Alive
53912,Dead
53913,Alive
53914,Dead
53915,Alive
53916,Dead
53917,Alive
53918,Dead
53919,Alive
53920,Dead
53921,Alive
53922,Dead
53923,Alive
53924,Dead
53925,Alive
53926,Dead
53927,Alive
53928,Dead
53929,Alive
53930,Dead
53931,Alive
53932,Dead
53933,Alive
53934,Dead
53935,Alive
53936,Dead
53937,Alive
53938,Dead
53939,Alive
53940,Dead
53941,Alive
53942,Dead
53943,Alive
53944,Dead
53945,Alive
53946,Dead
53947,Alive
53948,Dead
53949,Alive
53950,Dead
53951,Alive
53952,Dead
53953,Alive
53954,Dead
53955,Alive
53956,Dead
53957,Alive
53958,Dead
53959,Alive
53960,Dead
53961,Alive
53962,Dead
53963,Alive
53964,Dead
53965,Alive
53966,Dead
53967,Alive
53968,Dead
53969,Alive
53970,Dead
53971,Alive
53972,Dead
53973,Alive
53974,Dead
53975,Alive
53976,Dead
53977,Alive
53978,Dead
53979,Alive
53980,Dead
53981,Alive
53982,Dead
53983,Alive
53984,Dead
53985,Alive
53986,Dead
53987,Alive
53988,Dead
53989,Alive
53990,Dead
53991,Alive
53992,Dead
53993,Alive
53994,Dead
53995,Alive
53996,Dead
53997,Alive
53998,Dead
53999,Alive
54000,Dead
54001,Alive
54002,Dead
54003,Alive
54004,Dead
54005,Alive
54006,Dead
54007,Alive
54008,Dead
54009,Alive
54010,Dead
54011,Alive
54012,Dead
54013,Alive
54014,Dead
54015,Alive
54016,Dead
54017,Alive
54018,Dead
54019,Alive
54020,Dead
54021,Alive
54022,Dead
54023,Alive
54024,Dead
54025,Alive
54026,Dead
54027,Alive
54028,Dead
54029,Alive
54030,Dead
54031,Alive
54032,Dead
54033,Alive
54034,Dead
54035,Alive
54036,Dead
54037,Alive
54038,Dead
54039,Alive
54040,Dead
54041,Alive
54042,Dead
54043,Alive
54044,Dead
54045,Alive
54046,Dead
54047,Alive
54048,Dead
54049,Alive
54050,Dead
54051,Alive
54052,Dead
54053,Alive
54054,Dead
54055,Alive
54056,Dead
54057,Alive
54058,Dead
54059,Alive
54060,Dead
54061,Alive
54062,Dead
54063,Alive
54064,Dead
54065,Alive
54066,Dead
54067,Alive
54068,Dead
54069,Alive
54070,Dead
54071,Alive
54072,Dead
54073,Alive
54074,Dead
54075,Alive
54076,Dead
54077,Alive
54078,Dead
54079,Alive
54080,Dead
54081,Alive
54082,Dead
54083,Alive
54084,Dead
54085,Alive
54086,Dead
54087,Alive
54088,Dead
54089,Alive
54090,Dead
54091,Alive
54092,Dead
54093,Alive
54094,Dead
54095,Alive
54096,Dead
54097,Alive
54098,Dead
54099,Alive
54100,Dead
54101,Alive
54102,Dead
54103,Alive
54104,Dead
54105,Alive
54106,Dead
54107,Alive
54108,Dead
54109,Alive
54110,Dead
54111,Alive
54112,Dead
54113,Alive
54114,Dead
54115,Alive
54116,Dead
54117,Alive
54118,Dead
54119,Alive
54120,Dead
54121,Alive
54122,Dead
54123,Alive
54124,Dead
54125,Alive
54126,Dead
54127,Alive
54128,Dead
54129,Alive
54130,Dead
54131,Alive
54132,Dead
54133,Alive
54134,Dead
54135,Alive
54136,Dead
54137,Alive
54138,Dead
54139,Alive
54140,Dead
54141,Alive
54142,Dead
54143,Alive
54144,Dead
54145,Alive
54146,Dead
54147,Alive
54148,Dead
54149,Alive
54150,Dead
54151,Alive
54152,Dead
54153,Alive
54154,Dead
54155,Alive
54156,Dead
54157,Alive
54158,Dead
54159,Alive
54160,Dead
54161,Alive
54162,Dead
54163,Alive
54164,Dead
54165,Alive
54166,Dead
54167,Alive
54168,Dead
54169,Alive
54170,Dead
54171,Alive
54172,Dead
54173,Alive
54174,Dead
54175,Alive
54176,Dead
54177,Alive
54178,Dead
54179,Alive
54180,Dead
54181,Alive
54182,Dead
54183,Alive
54184,Dead
54185,Alive
54186,Dead
54187,Alive
54188,Dead
54189,Alive
54190,Dead
54191,Alive
54192,Dead
54193,Alive
54194,Dead
54195,Alive
54196,Dead
54197,Alive
54198,Dead
54199,Alive
54200,Dead
54201,Alive
54202,Dead
54203,Alive
54204,Dead
54205,Alive
54206,Dead
54207,Alive
54208,Dead
54209,Alive
54210,Dead
54211,Alive
54212,Dead
54213,Alive
54214,Dead
54215,Alive
54216,Dead
54217,Alive
54218,Dead
54219,Alive
54220,Dead
54221,Alive
54222,Dead
54223,Alive
54224,Dead
54225,Alive
54226,Dead
54227,Alive
54228,Dead
54229,Alive
54230,Dead
54231,Alive
54232,Dead
54233,Alive
54234,Dead
54235,Alive
54236,Dead
54237,Alive
54238,Dead
54239,Alive
54240,Dead
54241,Alive
54242,Dead
54243,Alive
54244,Dead
54245,Alive
54246,Dead
54247,Alive
54248,Dead
54249,Alive
54250,Dead
54251,Alive
54252,Dead
54253,Alive
54254,Dead
54255,Alive
54256,Dead
54257,Alive
54258,Dead
54259,Alive
54260,Dead
54261,Alive
54262,Dead
54263,Alive
54264,Dead
54265,Alive
54266,Dead
54267,Alive
54268,Dead
54269,Alive
54270,Dead
54271,Alive
54272,Dead
54273,Alive
54274,Dead
54275,Alive
54276,Dead
54277,Alive
54278,Dead
54279,Alive
54280,Dead
54281,Alive
54282,Dead
54283,Alive
54284,Dead
54285,Alive
54286,Dead
54287,Alive
54288,Dead
54289,Alive
54290,Dead
54291,Alive
54292,Dead
54293,Alive
54294,Dead
54295,Alive
54296,Dead
54297,Alive
54298,Dead
54299,Alive
54300,Dead
54301,Alive
54302,Dead
54303,Alive
54304,Dead
54305,Alive
54306,Dead
54307,Alive
54308,Dead
54309,Alive
54310,Dead
54311,Alive
54312,Dead
54313,Alive
54314,Dead
54315,Alive
54316,Dead
54317,Alive
54318,Dead
54319,Alive
54320,Dead
54321,Alive
54322,Dead
54323,Alive
54324,Dead
54325,Alive
54326,Dead
54327,Alive
54328,Dead
54329,Alive
54330,Dead
54331,Alive
54332,Dead
54333,Alive
54334,Dead
54335,Alive
54336,Dead
54337,Alive
54338,Dead
54339,Alive
54340,Dead
54341,Alive
54342,Dead
54343,Alive
54344,Dead
54345,Alive
54346,Dead
54347,Alive
54348,Dead
54349,Alive
54350,Dead
54351,Alive
54352,Dead
54353,Alive
54354,Dead
54355,Alive
54356,Dead
54357,Alive
54358,Dead
54359,Alive
54360,Dead
54361,Alive
54362,Dead
54363,Alive
54364,Dead
54365,Alive
54366,Dead
54367,Alive
54368,Dead
54369,Alive
54370,Dead
54371,Alive
54372,Dead
54373,Alive
54374,Dead
54375,Alive
54376,Dead
54377,Alive
54378,Dead
54379,Alive
54380,Dead
54381,Alive
54382,Dead
54383,Alive
54384,Dead
54385,Alive
54386,Dead
54387,Alive
54388,Dead
54389,Alive
54390,Dead
54391,Alive
54392,Dead
54393,Alive
54394,Dead
54395,Alive
54396,Dead
54397,Alive
54398,Dead
54399,Alive
54400,Dead
54401,Alive
54402,Dead
54403,Alive
54404,Dead
54405,Alive
54406,Dead
54407,Alive
54408,Dead
54409,Alive
54410,Dead
54411,Alive
54412,Dead
54413,Alive
54414,Dead
54415,Alive
54416,Dead
54417,Alive
54418,Dead
54419,Alive
54420,Dead
54421,Alive
54422,Dead
54423,Alive
54424,Dead
54425,Alive
54426,Dead
54427,Alive
54428,Dead
54429,Alive
54430,Dead
54431,Alive
54432,Dead
54433,Alive
54434,Dead
54435,Alive
54436,Dead
54437,Alive
54438,Dead
54439,Alive
54440,Dead
54441,Alive
54442,Dead
54443,Alive
54444,Dead
54445,Alive
54446,Dead
54447,Alive
54448,Dead
54449,Alive
54450,Dead
54451,Alive
54452,Dead
54453,Alive
54454,Dead
54455,Alive
54456,Dead
54457,Alive
54458,Dead
54459,Alive
54460,Dead
54461,Alive
54462,Dead
54463,Alive
54464,Dead
54465,Alive
54466,Dead
54467,Alive
54468,Dead
54469,Alive
54470,Dead
54471,Alive
54472,Dead
54473,Alive
54474,Dead
54475,Alive
54476,Dead
54477,Alive
54478,Dead
54479,Alive
54480,Dead
54481,Alive
54482,Dead
54483,Alive
54484,Dead
54485,Alive
54486,Dead
54487,Alive
54488,Dead
54489,Alive
54490,Dead
54491,Alive
54492,Dead
54493,Alive
54494,Dead
54495,Alive
54496,Dead
54497,Alive
54498,Dead
54499,Alive
54500,Dead
54501,Alive
54502,Dead
54503,Alive
54504,Dead
54505,Alive
54506,Dead
54507,Alive
54508,Dead
54509,Alive
54510,Dead
54511,Alive
54512,Dead
54513,Alive
54514,Dead
54515,Alive
54516,Dead
54517,Alive
54518,Dead
54519,Alive
54520,Dead
54521,Alive
54522,Dead
54523,Alive
54524,Dead
54525,Alive
54526,Dead
54527,Alive
54528,Dead
54529,Alive
54530,Dead
54531,Alive
54532,Dead
54533,Alive
54534,Dead
54535,Alive
54536,Dead
54537,Alive
54538,Dead
54539,Alive
54540,Dead
54541,Alive
54542,Dead
54543,Alive
54544,Dead
54545,Alive
54546,Dead
54547,Alive
54548,Dead
54549,Alive
54550,Dead
54551,Alive
54552,Dead
54553,Alive
54554,Dead
54555,Alive
54556,Dead
54557,Alive
54558,Dead
54559,Alive
54560,Dead
54561,Alive
54562,Dead
54563,Alive
54564,Dead
54565,Alive
54566,Dead
54567,Alive
54568,Dead
54569,Alive
54570,Dead
54571,Alive
54572,Dead
54573,Alive
54574,Dead
54575,Alive
54576,Dead
54577,Alive
54578,Dead
54579,Alive
54580,Dead
54581,Alive
54582,Dead
54583,Alive
54584,Dead
54585,Alive
54586,Dead
54587,Alive
54588,Dead
54589,Alive
54590,Dead
54591,Alive
54592,Dead
54593,Alive
54594,Dead
54595,Alive
54596,Dead
54597,Alive
54598,Dead
54599,Alive
54600,Dead
54601,Alive
54602,Dead
54603,Alive
54604,Dead
54605,Alive
54606,Dead
54607,Alive
54608,Dead
54609,Alive
54610,Dead
54611,Alive
54612,Dead
54613,Alive
54614,Dead
54615,Alive
54616,Dead
54617,Alive
54618,Dead
54619,Alive
54620,Dead
54621,Alive
54622,Dead
54623,Alive
54624,Dead
54625,Alive
54626,Dead
54627,Alive
54628,Dead
54629,Alive
54630,Dead
54631,Alive
54632,Dead
54633,Alive
54634,Dead
54635,Alive
54636,Dead
54637,Alive
54638,Dead
54639,Alive
54640,Dead
54641,Alive
54642,Dead
54643,Alive
54644,Dead
54645,Alive
54646,Dead
54647,Alive
54648,Dead
54649,Alive
54650,Dead
54651,Alive
54652,Dead
54653,Alive
54654,Dead
54655,Alive
54656,Dead
54657,Alive
54658,Dead
54659,Alive
54660,Dead
54661,Alive
54662,Dead
54663,Alive
54664,Dead
54665,Alive
54666,Dead
54667,Alive
54668,Dead
54669,Alive
54670,Dead
54671,Alive
54672,Dead
54673,Alive
54674,Dead
54675,Alive
54676,Dead
54677,Alive
54678,Dead
54679,Alive
54680,Dead
54681,Alive
54682,Dead
54683,Alive
54684,Dead
54685,Alive
54686,Dead
54687,Alive
54688,Dead
54689,Alive
54690,Dead
54691,Alive
54692,Dead
54693,Alive
54694,Dead
54695,Alive
54696,Dead
54697,Alive
54698,Dead
54699,Alive
54700,Dead
54701,Alive
54702,Dead
54703,Alive
54704,Dead
54705,Alive
54706,Dead
54707,Alive
54708,Dead
54709,Alive
54710,Dead
54711,Alive
54712,Dead
54713,Alive
54714,Dead
54715,Alive
54716,Dead
54717,Alive
54718,Dead
54719,Alive
54720,Dead
54721,Alive
54722,Dead
54723,Alive
54724,Dead
54725,Alive
54726,Dead
54727,Alive
54728,Dead
54729,Alive
54730,Dead
54731,Alive
54732,Dead
54733,Alive
54734,Dead
54735,Alive
54736,Dead
54737,Alive
54738,Dead
54739,Alive
54740,Dead
54741,Alive
54742,Dead
54743,Alive
54744,Dead
54745,Alive
54746,Dead
54747,Alive
54748,Dead
54749,Alive
54750,Dead
54751,Alive
54752,Dead
54753,Alive
54754,Dead
54755,Alive
54756,Dead
54757,Alive
54758,Dead
54759,Alive
54760,Dead
54761,Alive
54762,Dead
54763,Alive
54764,Dead
54765,Alive
54766,Dead
54767,Alive
54768,Dead
54769,Alive
54770,Dead
54771,Alive
54772,Dead
54773,Alive
54774,Dead
54775,Alive
54776,Dead
54777,Alive
54778,Dead
54779,Alive
54780,Dead
54781,Alive
54782,Dead
54783,Alive
54784,Dead
54785,Alive
54786,Dead
54787,Alive
54788,Dead
54789,Alive
54790,Dead
54791,Alive
54792,Dead
54793,Alive
54794,Dead
54795,Alive
54796,Dead
54797,Alive
54798,Dead
54799,Alive
54800,Dead
54801,Alive
54802,Dead
54803,Alive
54804,Dead
54805,Alive
54806,Dead
54807,Alive
54808,Dead
54809,Alive
54810,Dead
54811,Alive
54812,Dead
54813,Alive
54814,Dead
54815,Alive
54816,Dead
54817,Alive
54818,Dead
54819,Alive
54820,Dead
54821,Alive
54822,Dead
54823,Alive
54824,Dead
54825,Alive
54826,Dead
54827,Alive
54828,Dead
54829,Alive
54830,Dead
54831,Alive
54832,Dead
54833,Alive
54834,Dead
54835,Alive
54836,Dead
54837,Alive
54838,Dead
54839,Alive
54840,Dead
54841,Alive
54842,Dead
54843,Alive
54844,Dead
54845,Alive
54846,Dead
54847,Alive
54848,Dead
54849,Alive
54850,Dead
54851,Alive
54852,Dead
54853,Alive
54854,Dead
54855,Alive
54856,Dead
54857,Alive
54858,Dead
54859,Alive
54860,Dead
54861,Alive
54862,Dead
54863,Alive
54864,Dead
54865,Alive
54866,Dead
54867,Alive
54868,Dead
54869,Alive
54870,Dead
54871,Alive
54872,Dead
54873,Alive
54874,Dead
54875,Alive
54876,Dead
54877,Alive
54878,Dead
54879,Alive
54880,Dead
54881,Alive
54882,Dead
54883,Alive
54884,Dead
54885,Alive
54886,Dead
54887,Alive
54888,Dead
54889,Alive
54890,Dead
54891,Alive
54892,Dead
54893,Alive
54894,Dead
54895,Alive
54896,Dead
54897,Alive
54898,Dead
54899,Alive
54900,Dead
54901,Alive
54902,Dead
54903,Alive
54904,Dead
54905,Alive
54906,Dead
54907,Alive
54908,Dead
54909,Alive
54910,Dead
54911,Alive
54912,Dead
54913,Alive
54914,Dead
54915,Alive
54916,Dead
54917,Alive
54918,Dead
54919,Alive
54920,Dead
54921,Alive
54922,Dead
54923,Alive
54924,Dead
54925,Alive
54926,Dead
54927,Alive
54928,Dead
54929,Alive
54930,Dead
54931,Alive
54932,Dead
54933,Alive
54934,Dead
54935,Alive
54936,Dead
54937,Alive
54938,Dead
54939,Alive
54940,Dead
54941,Alive
54942,Dead
54943,Alive
54944,Dead
54945,Alive
54946,Dead
54947,Alive
54948,Dead
54949,Alive
54950,Dead
54951,Alive
54952,Dead
54953,Alive
54954,Dead
54955,Alive
54956,Dead
54957,Alive
54958,Dead
54959,Alive
54960,Dead
54961,Alive
54962,Dead
54963,Alive
54964,Dead
54965,Alive
54966,Dead
54967,Alive
54968,Dead
54969,Alive
54970,Dead
54971,Alive
54972,Dead
54973,Alive
54974,Dead
54975,Alive
54976,Dead
54977,Alive
54978,Dead
54979,Alive
54980,Dead
54981,Alive
54982,Dead
54983,Alive
54984,Dead
54985,Alive
54986,Dead
54987,Alive
54988,Dead
54989,Alive
54990,Dead
54991,Alive
54992,Dead
54993,Alive
54994,Dead
54995,Alive
54996,Dead
54997,Alive
54998,Dead
54999,Alive
55000,Dead
55001,Alive
55002,Dead
55003,Alive
55004,Dead
55005,Alive
55006,Dead
55007,Alive
55008,Dead
55009,Alive
55010,Dead
55011,Alive
55012,Dead
55013,Alive
55014,Dead
55015,Alive
55016,Dead
55017,Alive
55018,Dead
55019,Alive
55020,Dead
55021,Alive
55022,Dead
55023,Alive
55024,Dead
55025,Alive
55026,Dead
55027,Alive
55028,Dead
55029,Alive
55030,Dead
55031,Alive
55032,Dead
55033,Alive
55034,Dead
55035,Alive
55036,Dead
55037,Alive
55038,Dead
55039,Alive
55040,Dead
55041,Alive
55042,Dead
55043,Alive
55044,Dead
55045,Alive
55046,Dead
55047,Alive
55048,Dead
55049,Alive
55050,Dead
55051,Alive
55052,Dead
55053,Alive
55054,Dead
55055,Alive
55056,Dead
55057,Alive
55058,Dead
55059,Alive
55060,Dead
55061,Alive
55062,Dead
55063,Alive
55064,Dead
55065,Alive
55066,Dead
55067,Alive
55068,Dead
55069,Alive
55070,Dead
55071,Alive
55072,Dead
55073,Alive
55074,Dead
55075,Alive
55076,Dead
55077,Alive
55078,Dead
55079,Alive
55080,Dead
55081,Alive
55082,Dead
55083,Alive
55084,Dead
55085,Alive
55086,Dead
55087,Alive
55088,Dead
55089,Alive
55090,Dead
55091,Alive
55092,Dead
55093,Alive
55094,Dead
55095,Alive
55096,Dead
55097,Alive
55098,Dead
55099,Alive
55100,Dead
55101,Alive
55102,Dead
55103,Alive
55104,Dead
55105,Alive
55106,Dead
55107,Alive
55108,Dead
55109,Alive
55110,Dead
55111,Alive
55112,Dead
55113,Alive
55114,Dead
55115,Alive
55116,Dead
55117,Alive
55118,Dead
55119,Alive
55120,Dead
55121,Alive
55122,Dead
55123,Alive
55124,Dead
55125,Alive
55126,Dead
55127,Alive
55128,Dead
55129,Alive
55130,Dead
55131,Alive
55132,Dead
55133,Alive
55134,Dead
55135,Alive
55136,Dead
55137,Alive
55138,Dead
55139,Alive
55140,Dead
55141,Alive
55142,Dead
55143,Alive
55144,Dead
55145,Alive
55146,Dead
55147,Alive
55148,Dead
55149,Alive
55150,Dead
55151,Alive
55152,Dead
55153,Alive
55154,Dead
55155,Alive
55156,Dead
55157,Alive
55158,Dead
55159,Alive
55160,Dead
55161,Alive
55162,Dead
55163,Alive
55164,Dead
55165,Alive
55166,Dead
55167,Alive
55168,Dead
55169,Alive
55170,Dead
55171,Alive
55172,Dead
55173,Alive
55174,Dead
55175,Alive
55176,Dead
55177,Alive
55178,Dead
55179,Alive
55180,Dead
55181,Alive
55182,Dead
55183,Alive
55184,Dead
55185,Alive
55186,Dead
55187,Alive
55188,Dead
55189,Alive
55190,Dead
55191,Alive
55192,Dead
55193,Alive
55194,Dead
55195,Alive
55196,Dead
55197,Alive
55198,Dead
55199,Alive
55200,Dead
55201,Alive
55202,Dead
55203,Alive
55204,Dead
55205,Alive
55206,Dead
55207,Alive
55208,Dead
55209,Alive
55210,Dead
55211,Alive
55212,Dead
55213,Alive
55214,Dead
55215,Alive
55216,Dead
55217,Alive
55218,Dead
55219,Alive
55220,Dead
55221,Alive
55222,Dead
55223,Alive
55224,Dead
55225,Alive
55226,Dead
55227,Alive
55228,Dead
55229,Alive
55230,Dead
55231,Alive
55232,Dead
55233,Alive
55234,Dead
55235,Alive
55236,Dead
55237,Alive
55238,Dead
55239,Alive
55240,Dead
55241,Alive
55242,Dead
55243,Alive
55244,Dead
55245,Alive
55246,Dead
55247,Alive
55248,Dead
55249,Alive
55250,Dead
55251,Alive
55252,Dead
55253,Alive
55254,Dead
55255,Alive
55256,Dead
55257,Alive
55258,Dead
55259,Alive
55260,Dead
55261,Alive
55262,Dead
55263,Alive
55264,Dead
55265,Alive
55266,Dead
55267,Alive
55268,Dead
55269,Alive
55270,Dead
55271,Alive
55272,Dead
55273,Alive
55274,Dead
55275,Alive
55276,Dead
55277,Alive
55278,Dead
55279,Alive
55280,Dead
55281,Alive
55282,Dead
55283,Alive
55284,Dead
55285,Alive
55286,Dead
55287,Alive
55288,Dead
55289,Alive
55290,Dead
55291,Alive
55292,Dead
55293,Alive
55294,Dead
55295,Alive
55296,Dead
55297,Alive
55298,Dead
55299,Alive
55300,Dead
55301,Alive
55302,Dead
55303,Alive
55304,Dead
55305,Alive
55306,Dead
55307,Alive
55308,Dead
55309,Alive
55310,Dead
55311,Alive
55312,Dead
55313,Alive
55314,Dead
55315,Alive
55316,Dead
55317,Alive
55318,Dead
55319,Alive
55320,Dead
55321,Alive
55322,Dead
55323,Alive
55324,Dead
55325,Alive
55326,Dead
55327,Alive
55328,Dead
55329,Alive
55330,Dead
55331,Alive
55332,Dead
55333,Alive
55334,Dead
55335,Alive
55336,Dead
55337,Alive
55338,Dead
55339,Alive
55340,Dead
55341,Alive
55342,Dead
55343,Alive
55344,Dead
55345,Alive
55346,Dead
55347,Alive
55348,Dead
55349,Alive
55350,Dead
55351,Alive
55352,Dead
55353,Alive
55354,Dead
55355,Alive
55356,Dead
55357,Alive
55358,Dead
55359,Alive
55360,Dead
55361,Alive
55362,Dead
55363,Alive
55364,Dead
55365,Alive
55366,Dead
55367,Alive
55368,Dead
55369,Alive
55370,Dead
55371,Alive
55372,Dead
55373,Alive
55374,Dead
55375,Alive
55376,Dead
55377,Alive
55378,Dead
55379,Alive
55380,Dead
55381,Alive
55382,Dead
55383,Alive
55384,Dead
55385,Alive
55386,Dead
55387,Alive
55388,Dead
55389,Alive
55390,Dead
55391,Alive
55392,Dead
55393,Alive
55394,Dead
55395,Alive
55396,Dead
55397,Alive
55398,Dead
55399,Alive
55400,Dead
55401,Alive
55402,Dead
55403,Alive
55404,Dead
55405,Alive
55406,Dead
55407,Alive
55408,Dead
55409,Alive
55410,Dead
55411,Alive
55412,Dead
55413,Alive
55414,Dead
55415,Alive
55416,Dead
55417,Alive
55418,Dead
55419,Alive
55420,Dead
55421,Alive
55422,Dead
55423,Alive
55424,Dead
55425,Alive
55426,Dead
55427,Alive
55428,Dead
55429,Alive
55430,Dead
55431,Alive
55432,Dead
55433,Alive
55434,Dead
55435,Alive
55436,Dead
55437,Alive
55438,Dead
55439,Alive
55440,Dead
55441,Alive
55442,Dead
55443,Alive
55444,Dead
55445,Alive
55446,Dead
55447,Alive
55448,Dead
55449,Alive
55450,Dead
55451,Alive
55452,Dead
55453,Alive
55454,Dead
55455,Alive
55456,Dead
55457,Alive
55458,Dead
55459,Alive
55460,Dead
55461,Alive
55462,Dead
55463,Alive
55464,Dead
55465,Alive
55466,Dead
55467,Alive
55468,Dead
55469,Alive
55470,Dead
55471,Alive
55472,Dead
55473,Alive
55474,Dead
55475,Alive
55476,Dead
55477,Alive
55478,Dead
55479,Alive
55480,Dead
55481,Alive
55482,Dead
55483,Alive
55484,Dead
55485,Alive
55486,Dead
55487,Alive
55488,Dead
55489,Alive
55490,Dead
55491,Alive
55492,Dead
55493,Alive
55494,Dead
55495,Alive
55496,Dead
55497,Alive
55498,Dead
55499,Alive
55500,Dead
55501,Alive
55502,Dead
55503,Alive
55504,Dead
55505,Alive
55506,Dead
55507,Alive
55508,Dead
55509,Alive
55510,Dead
55511,Alive
55512,Dead
55513,Alive
55514,Dead
55515,Alive
55516,Dead
55517,Alive
55518,Dead
55519,Alive
55520,Dead
55521,Alive
55522,Dead
55523,Alive
55524,Dead
55525,Alive
55526,Dead
55527,Alive
55528,Dead
55529,Alive
55530,Dead
55531,Alive
55532,Dead
55533,Alive
55534,Dead
55535,Alive
55536,Dead
55537,Alive
55538,Dead
55539,Alive
55540,Dead
55541,Alive
55542,Dead
55543,Alive
55544,Dead
55545,Alive
55546,Dead
55547,Alive
55548,Dead
55549,Alive
55550,Dead
55551,Alive
55552,Dead
55553,Alive
55554,Dead
55555,Alive
55556,Dead
55557,Alive
55558,Dead
55559,Alive
55560,Dead
55561,Alive
55562,Dead
55563,Alive
55564,Dead
55565,Alive
55566,Dead
55567,Alive
55568,Dead
55569,Alive
55570,Dead
55571,Alive
55572,Dead
55573,Alive
55574,Dead
55575,Alive
55576,Dead
55577,Alive
55578,Dead
55579,Alive
55580,Dead
55581,Alive
55582,Dead
55583,Alive
55584,Dead
55585,Alive
55586,Dead
55587,Alive
55588,Dead
55589,Alive
55590,Dead
55591,Alive
55592,Dead
55593,Alive
55594,Dead
55595,Alive
55596,Dead
55597,Alive
55598,Dead
55599,Alive
55600,Dead
55601,Alive
55602,Dead
55603,Alive
55604,Dead
55605,Alive
55606,Dead
55607,Alive
55608,Dead
55609,Alive
55610,Dead
55611,Alive
55612,Dead
55613,Alive
55614,Dead
55615,Alive
55616,Dead
55617,Alive
55618,Dead
55619,Alive
55620,Dead
55621,Alive
55622,Dead
55623,Alive
55624,Dead
55625,Alive
55626,Dead
55627,Alive
55628,Dead
55629,Alive
55630,Dead
55631,Alive
55632,Dead
55633,Alive
55634,Dead
55635,Alive
55636,Dead
55637,Alive
55638,Dead
55639,Alive
55640,Dead
55641,Alive
55642,Dead
55643,Alive
55644,Dead
55645,Alive
55646,Dead
55647,Alive
55648,Dead
55649,Alive
55650,Dead
55651,Alive
55652,Dead
55653,Alive
55654,Dead
55655,Alive
55656,Dead
55657,Alive
55658,Dead
55659,Alive
55660,Dead
55661,Alive
55662,Dead
55663,Alive
55664,Dead
55665,Alive
55666,Dead
55667,Alive
55668,Dead
55669,Alive
55670,Dead
55671,Alive
55672,Dead
55673,Alive
55674,Dead
55675,Alive
55676,Dead
55677,Alive
55678,Dead
55679,Alive
55680,Dead
55681,Alive
55682,Dead
55683,Alive
55684,Dead
55685,Alive
55686,Dead
55687,Alive
55688,Dead
55689,Alive
55690,Dead
55691,Alive
55692,Dead
55693,Alive
55694,Dead
55695,Alive
55696,Dead
55697,Alive
55698,Dead
55699,Alive
55700,Dead
55701,Alive
55702,Dead
55703,Alive
55704,Dead
55705,Alive
55706,Dead
55707,Alive
55708,Dead
55709,Alive
55710,Dead
55711,Alive
55712,Dead
55713,Alive
55714,Dead
55715,Alive
55716,Dead
55717,Alive
55718,Dead
55719,Alive
55720,Dead
55721,Alive
55722,Dead
55723,Alive
55724,Dead
55725,Alive
55726,Dead
55727,Alive
55728,Dead
55729,Alive
55730,Dead
55731,Alive
55732,Dead
55733,Alive
55734,Dead
55735,Alive
55736,Dead
55737,Alive
55738,Dead
55739,Alive
55740,Dead
55741,Alive
55742,Dead
55743,Alive
55744,Dead
55745,Alive
55746,Dead
55747,Alive
55748,Dead
55749,Alive
55750,Dead
55751,Alive
55752,Dead
55753,Alive
55754,Dead
55755,Alive
55756,Dead
55757,Alive
55758,Dead
55759,Alive
55760,Dead
55761,Alive
55762,Dead
55763,Alive
55764,Dead
55765,Alive
55766,Dead
55767,Alive
55768,Dead
55769,Alive
55770,Dead
55771,Alive
55772,Dead
55773,Alive
55774,Dead
55775,Alive
55776,Dead
55777,Alive
55778,Dead
55779,Alive
55780,Dead
55781,Alive
55782,Dead
55783,Alive
55784,Dead
55785,Alive
55786,Dead
55787,Alive
55788,Dead
55789,Alive
55790,Dead
55791,Alive
55792,Dead
55793,Alive
55794,Dead
55795,Alive
55796,Dead
55797,Alive
55798,Dead
55799,Alive
55800,Dead
55801,Alive
55802,Dead
55803,Alive
55804,Dead
55805,Alive
55806,Dead
55807,Alive
55808,Dead
55809,Alive
55810,Dead
55811,Alive
55812,Dead
55813,Alive
55814,Dead
55815,Alive
55816,Dead
55817,Alive
55818,Dead
55819,Alive
55820,Dead
55821,Alive
55822,Dead
55823,Alive
55824,Dead
55825,Alive
55826,Dead
55827,Alive
55828,Dead
55829,Alive
55830,Dead
55831,Alive
55832,Dead
55833,Alive
55834,Dead
55835,Alive
55836,Dead
55837,Alive
55838,Dead
55839,Alive
55840,Dead
55841,Alive
55842,Dead
55843,Alive
55844,Dead
55845,Alive
55846,Dead
55847,Alive
55848,Dead
55849,Alive
55850,Dead
55851,Alive
55852,Dead
55853,Alive
55854,Dead
55855,Alive
55856,Dead
55857,Alive
55858,Dead
55859,Alive
55860,Dead
55861,Alive
55862,Dead
55863,Alive
55864,Dead
55865,Alive
55866,Dead
55867,Alive
55868,Dead
55869,Alive
55870,Dead
55871,Alive
55872,Dead
55873,Alive
55874,Dead
55875,Alive
55876,Dead
55877,Alive
55878,Dead
55879,Alive
55880,Dead
55881,Alive
55882,Dead
55883,Alive
55884,Dead
55885,Alive
55886,Dead
55887,Alive
55888,Dead
55889,Alive
55890,Dead
55891,Alive
55892,Dead
55893,Alive
55894,Dead
55895,Alive
55896,Dead
55897,Alive
55898,Dead
55899,Alive
55900,Dead
55901,Alive
55902,Dead
55903,Alive
55904,Dead
55905,Alive
55906,Dead
55907,Alive
55908,Dead
55909,Alive
55910,Dead
55911,Alive
55912,Dead
55913,Alive
55914,Dead
55915,Alive
55916,Dead
55917,Alive
55918,Dead
55919,Alive
55920,Dead
55921,Alive
55922,Dead
55923,Alive
55924,Dead
55925,Alive
55926,Dead
55927,Alive
55928,Dead
55929,Alive
55930,Dead
55931,Alive
55932,Dead
55933,Alive
55934,Dead
55935,Alive
55936,Dead
55937,Alive
55938,Dead
55939,Alive
55940,Dead
55941,Alive
55942,Dead
55943,Alive
55944,Dead
55945,Alive
55946,Dead
55947,Alive
55948,Dead
55949,Alive
55950,Dead
55951,Alive
55952,Dead
55953,Alive
55954,Dead
55955,Alive
55956,Dead
55957,Alive
55958,Dead
55959,Alive
55960,Dead
55961,Alive
55962,Dead
55963,Alive
55964,Dead
55965,Alive
55966,Dead
55967,Alive
55968,Dead
55969,Alive
55970,Dead
55971,Alive
55972,Dead
55973,Alive
55974,Dead
55975,Alive
55976,Dead
55977,Alive
55978,Dead
55979,Alive
55980,Dead
55981,Alive
55982,Dead
55983,Alive
55984,Dead
55985,Alive
55986,Dead
55987,Alive
55988,Dead
55989,Alive
55990,Dead
55991,Alive
55992,Dead
55993,Alive
55994,Dead
55995,Alive
55996,Dead
55997,Alive
55998,Dead
55999,Alive
56000,Dead
56001,Alive
56002,Dead
56003,Alive
56004,Dead
56005,Alive
56006,Dead
56007,Alive
56008,Dead
56009,Alive
56010,Dead
56011,Alive
56012,Dead
56013,Alive
56014,Dead
56015,Alive
56016,Dead
56017,Alive
56018,Dead
56019,Alive
56020,Dead
56021,Alive
56022,Dead
56023,Alive
56024,Dead
56025,Alive
56026,Dead
56027,Alive
56028,Dead
56029,Alive
56030,Dead
56031,Alive
56032,Dead
56033,Alive
56034,Dead
56035,Alive
56036,Dead
56037,Alive
56038,Dead
56039,Alive
56040,Dead
56041,Alive
56042,Dead
56043,Alive
56044,Dead
56045,Alive
56046,Dead
56047,Alive
56048,Dead
56049,Alive
56050,Dead
56051,Alive
56052,Dead
56053,Alive
56054,Dead
56055,Alive
56056,Dead
56057,Alive
56058,Dead
56059,Alive
56060,Dead
56061,Alive
56062,Dead
56063,Alive
56064,Dead
56065,Alive
56066,Dead
56067,Alive
56068,Dead
56069,Alive
56070,Dead
56071,Alive
56072,Dead
56073,Alive
56074,Dead
56075,Alive
56076,Dead
56077,Alive
56078,Dead
56079,Alive
56080,Dead
56081,Alive
56082,Dead
56083,Alive
56084,Dead
56085,Alive
56086,Dead
56087,Alive
56088,Dead
56089,Alive
56090,Dead
56091,Alive
56092,Dead
56093,Alive
56094,Dead
56095,Alive
56096,Dead
56097,Alive
56098,Dead
56099,Alive
56100,Dead
56101,Alive
56102,Dead
56103,Alive
56104,Dead
56105,Alive
56106,Dead
56107,Alive
56108,Dead
56109,Alive
56110,Dead
56111,Alive
56112,Dead
56113,Alive
56114,Dead
56115,Alive
56116,Dead
56117,Alive
56118,Dead
56119,Alive
56120,Dead
56121,Alive
56122,Dead
56123,Alive
56124,Dead
56125,Alive
56126,Dead
56127,Alive
56128,Dead
56129,Alive
56130,Dead
56131,Alive
56132,Dead
56133,Alive
56134,Dead
56135,Alive
56136,Dead
56137,Alive
56138,Dead
56139,Alive
56140,Dead
56141,Alive
56142,Dead
56143,Alive
56144,Dead
56145,Alive
56146,Dead
56147,Alive
56148,Dead
56149,Alive
56150,Dead
56151,Alive
56152,Dead
56153,Alive
56154,Dead
56155,Alive
56156,Dead
56157,Alive
56158,Dead
56159,Alive
56160,Dead
56161,Alive
56162,Dead
56163,Alive
56164,Dead
56165,Alive
56166,Dead
56167,Alive
56168,Dead
56169,Alive
56170,Dead
56171,Alive
56172,Dead
56173,Alive
56174,Dead
56175,Alive
56176,Dead
56177,Alive
56178,Dead
56179,Alive
56180,Dead
56181,Alive
56182,Dead
56183,Alive
56184,Dead
56185,Alive
56186,Dead
56187,Alive
56188,Dead
56189,Alive
56190,Dead
56191,Alive
56192,Dead
56193,Alive
56194,Dead
56195,Alive
56196,Dead
56197,Alive
56198,Dead
56199,Alive
56200,Dead
56201,Alive
56202,Dead
56203,Alive
56204,Dead
56205,Alive
56206,Dead
56207,Alive
56208,Dead
56209,Alive
56210,Dead
56211,Alive
56212,Dead
56213,Alive
56214,Dead
56215,Alive
56216,Dead
56217,Alive
56218,Dead
56219,Alive
56220,Dead
56221,Alive
56222,Dead
56223,Alive
56224,Dead
56225,Alive
56226,Dead
56227,Alive
56228,Dead
56229,Alive
56230,Dead
56231,Alive
56232,Dead
56233,Alive
56234,Dead
56235,Alive
56236,Dead
56237,Alive
56238,Dead
56239,Alive
56240,Dead
56241,Alive
56242,Dead
56243,Alive
56244,Dead
56245,Alive
56246,Dead
56247,Alive
56248,Dead
56249,Alive
56250,Dead
56251,Alive
56252,Dead
56253,Alive
56254,Dead
56255,Alive
56256,Dead
56257,Alive
56258,Dead
56259,Alive
56260,Dead
56261,Alive
56262,Dead
56263,Alive
56264,Dead
56265,Alive
56266,Dead
56267,Alive
56268,Dead
56269,Alive
56270,Dead
56271,Alive
56272,Dead
56273,Alive
56274,Dead
56275,Alive
56276,Dead
56277,Alive
56278,Dead
56279,Alive
56280,Dead
56281,Alive
56282,Dead
56283,Alive
56284,Dead
56285,Alive
56286,Dead
56287,Alive
56288,Dead
56289,Alive
56290,Dead
56291,Alive
56292,Dead
56293,Alive
56294,Dead
56295,Alive
56296,Dead
56297,Alive
56298,Dead
56299,Alive
56300,Dead
56301,Alive
56302,Dead
56303,Alive
56304,Dead
56305,Alive
56306,Dead
56307,Alive
56308,Dead
56309,Alive
56310,Dead
56311,Alive
56312,Dead
56313,Alive
56314,Dead
56315,Alive
56316,Dead
56317,Alive
56318,Dead
56319,Alive
56320,Dead
56321,Alive
56322,Dead
56323,Alive
56324,Dead
56325,Alive
56326,Dead
56327,Alive
56328,Dead
56329,Alive
56330,Dead
56331,Alive
56332,Dead
56333,Alive
56334,Dead
56335,Alive
56336,Dead
56337,Alive
56338,Dead
56339,Alive
56340,Dead
56341,Alive
56342,Dead
56343,Alive
56344,Dead
56345,Alive
56346,Dead
56347,Alive
56348,Dead
56349,Alive
56350,Dead
56351,Alive
56352,Dead
56353,Alive
56354,Dead
56355,Alive
56356,Dead
56357,Alive
56358,Dead
56359,Alive
56360,Dead
56361,Alive
56362,Dead
56363,Alive
56364,Dead
56365,Alive
56366,Dead
56367,Alive
56368,Dead
56369,Alive
56370,Dead
56371,Alive
56372,Dead
56373,Alive
56374,Dead
56375,Alive
56376,Dead
56377,Alive
56378,Dead
56379,Alive
56380,Dead
56381,Alive
56382,Dead
56383,Alive
56384,Dead
56385,Alive
56386,Dead
56387,Alive
56388,Dead
56389,Alive
56390,Dead
56391,Alive
56392,Dead
56393,Alive
56394,Dead
56395,Alive
56396,Dead
56397,Alive
56398,Dead
56399,Alive
56400,Dead
56401,Alive
56402,Dead
56403,Alive
56404,Dead
56405,Alive
56406,Dead
56407,Alive
56408,Dead
56409,Alive
56410,Dead
56411,Alive
56412,Dead
56413,Alive
56414,Dead
56415,Alive
56416,Dead
56417,Alive
56418,Dead
56419,Alive
56420,Dead
56421,Alive
56422,Dead
56423,Alive
56424,Dead
56425,Alive
56426,Dead
56427,Alive
56428,Dead
56429,Alive
56430,Dead
56431,Alive
56432,Dead
56433,Alive
56434,Dead
56435,Alive
56436,Dead
56437,Alive
56438,Dead
56439,Alive
56440,Dead
56441,Alive
56442,Dead
56443,Alive
56444,Dead
56445,Alive
56446,Dead
56447,Alive
56448,Dead
56449,Alive
56450,Dead
56451,Alive
56452,Dead
56453,Alive
56454,Dead
56455,Alive
56456,Dead
56457,Alive
56458,Dead
56459,Alive
56460,Dead
56461,Alive
56462,Dead
56463,Alive
56464,Dead
56465,Alive
56466,Dead
56467,Alive
56468,Dead
56469,Alive
56470,Dead
56471,Alive
56472,Dead
56473,Alive
56474,Dead
56475,Alive
56476,Dead
56477,Alive
56478,Dead
56479,Alive
56480,Dead
56481,Alive
56482,Dead
56483,Alive
56484,Dead
56485,Alive
56486,Dead
56487,Alive
56488,Dead
56489,Alive
56490,Dead
56491,Alive
56492,Dead
56493,Alive
56494,Dead
56495,Alive
56496,Dead
56497,Alive
56498,Dead
56499,Alive
56500,Dead
56501,Alive
56502,Dead
56503,Alive
56504,Dead
56505,Alive
56506,Dead
56507,Alive
56508,Dead
56509,Alive
56510,Dead
56511,Alive
56512,Dead
56513,Alive
56514,Dead
56515,Alive
56516,Dead
56517,Alive
56518,Dead
56519,Alive
56520,Dead
56521,Alive
56522,Dead
56523,Alive
56524,Dead
56525,Alive
56526,Dead
56527,Alive
56528,Dead
56529,Alive
56530,Dead
56531,Alive
56532,Dead
56533,Alive
56534,Dead
56535,Alive
56536,Dead
56537,Alive
56538,Dead
56539,Alive
56540,Dead
56541,Alive
56542,Dead
56543,Alive
56544,Dead
56545,Alive
56546,Dead
56547,Alive
56548,Dead
56549,Alive
56550,Dead
56551,Alive
56552,Dead
56553,Alive
56554,Dead
56555,Alive
56556,Dead
56557,Alive
56558,Dead
56559,Alive
56560,Dead
56561,Alive
56562,Dead
56563,Alive
56564,Dead
56565,Alive
56566,Dead
56567,Alive
56568,Dead
56569,Alive
56570,Dead
56571,Alive
56572,Dead
56573,Alive
56574,Dead
56575,Alive
56576,Dead
56577,Alive
56578,Dead
56579,Alive
56580,Dead
56581,Alive
56582,Dead
56583,Alive
56584,Dead
56585,Alive
56586,Dead
56587,Alive
56588,Dead
56589,Alive
56590,Dead
56591,Alive
56592,Dead
56593,Alive
56594,Dead
56595,Alive
56596,Dead
56597,Alive
56598,Dead
56599,Alive
56600,Dead
56601,Alive
56602,Dead
56603,Alive
56604,Dead
56605,Alive
56606,Dead
56607,Alive
56608,Dead
56609,Alive
56610,Dead
56611,Alive
56612,Dead
56613,Alive
56614,Dead
56615,Alive
56616,Dead
56617,Alive
56618,Dead
56619,Alive
56620,Dead
56621,Alive
56622,Dead
56623,Alive
56624,Dead
56625,Alive
56626,Dead
56627,Alive
56628,Dead
56629,Alive
56630,Dead
56631,Alive
56632,Dead
56633,Alive
56634,Dead
56635,Alive
56636,Dead
56637,Alive
56638,Dead
56639,Alive
56640,Dead
56641,Alive
56642,Dead
56643,Alive
56644,Dead
56645,Alive
56646,Dead
56647,Alive
56648,Dead
56649,Alive
56650,Dead
56651,Alive
56652,Dead
56653,Alive
56654,Dead
56655,Alive
56656,Dead
56657,Alive
56658,Dead
56659,Alive
56660,Dead
56661,Alive
56662,Dead
56663,Alive
56664,Dead
56665,Alive
56666,Dead
56667,Alive
56668,Dead
56669,Alive
56670,Dead
56671,Alive
56672,Dead
56673,Alive
56674,Dead
56675,Alive
56676,Dead
56677,Alive
56678,Dead
56679,Alive
56680,Dead
56681,Alive
56682,Dead
56683,Alive
56684,Dead
56685,Alive
56686,Dead
56687,Alive
56688,Dead
56689,Alive
56690,Dead
56691,Alive
56692,Dead
56693,Alive
56694,Dead
56695,Alive
56696,Dead
56697,Alive
56698,Dead
56699,Alive
56700,Dead
56701,Alive
56702,Dead
56703,Alive
56704,Dead
56705,Alive
56706,Dead
56707,Alive
56708,Dead
56709,Alive
56710,Dead
56711,Alive
56712,Dead
56713,Alive
56714,Dead
56715,Alive
56716,Dead
56717,Alive
56718,Dead
56719,Alive
56720,Dead
56721,Alive
56722,Dead
56723,Alive
56724,Dead
56725,Alive
56726,Dead
56727,Alive
56728,Dead
56729,Alive
56730,Dead
56731,Alive
56732,Dead
56733,Alive
56734,Dead
56735,Alive
56736,Dead
56737,Alive
56738,Dead
56739,Alive
56740,Dead
56741,Alive
56742,Dead
56743,Alive
56744,Dead
56745,Alive
56746,Dead
56747,Alive
56748,Dead
56749,Alive
56750,Dead
56751,Alive
56752,Dead
56753,Alive
56754,Dead
56755,Alive
56756,Dead
56757,Alive
56758,Dead
56759,Alive
56760,Dead
56761,Alive
56762,Dead
56763,Alive
56764,Dead
56765,Alive
56766,Dead
56767,Alive
56768,Dead
56769,Alive
56770,Dead
56771,Alive
56772,Dead
56773,Alive
56774,Dead
56775,Alive
56776,Dead
56777,Alive
56778,Dead
56779,Alive
56780,Dead
56781,Alive
56782,Dead
56783,Alive
56784,Dead
56785,Alive
56786,Dead
56787,Alive
56788,Dead
56789,Alive
56790,Dead
56791,Alive
56792,Dead
56793,Alive
56794,Dead
56795,Alive
56796,Dead
56797,Alive
56798,Dead
56799,Alive
56800,Dead
56801,Alive
56802,Dead
56803,Alive
56804,Dead
56805,Alive
56806,Dead
56807,Alive
56808,Dead
56809,Alive
56810,Dead
56811,Alive
56812,Dead
56813,Alive
56814,Dead
56815,Alive
56816,Dead
56817,Alive
56818,Dead
56819,Alive
56820,Dead
56821,Alive
56822,Dead
56823,Alive
56824,Dead
56825,Alive
56826,Dead
56827,Alive
56828,Dead
56829,Alive
56830,Dead
56831,Alive
56832,Dead
56833,Alive
56834,Dead
56835,Alive
56836,Dead
56837,Alive
56838,Dead
56839,Alive
56840,Dead
56841,Alive
56842,Dead
56843,Alive
56844,Dead
56845,Alive
56846,Dead
56847,Alive
56848,Dead
56849,Alive
56850,Dead
56851,Alive
56852,Dead
56853,Alive
56854,Dead
56855,Alive
56856,Dead
56857,Alive
56858,Dead
56859,Alive
56860,Dead
56861,Alive
56862,Dead
56863,Alive
56864,Dead
56865,Alive
56866,Dead
56867,Alive
56868,Dead
56869,Alive
56870,Dead
56871,Alive
56872,Dead
56873,Alive
56874,Dead
56875,Alive
56876,Dead
56877,Alive
56878,Dead
56879,Alive
56880,Dead
56881,Alive
56882,Dead
56883,Alive
56884,Dead
56885,Alive
56886,Dead
56887,Alive
56888,Dead
56889,Alive
56890,Dead
56891,Alive
56892,Dead
56893,Alive
56894,Dead
56895,Alive
56896,Dead
56897,Alive
56898,Dead
56899,Alive
56900,Dead
56901,Alive
56902,Dead
56903,Alive
56904,Dead
56905,Alive
56906,Dead
56907,Alive
56908,Dead
56909,Alive
56910,Dead
56911,Alive
56912,Dead
56913,Alive
56914,Dead
56915,Alive
56916,Dead
56917,Alive
56918,Dead
56919,Alive
56920,Dead
56921,Alive
56922,Dead
56923,Alive
56924,Dead
56925,Alive
56926,Dead
56927,Alive
56928,Dead
56929,Alive
56930,Dead
56931,Alive
56932,Dead
56933,Alive
56934,Dead
56935,Alive
56936,Dead
56937,Alive
56938,Dead
56939,Alive
56940,Dead
56941,Alive
56942,Dead
56943,Alive
56944,Dead
56945,Alive
56946,Dead
56947,Alive
56948,Dead
56949,Alive
56950,Dead
56951,Alive
56952,Dead
56953,Alive
56954,Dead
56955,Alive
56956,Dead
56957,Alive
56958,Dead
56959,Alive
56960,Dead
56961,Alive
56962,Dead
56963,Alive
56964,Dead
56965,Alive
56966,Dead
56967,Alive
56968,Dead
56969,Alive
56970,Dead
56971,Alive
56972,Dead
56973,Alive
56974,Dead
56975,Alive
56976,Dead
56977,Alive
56978,Dead
56979,Alive
56980,Dead
56981,Alive
56982,Dead
56983,Alive
56984,Dead
56985,Alive
56986,Dead
56987,Alive
56988,Dead
56989,Alive
56990,Dead
56991,Alive
56992,Dead
56993,Alive
56994,Dead
56995,Alive
56996,Dead
56997,Alive
56998,Dead
56999,Alive
57000,Dead
57001,Alive
57002,Dead
57003,Alive
57004,Dead
57005,Alive
57006,Dead
57007,Alive
57008,Dead
57009,Alive
57010,Dead
57011,Alive
57012,Dead
57013,Alive
57014,Dead
57015,Alive
57016,Dead
57017,Alive
57018,Dead
57019,Alive
57020,Dead
57021,Alive
57022,Dead
57023,Alive
57024,Dead
57025,Alive
57026,Dead
57027,Alive
57028,Dead
57029,Alive
57030,Dead
57031,Alive
57032,Dead
57033,Alive
57034,Dead
57035,Alive
57036,Dead
57037,Alive
57038,Dead
57039,Alive
57040,Dead
57041,Alive
57042,Dead
57043,Alive
57044,Dead
57045,Alive
57046,Dead
57047,Alive
57048,Dead
57049,Alive
57050,Dead
57051,Alive
57052,Dead
57053,Alive
57054,Dead
57055,Alive
57056,Dead
57057,Alive
57058,Dead
57059,Alive
57060,Dead
57061,Alive
57062,Dead
57063,Alive
57064,Dead
57065,Alive
57066,Dead
57067,Alive
57068,Dead
57069,Alive
57070,Dead
57071,Alive
57072,Dead
57073,Alive
57074,Dead
57075,Alive
57076,Dead
57077,Alive
57078,Dead
57079,Alive
57080,Dead
57081,Alive
57082,Dead
57083,Alive
57084,Dead
57085,Alive
57086,Dead
57087,Alive
57088,Dead
57089,Alive
57090,Dead
57091,Alive
57092,Dead
57093,Alive
57094,Dead
57095,Alive
57096,Dead
57097,Alive
57098,Dead
57099,Alive
57100,Dead
57101,Alive
57102,Dead
57103,Alive
57104,Dead
57105,Alive
57106,Dead
57107,Alive
57108,Dead
57109,Alive
57110,Dead
57111,Alive
57112,Dead
57113,Alive
57114,Dead
57115,Alive
57116,Dead
57117,Alive
57118,Dead
57119,Alive
57120,Dead
57121,Alive
57122,Dead
57123,Alive
57124,Dead
57125,Alive
57126,Dead
57127,Alive
57128,Dead
57129,Alive
57130,Dead
57131,Alive
57132,Dead
57133,Alive
57134,Dead
57135,Alive
57136,Dead
57137,Alive
57138,Dead
57139,Alive
57140,Dead
57141,Alive
57142,Dead
57143,Alive
57144,Dead
57145,Alive
57146,Dead
57147,Alive
57148,Dead
57149,Alive
57150,Dead
57151,Alive
57152,Dead
57153,Alive
57154,Dead
57155,Alive
57156,Dead
57157,Alive
57158,Dead
57159,Alive
57160,Dead
57161,Alive
57162,Dead
57163,Alive
57164,Dead
57165,Alive
57166,Dead
57167,Alive
57168,Dead
57169,Alive
57170,Dead
57171,Alive
57172,Dead
57173,Alive
57174,Dead
57175,Alive
57176,Dead
57177,Alive
57178,Dead
57179,Alive
57180,Dead
57181,Alive
57182,Dead
57183,Alive
57184,Dead
57185,Alive
57186,Dead
57187,Alive
57188,Dead
57189,Alive
57190,Dead
57191,Alive
57192,Dead
57193,Alive
57194,Dead
57195,Alive
57196,Dead
57197,Alive
57198,Dead
57199,Alive
57200,Dead
57201,Alive
57202,Dead
57203,Alive
57204,Dead
57205,Alive
57206,Dead
57207,Alive
57208,Dead
57209,Alive
57210,Dead
57211,Alive
57212,Dead
57213,Alive
57214,Dead
57215,Alive
57216,Dead
57217,Alive
57218,Dead
57219,Alive
57220,Dead
57221,Alive
57222,Dead
57223,Alive
57224,Dead
57225,Alive
57226,Dead
57227,Alive
57228,Dead
57229,Alive
57230,Dead
57231,Alive
57232,Dead
57233,Alive
57234,Dead
57235,Alive
57236,Dead
57237,Alive
57238,Dead
57239,Alive
57240,Dead
57241,Alive
57242,Dead
57243,Alive
57244,Dead
57245,Alive
57246,Dead
57247,Alive
57248,Dead
57249,Alive
57250,Dead
57251,Alive
57252,Dead
57253,Alive
57254,Dead
57255,Alive
57256,Dead
57257,Alive
57258,Dead
57259,Alive
57260,Dead
57261,Alive
57262,Dead
57263,Alive
57264,Dead
57265,Alive
57266,Dead
57267,Alive
57268,Dead
57269,Alive
57270,Dead
57271,Alive
57272,Dead
57273,Alive
57274,Dead
57275,Alive
57276,Dead
57277,Alive
57278,Dead
57279,Alive
57280,Dead
57281,Alive
57282,Dead
57283,Alive
57284,Dead
57285,Alive
57286,Dead
57287,Alive
57288,Dead
57289,Alive
57290,Dead
57291,Alive
57292,Dead
57293,Alive
57294,Dead
57295,Alive
57296,Dead
57297,Alive
57298,Dead
57299,Alive
57300,Dead
57301,Alive
57302,Dead
57303,Alive
57304,Dead
57305,Alive
57306,Dead
57307,Alive
57308,Dead
57309,Alive
57310,Dead
57311,Alive
57312,Dead
57313,Alive
57314,Dead
57315,Alive
57316,Dead
57317,Alive
57318,Dead
57319,Alive
57320,Dead
57321,Alive
57322,Dead
57323,Alive
57324,Dead
57325,Alive
57326,Dead
57327,Alive
57328,Dead
57329,Alive
57330,Dead
57331,Alive
57332,Dead
57333,Alive
57334,Dead
57335,Alive
57336,Dead
57337,Alive
57338,Dead
57339,Alive
57340,Dead
57341,Alive
57342,Dead
57343,Alive
57344,Dead
57345,Alive
57346,Dead
57347,Alive
57348,Dead
57349,Alive
57350,Dead
57351,Alive
57352,Dead
57353,Alive
57354,Dead
57355,Alive
57356,Dead
57357,Alive
57358,Dead
57359,Alive
57360,Dead
57361,Alive
57362,Dead
57363,Alive
57364,Dead
57365,Alive
57366,Dead
57367,Alive
57368,Dead
57369,Alive
57370,Dead
57371,Alive
57372,Dead
57373,Alive
57374,Dead
57375,Alive
57376,Dead
57377,Alive
57378,Dead
57379,Alive
57380,Dead
57381,Alive
57382,Dead
57383,Alive
57384,Dead
57385,Alive
57386,Dead
57387,Alive
57388,Dead
57389,Alive
57390,Dead
57391,Alive
57392,Dead
57393,Alive
57394,Dead
57395,Alive
57396,Dead
57397,Alive
57398,Dead
57399,Alive
57400,Dead
57401,Alive
57402,Dead
57403,Alive
57404,Dead
57405,Alive
57406,Dead
57407,Alive
57408,Dead
57409,Alive
57410,Dead
57411,Alive
57412,Dead
57413,Alive
57414,Dead
57415,Alive
57416,Dead
57417,Alive
57418,Dead
57419,Alive
57420,Dead
57421,Alive
57422,Dead
57423,Alive
57424,Dead
57425,Alive
57426,Dead
57427,Alive
57428,Dead
57429,Alive
57430,Dead
57431,Alive
57432,Dead
57433,Alive
57434,Dead
57435,Alive
57436,Dead
57437,Alive
57438,Dead
57439,Alive
57440,Dead
57441,Alive
57442,Dead
57443,Alive
57444,Dead
57445,Alive
57446,Dead
57447,Alive
57448,Dead
57449,Alive
57450,Dead
57451,Alive
57452,Dead
57453,Alive
57454,Dead
57455,Alive
57456,Dead
57457,Alive
57458,Dead
57459,Alive
57460,Dead
57461,Alive
57462,Dead
57463,Alive
57464,Dead
57465,Alive
57466,Dead
57467,Alive
57468,Dead
57469,Alive
57470,Dead
57471,Alive
57472,Dead
57473,Alive
57474,Dead
57475,Alive
57476,Dead
57477,Alive
57478,Dead
57479,Alive
57480,Dead
57481,Alive
57482,Dead
57483,Alive
57484,Dead
57485,Alive
57486,Dead
57487,Alive
57488,Dead
57489,Alive
57490,Dead
57491,Alive
57492,Dead
57493,Alive
57494,Dead
57495,Alive
57496,Dead
57497,Alive
57498,Dead
57499,Alive
57500,Dead
57501,Alive
57502,Dead
57503,Alive
57504,Dead
57505,Alive
57506,Dead
57507,Alive
57508,Dead
57509,Alive
57510,Dead
57511,Alive
57512,Dead
57513,Alive
57514,Dead
57515,Alive
57516,Dead
57517,Alive
57518,Dead
57519,Alive
57520,Dead
57521,Alive
57522,Dead
57523,Alive
57524,Dead
57525,Alive
57526,Dead
57527,Alive
57528,Dead
57529,Alive
57530,Dead
57531,Alive
57532,Dead
57533,Alive
57534,Dead
57535,Alive
57536,Dead
57537,Alive
57538,Dead
57539,Alive
57540,Dead
57541,Alive
57542,Dead
57543,Alive
57544,Dead
57545,Alive
57546,Dead
57547,Alive
57548,Dead
57549,Alive
57550,Dead
57551,Alive
57552,Dead
57553,Alive
57554,Dead
57555,Alive
57556,Dead
57557,Alive
57558,Dead
57559,Alive
57560,Dead
57561,Alive
57562,Dead
57563,Alive
57564,Dead
57565,Alive
57566,Dead
57567,Alive
57568,Dead
57569,Alive
57570,Dead
57571,Alive
57572,Dead
57573,Alive
57574,Dead
57575,Alive
57576,Dead
57577,Alive
57578,Dead
57579,Alive
57580,Dead
57581,Alive
57582,Dead
57583,Alive
57584,Dead
57585,Alive
57586,Dead
57587,Alive
57588,Dead
57589,Alive
57590,Dead
57591,Alive
57592,Dead
57593,Alive
57594,Dead
57595,Alive
57596,Dead
57597,Alive
57598,Dead
57599,Alive
57600,Dead
57601,Alive
57602,Dead
57603,Alive
57604,Dead
57605,Alive
57606,Dead
57607,Alive
57608,Dead
57609,Alive
57610,Dead
57611,Alive
57612,Dead
57613,Alive
57614,Dead
57615,Alive
57616,Dead
57617,Alive
57618,Dead
57619,Alive
57620,Dead
57621,Alive
57622,Dead
57623,Alive
57624,Dead
57625,Alive
57626,Dead
57627,Alive
57628,Dead
57629,Alive
57630,Dead
57631,Alive
57632,Dead
57633,Alive
57634,Dead
57635,Alive
57636,Dead
57637,Alive
57638,Dead
57639,Alive
57640,Dead
57641,Alive
57642,Dead
57643,Alive
57644,Dead
57645,Alive
57646,Dead
57647,Alive
57648,Dead
57649,Alive
57650,Dead
57651,Alive
57652,Dead
57653,Alive
57654,Dead
57655,Alive
57656,Dead
57657,Alive
57658,Dead
57659,Alive
57660,Dead
57661,Alive
57662,Dead
57663,Alive
57664,Dead
57665,Alive
57666,Dead
57667,Alive
57668,Dead
57669,Alive
57670,Dead
57671,Alive
57672,Dead
57673,Alive
57674,Dead
57675,Alive
57676,Dead
57677,Alive
57678,Dead
57679,Alive
57680,Dead
57681,Alive
57682,Dead
57683,Alive
57684,Dead
57685,Alive
57686,Dead
57687,Alive
57688,Dead
57689,Alive
57690,Dead
57691,Alive
57692,Dead
57693,Alive
57694,Dead
57695,Alive
57696,Dead
57697,Alive
57698,Dead
57699,Alive
57700,Dead
57701,Alive
57702,Dead
57703,Alive
57704,Dead
57705,Alive
57706,Dead
57707,Alive
57708,Dead
57709,Alive
57710,Dead
57711,Alive
57712,Dead
57713,Alive
57714,Dead
57715,Alive
57716,Dead
57717,Alive
57718,Dead
57719,Alive
57720,Dead
57721,Alive
57722,Dead
57723,Alive
57724,Dead
57725,Alive
57726,Dead
57727,Alive
57728,Dead
57729,Alive
57730,Dead
57731,Alive
57732,Dead
57733,Alive
57734,Dead
57735,Alive
57736,Dead
57737,Alive
57738,Dead
57739,Alive
57740,Dead
57741,Alive
57742,Dead
57743,Alive
57744,Dead
57745,Alive
57746,Dead
57747,Alive
57748,Dead
57749,Alive
57750,Dead
57751,Alive
57752,Dead
57753,Alive
57754,Dead
57755,Alive
57756,Dead
57757,Alive
57758,Dead
57759,Alive
57760,Dead
57761,Alive
57762,Dead
57763,Alive
57764,Dead
57765,Alive
57766,Dead
57767,Alive
57768,Dead
57769,Alive
57770,Dead
57771,Alive
57772,Dead
57773,Alive
57774,Dead
57775,Alive
57776,Dead
57777,Alive
57778,Dead
57779,Alive
57780,Dead
57781,Alive
57782,Dead
57783,Alive
57784,Dead
57785,Alive
57786,Dead
57787,Alive
57788,Dead
57789,Alive
57790,Dead
57791,Alive
57792,Dead
57793,Alive
57794,Dead
57795,Alive
57796,Dead
57797,Alive
57798,Dead
57799,Alive
57800,Dead
57801,Alive
57802,Dead
57803,Alive
57804,Dead
57805,Alive
57806,Dead
57807,Alive
57808,Dead
57809,Alive
57810,Dead
57811,Alive
57812,Dead
57813,Alive
57814,Dead
57815,Alive
57816,Dead
57817,Alive
57818,Dead
57819,Alive
57820,Dead
57821,Alive
57822,Dead
57823,Alive
57824,Dead
57825,Alive
57826,Dead
57827,Alive
57828,Dead
57829,Alive
57830,Dead
57831,Alive
57832,Dead
57833,Alive
57834,Dead
57835,Alive
57836,Dead
57837,Alive
57838,Dead
57839,Alive
57840,Dead
57841,Alive
57842,Dead
57843,Alive
57844,Dead
57845,Alive
57846,Dead
57847,Alive
57848,Dead
57849,Alive
57850,Dead
57851,Alive
57852,Dead
57853,Alive
57854,Dead
57855,Alive
57856,Dead
57857,Alive
57858,Dead
57859,Alive
57860,Dead
57861,Alive
57862,Dead
57863,Alive
57864,Dead
57865,Alive
57866,Dead
57867,Alive
57868,Dead
57869,Alive
57870,Dead
57871,Alive
57872,Dead
57873,Alive
57874,Dead
57875,Alive
57876,Dead
57877,Alive
57878,Dead
57879,Alive
57880,Dead
57881,Alive
57882,Dead
57883,Alive
57884,Dead
57885,Alive
57886,Dead
57887,Alive
57888,Dead
57889,Alive
57890,Dead
57891,Alive
57892,Dead
57893,Alive
57894,Dead
57895,Alive
57896,Dead
57897,Alive
57898,Dead
57899,Alive
57900,Dead
57901,Alive
57902,Dead
57903,Alive
57904,Dead
57905,Alive
57906,Dead
57907,Alive
57908,Dead
57909,Alive
57910,Dead
57911,Alive
57912,Dead
57913,Alive
57914,Dead
57915,Alive
57916,Dead
57917,Alive
57918,Dead
57919,Alive
57920,Dead
57921,Alive
57922,Dead
57923,Alive
57924,Dead
57925,Alive
57926,Dead
57927,Alive
57928,Dead
57929,Alive
57930,Dead
57931,Alive
57932,Dead
57933,Alive
57934,Dead
57935,Alive
57936,Dead
57937,Alive
57938,Dead
57939,Alive
57940,Dead
57941,Alive
57942,Dead
57943,Alive
57944,Dead
57945,Alive
57946,Dead
57947,Alive
57948,Dead
57949,Alive
57950,Dead
57951,Alive
57952,Dead
57953,Alive
57954,Dead
57955,Alive
57956,Dead
57957,Alive
57958,Dead
57959,Alive
57960,Dead
57961,Alive
57962,Dead
57963,Alive
57964,Dead
57965,Alive
57966,Dead
57967,Alive
57968,Dead
57969,Alive
57970,Dead
57971,Alive
57972,Dead
57973,Alive
57974,Dead
57975,Alive
57976,Dead
57977,Alive
57978,Dead
57979,Alive
57980,Dead
57981,Alive
57982,Dead
57983,Alive
57984,Dead
57985,Alive
57986,Dead
57987,Alive
57988,Dead
57989,Alive
57990,Dead
57991,Alive
57992,Dead
57993,Alive
57994,Dead
57995,Alive
57996,Dead
57997,Alive
57998,Dead
57999,Alive
58000,Dead
58001,Alive
58002,Dead
58003,Alive
58004,Dead
58005,Alive
58006,Dead
58007,Alive
58008,Dead
58009,Alive
58010,Dead
58011,Alive
58012,Dead
58013,Alive
58014,Dead
58015,Alive
58016,Dead
58017,Alive
58018,Dead
58019,Alive
58020,Dead
58021,Alive
58022,Dead
58023,Alive
58024,Dead
58025,Alive
58026,Dead
58027,Alive
58028,Dead
58029,Alive
58030,Dead
58031,Alive
58032,Dead
58033,Alive
58034,Dead
58035,Alive
58036,Dead
58037,Alive
58038,Dead
58039,Alive
58040,Dead
58041,Alive
58042,Dead
58043,Alive
58044,Dead
58045,Alive
58046,Dead
58047,Alive
58048,Dead
58049,Alive
58050,Dead
58051,Alive
58052,Dead
58053,Alive
58054,Dead
58055,Alive
58056,Dead
58057,Alive
58058,Dead
58059,Alive
58060,Dead
58061,Alive
58062,Dead
58063,Alive
58064,Dead
58065,Alive
58066,Dead
58067,Alive
58068,Dead
58069,Alive
58070,Dead
58071,Alive
58072,Dead
58073,Alive
58074,Dead
58075,Alive
58076,Dead
58077,Alive
58078,Dead
58079,Alive
58080,Dead
58081,Alive
58082,Dead
58083,Alive
58084,Dead
58085,Alive
58086,Dead
58087,Alive
58088,Dead
58089,Alive
58090,Dead
58091,Alive
58092,Dead
58093,Alive
58094,Dead
58095,Alive
58096,Dead
58097,Alive
58098,Dead
58099,Alive
58100,Dead
58101,Alive
58102,Dead
58103,Alive
58104,Dead
58105,Alive
58106,Dead
58107,Alive
58108,Dead
58109,Alive
58110,Dead
58111,Alive
58112,Dead
58113,Alive
58114,Dead
58115,Alive
58116,Dead
58117,Alive
58118,Dead
58119,Alive
58120,Dead
58121,Alive
58122,Dead
58123,Alive
58124,Dead
58125,Alive
58126,Dead
58127,Alive
58128,Dead
58129,Alive
58130,Dead
58131,Alive
58132,Dead
58133,Alive
58134,Dead
58135,Alive
58136,Dead
58137,Alive
58138,Dead
58139,Alive
58140,Dead
58141,Alive
58142,Dead
58143,Alive
58144,Dead
58145,Alive
58146,Dead
58147,Alive
58148,Dead
58149,Alive
58150,Dead
58151,Alive
58152,Dead
58153,Alive
58154,Dead
58155,Alive
58156,Dead
58157,Alive
58158,Dead
58159,Alive
58160,Dead
58161,Alive
58162,Dead
58163,Alive
58164,Dead
58165,Alive
58166,Dead
58167,Alive
58168,Dead
58169,Alive
58170,Dead
58171,Alive
58172,Dead
58173,Alive
58174,Dead
58175,Alive
58176,Dead
58177,Alive
58178,Dead
58179,Alive
58180,Dead
58181,Alive
58182,Dead
58183,Alive
58184,Dead
58185,Alive
58186,Dead
58187,Alive
58188,Dead
58189,Alive
58190,Dead
58191,Alive
58192,Dead
58193,Alive
58194,Dead
58195,Alive
58196,Dead
58197,Alive
58198,Dead
58199,Alive
58200,Dead
58201,Alive
58202,Dead
58203,Alive
58204,Dead
58205,Alive
58206,Dead
58207,Alive
58208,Dead
58209,Alive
58210,Dead
58211,Alive
58212,Dead
58213,Alive
58214,Dead
58215,Alive
58216,Dead
58217,Alive
58218,Dead
58219,Alive
58220,Dead
58221,Alive
58222,Dead
58223,Alive
58224,Dead
58225,Alive
58226,Dead
58227,Alive
58228,Dead
58229,Alive
58230,Dead
58231,Alive
58232,Dead
58233,Alive
58234,Dead
58235,Alive
58236,Dead
58237,Alive
58238,Dead
58239,Alive
58240,Dead
58241,Alive
58242,Dead
58243,Alive
58244,Dead
58245,Alive
58246,Dead
58247,Alive
58248,Dead
58249,Alive
58250,Dead
58251,Alive
58252,Dead
58253,Alive
58254,Dead
58255,Alive
58256,Dead
58257,Alive
58258,Dead
58259,Alive
58260,Dead
58261,Alive
58262,Dead
58263,Alive
58264,Dead
58265,Alive
58266,Dead
58267,Alive
58268,Dead
58269,Alive
58270,Dead
58271,Alive
58272,Dead
58273,Alive
58274,Dead
58275,Alive
58276,Dead
58277,Alive
58278,Dead
58279,Alive
58280,Dead
58281,Alive
58282,Dead
58283,Alive
58284,Dead
58285,Alive
58286,Dead
58287,Alive
58288,Dead
58289,Alive
58290,Dead
58291,Alive
58292,Dead
58293,Alive
58294,Dead
58295,Alive
58296,Dead
58297,Alive
58298,Dead
58299,Alive
58300,Dead
58301,Alive
58302,Dead
58303,Alive
58304,Dead
58305,Alive
58306,Dead
58307,Alive
58308,Dead
58309,Alive
58310,Dead
58311,Alive
58312,Dead
58313,Alive
58314,Dead
58315,Alive
58316,Dead
58317,Alive
58318,Dead
58319,Alive
58320,Dead
58321,Alive
58322,Dead
58323,Alive
58324,Dead
58325,Alive
58326,Dead
58327,Alive
58328,Dead
58329,Alive
58330,Dead
58331,Alive
58332,Dead
58333,Alive
58334,Dead
58335,Alive
58336,Dead
58337,Alive
58338,Dead
58339,Alive
58340,Dead
58341,Alive
58342,Dead
58343,Alive
58344,Dead
58345,Alive
58346,Dead
58347,Alive
58348,Dead
58349,Alive
58350,Dead
58351,Alive
58352,Dead
58353,Alive
58354,Dead
58355,Alive
58356,Dead
58357,Alive
58358,Dead
58359,Alive
58360,Dead
58361,Alive
58362,Dead
58363,Alive
58364,Dead
58365,Alive
58366,Dead
58367,Alive
58368,Dead
58369,Alive
58370,Dead
58371,Alive
58372,Dead
58373,Alive
58374,Dead
58375,Alive
58376,Dead
58377,Alive
58378,Dead
58379,Alive
58380,Dead
58381,Alive
58382,Dead
58383,Alive
58384,Dead
58385,Alive
58386,Dead
58387,Alive
58388,Dead
58389,Alive
58390,Dead
58391,Alive
58392,Dead
58393,Alive
58394,Dead
58395,Alive
58396,Dead
58397,Alive
58398,Dead
58399,Alive
58400,Dead
58401,Alive
58402,Dead
58403,Alive
58404,Dead
58405,Alive
58406,Dead
58407,Alive
58408,Dead
58409,Alive
58410,Dead
58411,Alive
58412,Dead
58413,Alive
58414,Dead
58415,Alive
58416,Dead
58417,Alive
58418,Dead
58419,Alive
58420,Dead
58421,Alive
58422,Dead
58423,Alive
58424,Dead
58425,Alive
58426,Dead
58427,Alive
58428,Dead
58429,Alive
58430,Dead
58431,Alive
58432,Dead
58433,Alive
58434,Dead
58435,Alive
58436,Dead
58437,Alive
58438,Dead
58439,Alive
58440,Dead
58441,Alive
58442,Dead
58443,Alive
58444,Dead
58445,Alive
58446,Dead
58447,Alive
58448,Dead
58449,Alive
58450,Dead
58451,Alive
58452,Dead
58453,Alive
58454,Dead
58455,Alive
58456,Dead
58457,Alive
58458,Dead
58459,Alive
58460,Dead
58461,Alive
58462,Dead
58463,Alive
58464,Dead
58465,Alive
58466,Dead
58467,Alive
58468,Dead
58469,Alive
58470,Dead
58471,Alive
58472,Dead
58473,Alive
58474,Dead
58475,Alive
58476,Dead
58477,Alive
58478,Dead
58479,Alive
58480,Dead
58481,Alive
58482,Dead
58483,Alive
58484,Dead
58485,Alive
58486,Dead
58487,Alive
58488,Dead
58489,Alive
58490,Dead
58491,Alive
58492,Dead
58493,Alive
58494,Dead
58495,Alive
58496,Dead
58497,Alive
58498,Dead
58499,Alive
58500,Dead
58501,Alive
58502,Dead
58503,Alive
58504,Dead
58505,Alive
58506,Dead
58507,Alive
58508,Dead
58509,Alive
58510,Dead
58511,Alive
58512,Dead
58513,Alive
58514,Dead
58515,Alive
58516,Dead
58517,Alive
58518,Dead
58519,Alive
58520,Dead
58521,Alive
58522,Dead
58523,Alive
58524,Dead
58525,Alive
58526,Dead
58527,Alive
58528,Dead
58529,Alive
58530,Dead
58531,Alive
58532,Dead
58533,Alive
58534,Dead
58535,Alive
58536,Dead
58537,Alive
58538,Dead
58539,Alive
58540,Dead
58541,Alive
58542,Dead
58543,Alive
58544,Dead
58545,Alive
58546,Dead
58547,Alive
58548,Dead
58549,Alive
58550,Dead
58551,Alive
58552,Dead
58553,Alive
58554,Dead
58555,Alive
58556,Dead
58557,Alive
58558,Dead
58559,Alive
58560,Dead
58561,Alive
58562,Dead
58563,Alive
58564,Dead
58565,Alive
58566,Dead
58567,Alive
58568,Dead
58569,Alive
58570,Dead
58571,Alive
58572,Dead
58573,Alive
58574,Dead
58575,Alive
58576,Dead
58577,Alive
58578,Dead
58579,Alive
58580,Dead
58581,Alive
58582,Dead
58583,Alive
58584,Dead
58585,Alive
58586,Dead
58587,Alive
58588,Dead
58589,Alive
58590,Dead
58591,Alive
58592,Dead
58593,Alive
58594,Dead
58595,Alive
58596,Dead
58597,Alive
58598,Dead
58599,Alive
58600,Dead
58601,Alive
58602,Dead
58603,Alive
58604,Dead
58605,Alive
58606,Dead
58607,Alive
58608,Dead
58609,Alive
58610,Dead
58611,Alive
58612,Dead
58613,Alive
58614,Dead
58615,Alive
58616,Dead
58617,Alive
58618,Dead
58619,Alive
58620,Dead
58621,Alive
58622,Dead
58623,Alive
58624,Dead
58625,Alive
58626,Dead
58627,Alive
58628,Dead
58629,Alive
58630,Dead
58631,Alive
58632,Dead
58633,Alive
58634,Dead
58635,Alive
58636,Dead
58637,Alive
58638,Dead
58639,Alive
58640,Dead
58641,Alive
58642,Dead
58643,Alive
58644,Dead
58645,Alive
58646,Dead
58647,Alive
58648,Dead
58649,Alive
58650,Dead
58651,Alive
58652,Dead
58653,Alive
58654,Dead
58655,Alive
58656,Dead
58657,Alive
58658,Dead
58659,Alive
58660,Dead
58661,Alive
58662,Dead
58663,Alive
58664,Dead
58665,Alive
58666,Dead
58667,Alive
58668,Dead
58669,Alive
58670,Dead
58671,Alive
58672,Dead
58673,Alive
58674,Dead
58675,Alive
58676,Dead
58677,Alive
58678,Dead
58679,Alive
58680,Dead
58681,Alive
58682,Dead
58683,Alive
58684,Dead
58685,Alive
58686,Dead
58687,Alive
58688,Dead
58689,Alive
58690,Dead
58691,Alive
58692,Dead
58693,Alive
58694,Dead
58695,Alive
58696,Dead
58697,Alive
58698,Dead
58699,Alive
58700,Dead
58701,Alive
58702,Dead
58703,Alive
58704,Dead
58705,Alive
58706,Dead
58707,Alive
58708,Dead
58709,Alive
58710,Dead
58711,Alive
58712,Dead
58713,Alive
58714,Dead
58715,Alive
58716,Dead
58717,Alive
58718,Dead
58719,Alive
58720,Dead
58721,Alive
58722,Dead
58723,Alive
58724,Dead
58725,Alive
58726,Dead
58727,Alive
58728,Dead
58729,Alive
58730,Dead
58731,Alive
58732,Dead
58733,Alive
58734,Dead
58735,Alive
58736,Dead
58737,Alive
58738,Dead
58739,Alive
58740,Dead
58741,Alive
58742,Dead
58743,Alive
58744,Dead
58745,Alive
58746,Dead
58747,Alive
58748,Dead
58749,Alive
58750,Dead
58751,Alive
58752,Dead
58753,Alive
58754,Dead
58755,Alive
58756,Dead
58757,Alive
58758,Dead
58759,Alive
58760,Dead
58761,Alive
58762,Dead
58763,Alive
58764,Dead
58765,Alive
58766,Dead
58767,Alive
58768,Dead
58769,Alive
58770,Dead
58771,Alive
58772,Dead
58773,Alive
58774,Dead
58775,Alive
58776,Dead
58777,Alive
58778,Dead
58779,Alive
58780,Dead
58781,Alive
58782,Dead
58783,Alive
58784,Dead
58785,Alive
58786,Dead
58787,Alive
58788,Dead
58789,Alive
58790,Dead
58791,Alive
58792,Dead
58793,Alive
58794,Dead
58795,Alive
58796,Dead
58797,Alive
58798,Dead
58799,Alive
58800,Dead
58801,Alive
58802,Dead
58803,Alive
58804,Dead
58805,Alive
58806,Dead
58807,Alive
58808,Dead
58809,Alive
58810,Dead
58811,Alive
58812,Dead
58813,Alive
58814,Dead
58815,Alive
58816,Dead
58817,Alive
58818,Dead
58819,Alive
58820,Dead
58821,Alive
58822,Dead
58823,Alive
58824,Dead
58825,Alive
58826,Dead
58827,Alive
58828,Dead
58829,Alive
58830,Dead
58831,Alive
58832,Dead
58833,Alive
58834,Dead
58835,Alive
58836,Dead
58837,Alive
58838,Dead
58839,Alive
58840,Dead
58841,Alive
58842,Dead
58843,Alive
58844,Dead
58845,Alive
58846,Dead
58847,Alive
58848,Dead
58849,Alive
58850,Dead
58851,Alive
58852,Dead
58853,Alive
58854,Dead
58855,Alive
58856,Dead
58857,Alive
58858,Dead
58859,Alive
58860,Dead
58861,Alive
58862,Dead
58863,Alive
58864,Dead
58865,Alive
58866,Dead
58867,Alive
58868,Dead
58869,Alive
58870,Dead
58871,Alive
58872,Dead
58873,Alive
58874,Dead
58875,Alive
58876,Dead
58877,Alive
58878,Dead
58879,Alive
58880,Dead
58881,Alive
58882,Dead
58883,Alive
58884,Dead
58885,Alive
58886,Dead
58887,Alive
58888,Dead
58889,Alive
58890,Dead
58891,Alive
58892,Dead
58893,Alive
58894,Dead
58895,Alive
58896,Dead
58897,Alive
58898,Dead
58899,Alive
58900,Dead
58901,Alive
58902,Dead
58903,Alive
58904,Dead
58905,Alive
58906,Dead
58907,Alive
58908,Dead
58909,Alive
58910,Dead
58911,Alive
58912,Dead
58913,Alive
58914,Dead
58915,Alive
58916,Dead
58917,Alive
58918,Dead
58919,Alive
58920,Dead
58921,Alive
58922,Dead
58923,Alive
58924,Dead
58925,Alive
58926,Dead
58927,Alive
58928,Dead
58929,Alive
58930,Dead
58931,Alive
58932,Dead
58933,Alive
58934,Dead
58935,Alive
58936,Dead
58937,Alive
58938,Dead
58939,Alive
58940,Dead
58941,Alive
58942,Dead
58943,Alive
58944,Dead
58945,Alive
58946,Dead
58947,Alive
58948,Dead
58949,Alive
58950,Dead
58951,Alive
58952,Dead
58953,Alive
58954,Dead
58955,Alive
58956,Dead
58957,Alive
58958,Dead
58959,Alive
58960,Dead
58961,Alive
58962,Dead
58963,Alive
58964,Dead
58965,Alive
58966,Dead
58967,Alive
58968,Dead
58969,Alive
58970,Dead
58971,Alive
58972,Dead
58973,Alive
58974,Dead
58975,Alive
58976,Dead
58977,Alive
58978,Dead
58979,Alive
58980,Dead
58981,Alive
58982,Dead
58983,Alive
58984,Dead
58985,Alive
58986,Dead
58987,Alive
58988,Dead
58989,Alive
58990,Dead
58991,Alive
58992,Dead
58993,Alive
58994,Dead
58995,Alive
58996,Dead
58997,Alive
58998,Dead
58999,Alive
59000,Dead
59001,Alive
59002,Dead
59003,Alive
59004,Dead
59005,Alive
59006,Dead
59007,Alive
59008,Dead
59009,Alive
59010,Dead
59011,Alive
59012,Dead
59013,Alive
59014,Dead
59015,Alive
59016,Dead
59017,Alive
59018,Dead
59019,Alive
59020,Dead
59021,Alive
59022,Dead
59023,Alive
59024,Dead
59025,Alive
59026,Dead
59027,Alive
59028,Dead
59029,Alive
59030,Dead
59031,Alive
59032,Dead
59033,Alive
59034,Dead
59035,Alive
59036,Dead
59037,Alive
59038,Dead
59039,Alive
59040,Dead
59041,Alive
59042,Dead
59043,Alive
59044,Dead
59045,Alive
59046,Dead
59047,Alive
59048,Dead
59049,Alive
59050,Dead
59051,Alive
59052,Dead
59053,Alive
59054,Dead
59055,Alive
59056,Dead
59057,Alive
59058,Dead
59059,Alive
59060,Dead
59061,Alive
59062,Dead
59063,Alive
59064,Dead
59065,Alive
59066,Dead
59067,Alive
59068,Dead
59069,Alive
59070,Dead
59071,Alive
59072,Dead
59073,Alive
59074,Dead
59075,Alive
59076,Dead
59077,Alive
59078,Dead
59079,Alive
59080,Dead
59081,Alive
59082,Dead
59083,Alive
59084,Dead
59085,Alive
59086,Dead
59087,Alive
59088,Dead
59089,Alive
59090,Dead
59091,Alive
59092,Dead
59093,Alive
59094,Dead
59095,Alive
59096,Dead
59097,Alive
59098,Dead
59099,Alive
59100,Dead
59101,Alive
59102,Dead
59103,Alive
59104,Dead
59105,Alive
59106,Dead
59107,Alive
59108,Dead
59109,Alive
59110,Dead
59111,Alive
59112,Dead
59113,Alive
59114,Dead
59115,Alive
59116,Dead
59117,Alive
59118,Dead
59119,Alive
59120,Dead
59121,Alive
59122,Dead
59123,Alive
59124,Dead
59125,Alive
59126,Dead
59127,Alive
59128,Dead
59129,Alive
59130,Dead
59131,Alive
59132,Dead
59133,Alive
59134,Dead
59135,Alive
59136,Dead
59137,Alive
59138,Dead
59139,Alive
59140,Dead
59141,Alive
59142,Dead
59143,Alive
59144,Dead
59145,Alive
59146,Dead
59147,Alive
59148,Dead
59149,Alive
59150,Dead
59151,Alive
59152,Dead
59153,Alive
59154,Dead
59155,Alive
59156,Dead
59157,Alive
59158,Dead
59159,Alive
59160,Dead
59161,Alive
59162,Dead
59163,Alive
59164,Dead
59165,Alive
59166,Dead
59167,Alive
59168,Dead
59169,Alive
59170,Dead
59171,Alive
59172,Dead
59173,Alive
59174,Dead
59175,Alive
59176,Dead
59177,Alive
59178,Dead
59179,Alive
59180,Dead
59181,Alive
59182,Dead
59183,Alive
59184,Dead
59185,Alive
59186,Dead
59187,Alive
59188,Dead
59189,Alive
59190,Dead
59191,Alive
59192,Dead
59193,Alive
59194,Dead
59195,Alive
59196,Dead
59197,Alive
59198,Dead
59199,Alive
59200,Dead
59201,Alive
59202,Dead
59203,Alive
59204,Dead
59205,Alive
59206,Dead
59207,Alive
59208,Dead
59209,Alive
59210,Dead
59211,Alive
59212,Dead
59213,Alive
59214,Dead
59215,Alive
59216,Dead
59217,Alive
59218,Dead
59219,Alive
59220,Dead
59221,Alive
59222,Dead
59223,Alive
59224,Dead
59225,Alive
59226,Dead
59227,Alive
59228,Dead
59229,Alive
59230,Dead
59231,Alive
59232,Dead
59233,Alive
59234,Dead
59235,Alive
59236,Dead
59237,Alive
59238,Dead
59239,Alive
59240,Dead
59241,Alive
59242,Dead
59243,Alive
59244,Dead
59245,Alive
59246,Dead
59247,Alive
59248,Dead
59249,Alive
59250,Dead
59251,Alive
59252,Dead
59253,Alive
59254,Dead
59255,Alive
59256,Dead
59257,Alive
59258,Dead
59259,Alive
59260,Dead
59261,Alive
59262,Dead
59263,Alive
59264,Dead
59265,Alive
59266,Dead
59267,Alive
59268,Dead
59269,Alive
59270,Dead
59271,Alive
59272,Dead
59273,Alive
59274,Dead
59275,Alive
59276,Dead
59277,Alive
59278,Dead
59279,Alive
59280,Dead
59281,Alive
59282,Dead
59283,Alive
59284,Dead
59285,Alive
59286,Dead
59287,Alive
59288,Dead
59289,Alive
59290,Dead
59291,Alive
59292,Dead
59293,Alive
59294,Dead
59295,Alive
59296,Dead
59297,Alive
59298,Dead
59299,Alive
59300,Dead
59301,Alive
59302,Dead
59303,Alive
59304,Dead
59305,Alive
59306,Dead
59307,Alive
59308,Dead
59309,Alive
59310,Dead
59311,Alive
59312,Dead
59313,Alive
59314,Dead
59315,Alive
59316,Dead
59317,Alive
59318,Dead
59319,Alive
59320,Dead
59321,Alive
59322,Dead
59323,Alive
59324,Dead
59325,Alive
59326,Dead
59327,Alive
59328,Dead
59329,Alive
59330,Dead
59331,Alive
59332,Dead
59333,Alive
59334,Dead
59335,Alive
59336,Dead
59337,Alive
59338,Dead
59339,Alive
59340,Dead
59341,Alive
59342,Dead
59343,Alive
59344,Dead
59345,Alive
59346,Dead
59347,Alive
59348,Dead
59349,Alive
59350,Dead
59351,Alive
59352,Dead
59353,Alive
59354,Dead
59355,Alive
59356,Dead
59357,Alive
59358,Dead
59359,Alive
59360,Dead
59361,Alive
59362,Dead
59363,Alive
59364,Dead
59365,Alive
59366,Dead
59367,Alive
59368,Dead
59369,Alive
59370,Dead
59371,Alive
59372,Dead
59373,Alive
59374,Dead
59375,Alive
59376,Dead
59377,Alive
59378,Dead
59379,Alive
59380,Dead
59381,Alive
59382,Dead
59383,Alive
59384,Dead
59385,Alive
59386,Dead
59387,Alive
59388,Dead
59389,Alive
59390,Dead
59391,Alive
59392,Dead
59393,Alive
59394,Dead
59395,Alive
59396,Dead
59397,Alive
59398,Dead
59399,Alive
59400,Dead
59401,Alive
59402,Dead
59403,Alive
59404,Dead
59405,Alive
59406,Dead
59407,Alive
59408,Dead
59409,Alive
59410,Dead
59411,Alive
59412,Dead
59413,Alive
59414,Dead
59415,Alive
59416,Dead
59417,Alive
59418,Dead
59419,Alive
59420,Dead
59421,Alive
59422,Dead
59423,Alive
59424,Dead
59425,Alive
59426,Dead
59427,Alive
59428,Dead
59429,Alive
59430,Dead
59431,Alive
59432,Dead
59433,Alive
59434,Dead
59435,Alive
59436,Dead
59437,Alive
59438,Dead
59439,Alive
59440,Dead
59441,Alive
59442,Dead
59443,Alive
59444,Dead
59445,Alive
59446,Dead
59447,Alive
59448,Dead
59449,Alive
59450,Dead
59451,Alive
59452,Dead
59453,Alive
59454,Dead
59455,Alive
59456,Dead
59457,Alive
59458,Dead
59459,Alive
59460,Dead
59461,Alive
59462,Dead
59463,Alive
59464,Dead
59465,Alive
59466,Dead
59467,Alive
59468,Dead
59469,Alive
59470,Dead
59471,Alive
59472,Dead
59473,Alive
59474,Dead
59475,Alive
59476,Dead
59477,Alive
59478,Dead
59479,Alive
59480,Dead
59481,Alive
59482,Dead
59483,Alive
59484,Dead
59485,Alive
59486,Dead
59487,Alive
59488,Dead
59489,Alive
59490,Dead
59491,Alive
59492,Dead
59493,Alive
59494,Dead
59495,Alive
59496,Dead
59497,Alive
59498,Dead
59499,Alive
59500,Dead
59501,Alive
59502,Dead
59503,Alive
59504,Dead
59505,Alive
59506,Dead
59507,Alive
59508,Dead
59509,Alive
59510,Dead
59511,Alive
59512,Dead
59513,Alive
59514,Dead
59515,Alive
59516,Dead
59517,Alive
59518,Dead
59519,Alive
59520,Dead
59521,Alive
59522,Dead
59523,Alive
59524,Dead
59525,Alive
59526,Dead
59527,Alive
59528,Dead
59529,Alive
59530,Dead
59531,Alive
59532,Dead
59533,Alive
59534,Dead
59535,Alive
59536,Dead
59537,Alive
59538,Dead
59539,Alive
59540,Dead
59541,Alive
59542,Dead
59543,Alive
59544,Dead
59545,Alive
59546,Dead
59547,Alive
59548,Dead
59549,Alive
59550,Dead
59551,Alive
59552,Dead
59553,Alive
59554,Dead
59555,Alive
59556,Dead
59557,Alive
59558,Dead
59559,Alive
59560,Dead
59561,Alive
59562,Dead
59563,Alive
59564,Dead
59565,Alive
59566,Dead
59567,Alive
59568,Dead
59569,Alive
59570,Dead
59571,Alive
59572,Dead
59573,Alive
59574,Dead
59575,Alive
59576,Dead
59577,Alive
59578,Dead
59579,Alive
59580,Dead
59581,Alive
59582,Dead
59583,Alive
59584,Dead
59585,Alive
59586,Dead
59587,Alive
59588,Dead
59589,Alive
59590,Dead
59591,Alive
59592,Dead
59593,Alive
59594,Dead
59595,Alive
59596,Dead
59597,Alive
59598,Dead
59599,Alive
59600,Dead
59601,Alive
59602,Dead
59603,Alive
59604,Dead
59605,Alive
59606,Dead
59607,Alive
59608,Dead
59609,Alive
59610,Dead
59611,Alive
59612,Dead
59613,Alive
59614,Dead
59615,Alive
59616,Dead
59617,Alive
59618,Dead
59619,Alive
59620,Dead
59621,Alive
59622,Dead
59623,Alive
59624,Dead
59625,Alive
59626,Dead
59627,Alive
59628,Dead
59629,Alive
59630,Dead
59631,Alive
59632,Dead
59633,Alive
59634,Dead
59635,Alive
59636,Dead
59637,Alive
59638,Dead
59639,Alive
59640,Dead
59641,Alive
59642,Dead
59643,Alive
59644,Dead
59645,Alive
59646,Dead
59647,Alive
59648,Dead
59649,Alive
59650,Dead
59651,Alive
59652,Dead
59653,Alive
59654,Dead
59655,Alive
59656,Dead
59657,Alive
59658,Dead
59659,Alive
59660,Dead
59661,Alive
59662,Dead
59663,Alive
59664,Dead
59665,Alive
59666,Dead
59667,Alive
59668,Dead
59669,Alive
59670,Dead
59671,Alive
59672,Dead
59673,Alive
59674,Dead
59675,Alive
59676,Dead
59677,Alive
59678,Dead
59679,Alive
59680,Dead
59681,Alive
59682,Dead
59683,Alive
59684,Dead
59685,Alive
59686,Dead
59687,Alive
59688,Dead
59689,Alive
59690,Dead
59691,Alive
59692,Dead
59693,Alive
59694,Dead
59695,Alive
59696,Dead
59697,Alive
59698,Dead
59699,Alive
59700,Dead
59701,Alive
59702,Dead
59703,Alive
59704,Dead
59705,Alive
59706,Dead
59707,Alive
59708,Dead
59709,Alive
59710,Dead
59711,Alive
59712,Dead
59713,Alive
59714,Dead
59715,Alive
59716,Dead
59717,Alive
59718,Dead
59719,Alive
59720,Dead
59721,Alive
59722,Dead
59723,Alive
59724,Dead
59725,Alive
59726,Dead
59727,Alive
59728,Dead
59729,Alive
59730,Dead
59731,Alive
59732,Dead
59733,Alive
59734,Dead
59735,Alive
59736,Dead
59737,Alive
59738,Dead
59739,Alive
59740,Dead
59741,Alive
59742,Dead
59743,Alive
59744,Dead
59745,Alive
59746,Dead
59747,Alive
59748,Dead
59749,Alive
59750,Dead
59751,Alive
59752,Dead
59753,Alive
59754,Dead
59755,Alive
59756,Dead
59757,Alive
59758,Dead
59759,Alive
59760,Dead
59761,Alive
59762,Dead
59763,Alive
59764,Dead
59765,Alive
59766,Dead
59767,Alive
59768,Dead
59769,Alive
59770,Dead
59771,Alive
59772,Dead
59773,Alive
59774,Dead
59775,Alive
59776,Dead
59777,Alive
59778,Dead
59779,Alive
59780,Dead
59781,Alive
59782,Dead
59783,Alive
59784,Dead
59785,Alive
59786,Dead
59787,Alive
59788,Dead
59789,Alive
59790,Dead
59791,Alive
59792,Dead
59793,Alive
59794,Dead
59795,Alive
59796,Dead
59797,Alive
59798,Dead
59799,Alive
59800,Dead
59801,Alive
59802,Dead
59803,Alive
59804,Dead
59805,Alive
59806,Dead
59807,Alive
59808,Dead
59809,Alive
59810,Dead
59811,Alive
59812,Dead
59813,Alive
59814,Dead
59815,Alive
59816,Dead
59817,Alive
59818,Dead
59819,Alive
59820,Dead
59821,Alive
59822,Dead
59823,Alive
59824,Dead
59825,Alive
59826,Dead
59827,Alive
59828,Dead
59829,Alive
59830,Dead
59831,Alive
59832,Dead
59833,Alive
59834,Dead
59835,Alive
59836,Dead
59837,Alive
59838,Dead
59839,Alive
59840,Dead
59841,Alive
59842,Dead
59843,Alive
59844,Dead
59845,Alive
59846,Dead
59847,Alive
59848,Dead
59849,Alive
59850,Dead
59851,Alive
59852,Dead
59853,Alive
59854,Dead
59855,Alive
59856,Dead
59857,Alive
59858,Dead
59859,Alive
59860,Dead
59861,Alive
59862,Dead
59863,Alive
59864,Dead
59865,Alive
59866,Dead
59867,Alive
59868,Dead
59869,Alive
59870,Dead
59871,Alive
59872,Dead
59873,Alive
59874,Dead
59875,Alive
59876,Dead
59877,Alive
59878,Dead
59879,Alive
59880,Dead
59881,Alive
59882,Dead
59883,Alive
59884,Dead
59885,Alive
59886,Dead
59887,Alive
59888,Dead
59889,Alive
59890,Dead
59891,Alive
59892,Dead
59893,Alive
59894,Dead
59895,Alive
59896,Dead
59897,Alive
59898,Dead
59899,Alive
59900,Dead
59901,Alive
59902,Dead
59903,Alive
59904,Dead
59905,Alive
59906,Dead
59907,Alive
59908,Dead
59909,Alive
59910,Dead
59911,Alive
59912,Dead
59913,Alive
59914,Dead
59915,Alive
59916,Dead
59917,Alive
59918,Dead
59919,Alive
59920,Dead
59921,Alive
59922,Dead
59923,Alive
59924,Dead
59925,Alive
59926,Dead
59927,Alive
59928,Dead
59929,Alive
59930,Dead
59931,Alive
59932,Dead
59933,Alive
59934,Dead
59935,Alive
59936,Dead
59937,Alive
59938,Dead
59939,Alive
59940,Dead
59941,Alive
59942,Dead
59943,Alive
59944,Dead
59945,Alive
59946,Dead
59947,Alive
59948,Dead
59949,Alive
59950,Dead
59951,Alive
59952,Dead
59953,Alive
59954,Dead
59955,Alive
59956,Dead
59957,Alive
59958,Dead
59959,Alive
59960,Dead
59961,Alive
59962,Dead
59963,Alive
59964,Dead
59965,Alive
59966,Dead
59967,Alive
59968,Dead
59969,Alive
59970,Dead
59971,Alive
59972,Dead
59973,Alive
59974,Dead
59975,Alive
59976,Dead
59977,Alive
59978,Dead
59979,Alive
59980,Dead
59981,Alive
59982,Dead
59983,Alive
59984,Dead
59985,Alive
59986,Dead
59987,Alive
59988,Dead
59989,Alive
59990,Dead
59991,Alive
59992,Dead
59993,Alive
59994,Dead
59995,Alive
59996,Dead
59997,Alive
59998,Dead
59999,Alive
60000,Dead
